C35470: Behavioral Disorder,,1,0,0,"C35074: Tobacco Use Disorder	C35029: Socialized Conduct Disorder	C99753: Disruptive Behavior Disorder	C2958: Communication Disorder	C35091: Undersocialized Conduct Disorder, Aggressive Type	C5041: Speech Disorder	C35470: Behavioral Disorder",disorder
C35046: Substance Withdrawal Syndrome	C34868: Organic Brain Syndrome,,2,0,0,C35046: Substance Withdrawal Syndrome	C34868: Organic Brain Syndrome	C87101: Neonatal Abstinence Syndrome	C98998: Opiate Withdrawal Syndrome	C34869: Organic Delusional Syndrome	C34871: Organic Affective Syndrome	C34872: Organic Personality Syndrome	C99255: Neonatal Opiate Withdrawal Syndrome,syndrome
C35046: Substance Withdrawal Syndrome,C41341: Withdrawal,1,1,0,C35046: Substance Withdrawal Syndrome	C98998: Opiate Withdrawal Syndrome	C99255: Neonatal Opiate Withdrawal Syndrome,withdraw,syndrome
C35470: Behavioral Disorder,,1,0,0,"C35029: Socialized Conduct Disorder	C99753: Disruptive Behavior Disorder	C35091: Undersocialized Conduct Disorder, Aggressive Type	C35791: Passive-Aggressive Behavior	C35470: Behavioral Disorder",behavior
C101321: Neonatal Drug Withdrawal	C103170: Postnatal Drug Withdrawal	C103183: In Utero Drug Withdrawal	C99258: Perinatal Drug Withdrawal,C41341: Withdrawal,4,1,0,C101321: Neonatal Drug Withdrawal	C103170: Postnatal Drug Withdrawal	C103183: In Utero Drug Withdrawal	C99258: Perinatal Drug Withdrawal,medication,withdraw
C7698: Nicotine Withdrawal	C54203: Nicotine Dependence,,2,0,0,C7698: Nicotine Withdrawal	C54203: Nicotine Dependence,nicotine
"C35074: Tobacco Use Disorder	C35386: Cannabis Dependence, Continuous Use	C35387: Cannabis Dependence, Episodic Use	C35388: Cocaine Dependence, Continuous Use	C35389: Cocaine Dependence, Episodic Use	C35384: Hallucinogen Dependence, Continuous Use	C35385: Hallucinogen Dependence, Episodic Use",,7,0,0,"C35074: Tobacco Use Disorder	C35386: Cannabis Dependence, Continuous Use	C35387: Cannabis Dependence, Episodic Use	C35388: Cocaine Dependence, Continuous Use	C35389: Cocaine Dependence, Episodic Use	C35384: Hallucinogen Dependence, Continuous Use	C35385: Hallucinogen Dependence, Episodic Use",use
C35074: Tobacco Use Disorder,,1,0,0,C35074: Tobacco Use Disorder	C96220: Tobacco Induced Hyperparakeratosis	C27773: Tobacco Chewing-Related Carcinoma,tobacco
C27927: Alcohol-Related Carcinoma,,1,0,1,C27927: Alcohol-Related Carcinoma	C27924: Alcohol-Related Hepatocellular Carcinoma	C27928: Alcohol-Related Esophageal Squamous Cell Carcinoma	C27929: Alcohol-Related Laryngeal Carcinoma,alcohol relate
C101321: Neonatal Drug Withdrawal	C87101: Neonatal Abstinence Syndrome	C99255: Neonatal Opiate Withdrawal Syndrome,,3,0,0,C101321: Neonatal Drug Withdrawal	C87101: Neonatal Abstinence Syndrome	C99255: Neonatal Opiate Withdrawal Syndrome,newborn
"C35387: Cannabis Dependence, Episodic Use	C35389: Cocaine Dependence, Episodic Use	C35385: Hallucinogen Dependence, Episodic Use",C35458: Dependence,3,1,0,"C35387: Cannabis Dependence, Episodic Use	C35389: Cocaine Dependence, Episodic Use	C35385: Hallucinogen Dependence, Episodic Use",dependancy,episodic,use
C34868: Organic Brain Syndrome,,1,0,0,C34868: Organic Brain Syndrome	C34869: Organic Delusional Syndrome	C34871: Organic Affective Syndrome	C34872: Organic Personality Syndrome,organic
C101321: Neonatal Drug Withdrawal	C103170: Postnatal Drug Withdrawal	C103183: In Utero Drug Withdrawal	C99258: Perinatal Drug Withdrawal	C3894: Drug Dependence,,5,0,0,C101321: Neonatal Drug Withdrawal	C103170: Postnatal Drug Withdrawal	C103183: In Utero Drug Withdrawal	C99258: Perinatal Drug Withdrawal	C3894: Drug Dependence,medication
C27927: Alcohol-Related Carcinoma	C27236: Tobacco-Related Carcinoma,,2,0,0,C27927: Alcohol-Related Carcinoma	C27236: Tobacco-Related Carcinoma	C27924: Alcohol-Related Hepatocellular Carcinoma	C27928: Alcohol-Related Esophageal Squamous Cell Carcinoma	C27929: Alcohol-Related Laryngeal Carcinoma	C27772: Cigarette Smoking-Related Carcinoma	C27773: Tobacco Chewing-Related Carcinoma,carcinoma
"C35386: Cannabis Dependence, Continuous Use	C35388: Cocaine Dependence, Continuous Use	C35384: Hallucinogen Dependence, Continuous Use",C35458: Dependence,3,1,0,"C35386: Cannabis Dependence, Continuous Use	C35388: Cocaine Dependence, Continuous Use	C35384: Hallucinogen Dependence, Continuous Use",dependancy,continue,use
