C3273: Neurofibromatosis Type 1	C3274: Neurofibromatosis Type 2,C6727: Neurofibromatosis,2,1,1,"C3273: Neurofibromatosis Type 1	C3274: Neurofibromatosis Type 2	C143014: Neurofibromatosis Type 1 with Inoperable, Progressive, Symptomatic Plexiform Neurofibromas	C155985: Recurrent Neurofibromatosis Type 1	C155986: Refractory Neurofibromatosis Type 1",neurofibromatosis,type
C3266: Hereditary Neoplastic Syndrome	C9460: Cockayne Syndrome	C27579: Hyperimmunoglobulin Syndrome	C2993: Down Syndrome	C3034: Fanconi Syndrome	C34760: Laurence-Moon Syndrome	C4692: Nijmegen Breakage Syndrome	C2941: Chediak-Higashi Syndrome	C2989: DiGeorge Syndrome	C3895: Bare Lymphocyte Syndrome	C61240: Omenn Syndrome,,11,0,0,C3266: Hereditary Neoplastic Syndrome	C9460: Cockayne Syndrome	C27579: Hyperimmunoglobulin Syndrome	C2993: Down Syndrome	C3034: Fanconi Syndrome	C34760: Laurence-Moon Syndrome	C122804: Wilms Tumor-Aniridia-Genitourinary Anomalies-Mental Retardation-Obesity Syndrome	C34415: Beckwith-Wiedemann Syndrome	C130202: Constitutional Mismatch Repair Deficiency Syndrome	C94810: Inherited Bone Marrow Failure Syndrome	C28244: Birt-Hogg-Dube Syndrome	C3324: Peutz-Jeghers Syndrome	C3476: Li-Fraumeni Syndrome	C8493: Hereditary Breast and Ovarian Cancer Syndrome	C7754: Juvenile Polyposis Syndrome	C27264: Familial Atypical Mole Melanoma Syndrome	C3076: Cowden Syndrome	C3939: Bannayan Syndrome	C3718: Wilms Tumor-Aniridia-Genitourinary Anomalies-Mental Retardation Syndrome	C93268: Rhabdoid Tumor Predisposition Syndrome	C3447: Werner Syndrome	C2903: Bloom Syndrome	C3335: Rothmund-Thomson Syndrome	C3448: Wiskott-Aldrich Syndrome	C48287: Hyperparathyroidism-Jaw Tumor Syndrome	C4485: Cobb Syndrome	C4681: Roberts-SC Phocomelia Syndrome	C48300: Familial Paraganglioma-Pheochromocytoma Syndrome	C7584: Dysplastic Nevus Syndrome	C94831: Carney-Stratakis Syndrome	C135725: Cockayne Syndrome Type A	C135726: Cockayne Syndrome Type B	C2887: Ataxia Telangiectasia Syndrome	C8494: Lynch Syndrome	C4692: Nijmegen Breakage Syndrome	C2941: Chediak-Higashi Syndrome	C3144: Hyperimmunoglobulin E Syndrome	C3990: Hyperimmunoglobulin M Syndrome	C2989: DiGeorge Syndrome	C78296: Acquired Fanconi Syndrome	C4377: Adult Fanconi Syndrome	C3938: Turcot Syndrome	C61235: Shwachman-Diamond Syndrome	C6728: Gardner Syndrome	C36100: BRCA1 Syndrome	C36101: BRCA2 Syndrome	C3105: Von Hippel-Lindau Syndrome	C2892: Nevoid Basal Cell Carcinoma Syndrome	C3391: Sturge-Weber Syndrome	C3895: Bare Lymphocyte Syndrome	C61240: Omenn Syndrome	C92206: Short Limb Dwarfism-Saddle Nose-Spinal Alterations-Metaphyseal Striation Syndrome	C6725: Lynch 1 Syndrome	C6726: Lynch 2 Syndrome	C158531: X-Linked Hyper-IgM Syndrome	C159456: Light Chain Fanconi Syndrome	C40464: Turcot Syndrome Type 2	C40463: Turcot Syndrome Type 1,syndrome
"C27873: Congenital Disorder of Natural Immunity	C4461: Multiple Self Healing Epithelioma of Ferguson-Smith	C61238: Severe Combined Immunodeficiency with Absence of T and B Cells	C61239: Severe Combined Immunodeficiency with Absence of T, Normal B Cells",,4,0,0,"C27873: Congenital Disorder of Natural Immunity	C4461: Multiple Self Healing Epithelioma of Ferguson-Smith	C61238: Severe Combined Immunodeficiency with Absence of T and B Cells	C61239: Severe Combined Immunodeficiency with Absence of T, Normal B Cells",of
C34634: Congenital Leucocyte Abnormality	C27874: Leukocyte Adhesion Deficiency,,2,0,0,C34634: Congenital Leucocyte Abnormality	C27874: Leukocyte Adhesion Deficiency	C154615: Leukocyte Adhesion Deficiency Type 3	C4689: Leukocyte Adhesion Deficiency Type 1	C4690: Leukocyte Adhesion Deficiency Type 2,leucocyte
C27579: Hyperimmunoglobulin Syndrome,,1,0,0,C27579: Hyperimmunoglobulin Syndrome	C3144: Hyperimmunoglobulin E Syndrome	C3990: Hyperimmunoglobulin M Syndrome,hyperimmunoglobulin
"C3968: Xeroderma Pigmentosum, Complementation Group F	C125707: Fanconi Anemia, Complementation Group F",,2,0,0,"C3968: Xeroderma Pigmentosum, Complementation Group F	C125707: Fanconi Anemia, Complementation Group F",complementation,group,f
C123265: X-linked Hypophosphatemic Rickets	C85865: X-Linked Inherited Disorder	C3822: X-Linked Agammaglobulinemia	C4682: X-Linked Severe Combined Immunodeficiency	C154315: X-linked Chronic Granulomatous Disease	C158531: X-Linked Hyper-IgM Syndrome,,6,0,0,C123265: X-linked Hypophosphatemic Rickets	C85865: X-Linked Inherited Disorder	C3822: X-Linked Agammaglobulinemia	C4682: X-Linked Severe Combined Immunodeficiency	C154315: X-linked Chronic Granulomatous Disease	C158531: X-Linked Hyper-IgM Syndrome,link x
"C3965: Xeroderma Pigmentosum, Complementation Group A	C125702: Fanconi Anemia, Complementation Group A",,2,0,0,"C3965: Xeroderma Pigmentosum, Complementation Group A	C125702: Fanconi Anemia, Complementation Group A",complementation,group,a
C135725: Cockayne Syndrome Type A	C135726: Cockayne Syndrome Type B,C9460: Cockayne Syndrome,2,1,0,C135725: Cockayne Syndrome Type A	C135726: Cockayne Syndrome Type B,cockayne,syndrome,type
C123260: Dent Disease	C34806: Maple Syrup Urine Disease	C26788: Chronic Granulomatous Disease,,3,0,0,C123260: Dent Disease	C34806: Maple Syrup Urine Disease	C26788: Chronic Granulomatous Disease	C154314: Autosomal Recessive Cytochrome B-Positive Chronic Granulomatous Disease Type I	C154315: X-linked Chronic Granulomatous Disease,disease
"C3144: Hyperimmunoglobulin E Syndrome	C114771: Xeroderma Pigmentosum, Complementation Group E	C125709: Fanconi Anemia, Complementation Group E",,3,0,0,"C3144: Hyperimmunoglobulin E Syndrome	C114771: Xeroderma Pigmentosum, Complementation Group E	C125709: Fanconi Anemia, Complementation Group E",e
C3034: Fanconi Syndrome	C62505: Fanconi Anemia,,2,0,0,"C3034: Fanconi Syndrome	C62505: Fanconi Anemia	C78296: Acquired Fanconi Syndrome	C4377: Adult Fanconi Syndrome	C125702: Fanconi Anemia, Complementation Group A	C125703: Fanconi Anemia, Complementation Group B	C125704: Fanconi Anemia, Complementation Group C	C125705: Fanconi Anemia, Complementation Group D1	C125706: Fanconi Anemia, Complementation Group D2	C125707: Fanconi Anemia, Complementation Group F	C125708: Fanconi Anemia, Complementation Group G	C125709: Fanconi Anemia, Complementation Group E	C129026: Fanconi Anemia, Complementation Group I	C129027: Fanconi Anemia, Complementation Group J	C159456: Light Chain Fanconi Syndrome",fanconi
C35064: Hereditary Hemorrhagic Telangiectasia	C2887: Ataxia Telangiectasia Syndrome,,2,0,0,C35064: Hereditary Hemorrhagic Telangiectasia	C2887: Ataxia Telangiectasia Syndrome,telangiectasia
C123158: Primary Hyperoxaluria	C123263: Familial Primary Hypomagnesemia,,2,0,0,C123158: Primary Hyperoxaluria	C123263: Familial Primary Hypomagnesemia	C123212: Primary Hyperoxaluria Type I	C123213: Primary Hyperoxaluria Type II	C123214: Primary Hyperoxaluria Type III,primary
C123212: Primary Hyperoxaluria Type I	C154314: Autosomal Recessive Cytochrome B-Positive Chronic Granulomatous Disease Type I,,2,0,0,C123212: Primary Hyperoxaluria Type I	C154314: Autosomal Recessive Cytochrome B-Positive Chronic Granulomatous Disease Type I,type,i
C135725: Cockayne Syndrome Type A	C135726: Cockayne Syndrome Type B	C40464: Turcot Syndrome Type 2	C40463: Turcot Syndrome Type 1,,4,0,0,C135725: Cockayne Syndrome Type A	C135726: Cockayne Syndrome Type B	C40464: Turcot Syndrome Type 2	C40463: Turcot Syndrome Type 1,syndrome,type
C122804: Wilms Tumor-Aniridia-Genitourinary Anomalies-Mental Retardation-Obesity Syndrome	C3718: Wilms Tumor-Aniridia-Genitourinary Anomalies-Mental Retardation Syndrome,,2,0,0,C122804: Wilms Tumor-Aniridia-Genitourinary Anomalies-Mental Retardation-Obesity Syndrome	C3718: Wilms Tumor-Aniridia-Genitourinary Anomalies-Mental Retardation Syndrome,wilm,aniridia genitourinary tumor,anomaly mental
C157461: Glucagon Cell Hyperplasia and Neoplasia	C93268: Rhabdoid Tumor Predisposition Syndrome	C48287: Hyperparathyroidism-Jaw Tumor Syndrome,,3,0,0,C157461: Glucagon Cell Hyperplasia and Neoplasia	C93268: Rhabdoid Tumor Predisposition Syndrome	C48287: Hyperparathyroidism-Jaw Tumor Syndrome,neoplasm
C123262: Familial Hypocalciuric Hypercalcemia	C129734: Autosomal Recessive Infantile Hypercalcemia,,2,0,0,C123262: Familial Hypocalciuric Hypercalcemia	C129734: Autosomal Recessive Infantile Hypercalcemia,hypercalcemia
C120113: Short Stature Homeobox Deficiency	C153467: PTEN Deficiency	C3964: Dihydrouracil Dehydrogenase Deficiency	C130202: Constitutional Mismatch Repair Deficiency Syndrome	C27874: Leukocyte Adhesion Deficiency	C162695: Severe Combined Immunodeficiency due to NHEJ1 Deficiency	C3962: Adenosine Deaminase Deficiency	C3963: Purine-Nucleoside Phosphorylase Deficiency	C126342: STAT3 Deficiency	C126343: DOCK8 Deficiency,,10,0,0,C120113: Short Stature Homeobox Deficiency	C153467: PTEN Deficiency	C3964: Dihydrouracil Dehydrogenase Deficiency	C130202: Constitutional Mismatch Repair Deficiency Syndrome	C27874: Leukocyte Adhesion Deficiency	C162695: Severe Combined Immunodeficiency due to NHEJ1 Deficiency	C3962: Adenosine Deaminase Deficiency	C3963: Purine-Nucleoside Phosphorylase Deficiency	C154615: Leukocyte Adhesion Deficiency Type 3	C4689: Leukocyte Adhesion Deficiency Type 1	C4690: Leukocyte Adhesion Deficiency Type 2	C126342: STAT3 Deficiency	C126343: DOCK8 Deficiency,deficiency
C4690: Leukocyte Adhesion Deficiency Type 2	C40464: Turcot Syndrome Type 2	C3274: Neurofibromatosis Type 2,,3,0,0,C4690: Leukocyte Adhesion Deficiency Type 2	C40464: Turcot Syndrome Type 2	C3274: Neurofibromatosis Type 2,type,two
C123212: Primary Hyperoxaluria Type I	C123213: Primary Hyperoxaluria Type II	C123214: Primary Hyperoxaluria Type III,C123158: Primary Hyperoxaluria,3,1,0,C123212: Primary Hyperoxaluria Type I	C123213: Primary Hyperoxaluria Type II	C123214: Primary Hyperoxaluria Type III,primary,hyperoxaluria,type
C5183: Hereditary Multiple Exostoses	C4461: Multiple Self Healing Epithelioma of Ferguson-Smith,,2,0,0,C5183: Hereditary Multiple Exostoses	C4461: Multiple Self Healing Epithelioma of Ferguson-Smith,many
"C123212: Primary Hyperoxaluria Type I	C123213: Primary Hyperoxaluria Type II	C123214: Primary Hyperoxaluria Type III	C135725: Cockayne Syndrome Type A	C135726: Cockayne Syndrome Type B	C120084: Familial Colorectal Cancer Type X	C162694: Severe Combined Immunodeficiency, Athabascan Type	C141367: Xeroderma Pigmentosum Variant Type	C154314: Autosomal Recessive Cytochrome B-Positive Chronic Granulomatous Disease Type I	C154615: Leukocyte Adhesion Deficiency Type 3	C4689: Leukocyte Adhesion Deficiency Type 1	C4690: Leukocyte Adhesion Deficiency Type 2	C40464: Turcot Syndrome Type 2	C40463: Turcot Syndrome Type 1	C3273: Neurofibromatosis Type 1	C3274: Neurofibromatosis Type 2",,16,0,0,"C123212: Primary Hyperoxaluria Type I	C123213: Primary Hyperoxaluria Type II	C123214: Primary Hyperoxaluria Type III	C135725: Cockayne Syndrome Type A	C135726: Cockayne Syndrome Type B	C120084: Familial Colorectal Cancer Type X	C162694: Severe Combined Immunodeficiency, Athabascan Type	C141367: Xeroderma Pigmentosum Variant Type	C154314: Autosomal Recessive Cytochrome B-Positive Chronic Granulomatous Disease Type I	C154615: Leukocyte Adhesion Deficiency Type 3	C4689: Leukocyte Adhesion Deficiency Type 1	C4690: Leukocyte Adhesion Deficiency Type 2	C40464: Turcot Syndrome Type 2	C40463: Turcot Syndrome Type 1	C3273: Neurofibromatosis Type 1	C3274: Neurofibromatosis Type 2	C143014: Neurofibromatosis Type 1 with Inoperable, Progressive, Symptomatic Plexiform Neurofibromas	C155985: Recurrent Neurofibromatosis Type 1	C155986: Refractory Neurofibromatosis Type 1",type
C3101: Genetic Disorder,,1,0,0,C7757: DNA Repair Disorder	C27873: Congenital Disorder of Natural Immunity	C34470: Chromosome Disorder	C85865: X-Linked Inherited Disorder	C85866: Autosomal Recessive Disorder	C98829: Autosomal Dominant Disorder	C153178: Nijmegen Breakage Syndrome-Like Disorder	C3101: Genetic Disorder,disorder
C157461: Glucagon Cell Hyperplasia and Neoplasia	C8493: Hereditary Breast and Ovarian Cancer Syndrome	C51302: Hereditary Leiomyomatosis and Renal Cell Cancer	C61238: Severe Combined Immunodeficiency with Absence of T and B Cells,,4,0,0,C157461: Glucagon Cell Hyperplasia and Neoplasia	C8493: Hereditary Breast and Ovarian Cancer Syndrome	C51302: Hereditary Leiomyomatosis and Renal Cell Cancer	C61238: Severe Combined Immunodeficiency with Absence of T and B Cells,andorra
C3266: Hereditary Neoplastic Syndrome	C35064: Hereditary Hemorrhagic Telangiectasia,,2,0,1,C3266: Hereditary Neoplastic Syndrome	C35064: Hereditary Hemorrhagic Telangiectasia	C120083: Hereditary Nonpolyposis Colorectal Cancer	C8493: Hereditary Breast and Ovarian Cancer Syndrome	C5183: Hereditary Multiple Exostoses	C51302: Hereditary Leiomyomatosis and Renal Cell Cancer,hereditary
C27871: Congenital Combined Immunodeficiency	C27873: Congenital Disorder of Natural Immunity	C27872: Congenital T-Cell Immunodeficiency	C34634: Congenital Leucocyte Abnormality	C61236: Congenital Pure Red Cell Aplasia,,5,0,0,C27871: Congenital Combined Immunodeficiency	C27873: Congenital Disorder of Natural Immunity	C27872: Congenital T-Cell Immunodeficiency	C34634: Congenital Leucocyte Abnormality	C61236: Congenital Pure Red Cell Aplasia,congenital
"C61238: Severe Combined Immunodeficiency with Absence of T and B Cells	C61239: Severe Combined Immunodeficiency with Absence of T, Normal B Cells",C3472: Severe Combined Immunodeficiency,2,1,0,"C61238: Severe Combined Immunodeficiency with Absence of T and B Cells	C61239: Severe Combined Immunodeficiency with Absence of T, Normal B Cells",severe,combine,immunodeficiency,with,absence,of,t
C4689: Leukocyte Adhesion Deficiency Type 1	C40463: Turcot Syndrome Type 1	C3273: Neurofibromatosis Type 1,,3,0,0,"C4689: Leukocyte Adhesion Deficiency Type 1	C40463: Turcot Syndrome Type 1	C3273: Neurofibromatosis Type 1	C143014: Neurofibromatosis Type 1 with Inoperable, Progressive, Symptomatic Plexiform Neurofibromas	C155985: Recurrent Neurofibromatosis Type 1	C155986: Refractory Neurofibromatosis Type 1",type,one
"C3966: Xeroderma Pigmentosum, Complementation Group B	C125703: Fanconi Anemia, Complementation Group B",,2,0,0,"C3966: Xeroderma Pigmentosum, Complementation Group B	C125703: Fanconi Anemia, Complementation Group B",complementation,group,b
"C157461: Glucagon Cell Hyperplasia and Neoplasia	C51302: Hereditary Leiomyomatosis and Renal Cell Cancer	C61236: Congenital Pure Red Cell Aplasia	C2892: Nevoid Basal Cell Carcinoma Syndrome	C61238: Severe Combined Immunodeficiency with Absence of T and B Cells	C61239: Severe Combined Immunodeficiency with Absence of T, Normal B Cells",,6,0,0,"C157461: Glucagon Cell Hyperplasia and Neoplasia	C51302: Hereditary Leiomyomatosis and Renal Cell Cancer	C61236: Congenital Pure Red Cell Aplasia	C2892: Nevoid Basal Cell Carcinoma Syndrome	C61238: Severe Combined Immunodeficiency with Absence of T and B Cells	C61239: Severe Combined Immunodeficiency with Absence of T, Normal B Cells",cell
"C135725: Cockayne Syndrome Type A	C3965: Xeroderma Pigmentosum, Complementation Group A	C125702: Fanconi Anemia, Complementation Group A",,3,0,0,"C135725: Cockayne Syndrome Type A	C3965: Xeroderma Pigmentosum, Complementation Group A	C125702: Fanconi Anemia, Complementation Group A",a
C129734: Autosomal Recessive Infantile Hypercalcemia	C85866: Autosomal Recessive Disorder	C98829: Autosomal Dominant Disorder	C154314: Autosomal Recessive Cytochrome B-Positive Chronic Granulomatous Disease Type I,,4,0,0,C129734: Autosomal Recessive Infantile Hypercalcemia	C85866: Autosomal Recessive Disorder	C98829: Autosomal Dominant Disorder	C154314: Autosomal Recessive Cytochrome B-Positive Chronic Granulomatous Disease Type I,autosome
C120083: Hereditary Nonpolyposis Colorectal Cancer,,1,0,1,C120083: Hereditary Nonpolyposis Colorectal Cancer	C120084: Familial Colorectal Cancer Type X,colorectal,cancer
"C114770: Xeroderma Pigmentosum, Complementation Group C	C125704: Fanconi Anemia, Complementation Group C",,2,0,0,"C114770: Xeroderma Pigmentosum, Complementation Group C	C125704: Fanconi Anemia, Complementation Group C",complementation,group,c
C120113: Short Stature Homeobox Deficiency	C92206: Short Limb Dwarfism-Saddle Nose-Spinal Alterations-Metaphyseal Striation Syndrome,,2,0,0,C120113: Short Stature Homeobox Deficiency	C92206: Short Limb Dwarfism-Saddle Nose-Spinal Alterations-Metaphyseal Striation Syndrome,short
"C114771: Xeroderma Pigmentosum, Complementation Group E	C125709: Fanconi Anemia, Complementation Group E",,2,0,0,"C114771: Xeroderma Pigmentosum, Complementation Group E	C125709: Fanconi Anemia, Complementation Group E",complementation,group,e
"C114770: Xeroderma Pigmentosum, Complementation Group C	C114771: Xeroderma Pigmentosum, Complementation Group E	C3965: Xeroderma Pigmentosum, Complementation Group A	C3967: Xeroderma Pigmentosum, Complementation Group D	C3966: Xeroderma Pigmentosum, Complementation Group B	C3969: Xeroderma Pigmentosum, Complementation Group G	C3968: Xeroderma Pigmentosum, Complementation Group F",C3452: Xeroderma Pigmentosum,7,1,0,"C114770: Xeroderma Pigmentosum, Complementation Group C	C114771: Xeroderma Pigmentosum, Complementation Group E	C3965: Xeroderma Pigmentosum, Complementation Group A	C3967: Xeroderma Pigmentosum, Complementation Group D	C3966: Xeroderma Pigmentosum, Complementation Group B	C3969: Xeroderma Pigmentosum, Complementation Group G	C3968: Xeroderma Pigmentosum, Complementation Group F",xeroderma,pigmentosum,complementation,group
C129734: Autosomal Recessive Infantile Hypercalcemia	C85866: Autosomal Recessive Disorder	C154314: Autosomal Recessive Cytochrome B-Positive Chronic Granulomatous Disease Type I,,3,0,0,C129734: Autosomal Recessive Infantile Hypercalcemia	C85866: Autosomal Recessive Disorder	C154314: Autosomal Recessive Cytochrome B-Positive Chronic Granulomatous Disease Type I,autosome,recessive
C154615: Leukocyte Adhesion Deficiency Type 3	C4689: Leukocyte Adhesion Deficiency Type 1	C4690: Leukocyte Adhesion Deficiency Type 2,C27874: Leukocyte Adhesion Deficiency,3,1,0,C154615: Leukocyte Adhesion Deficiency Type 3	C4689: Leukocyte Adhesion Deficiency Type 1	C4690: Leukocyte Adhesion Deficiency Type 2,leucocyte,adhesion,deficiency,type
"C125702: Fanconi Anemia, Complementation Group A	C125703: Fanconi Anemia, Complementation Group B	C125704: Fanconi Anemia, Complementation Group C	C125705: Fanconi Anemia, Complementation Group D1	C125706: Fanconi Anemia, Complementation Group D2	C125707: Fanconi Anemia, Complementation Group F	C125708: Fanconi Anemia, Complementation Group G	C125709: Fanconi Anemia, Complementation Group E	C129026: Fanconi Anemia, Complementation Group I	C129027: Fanconi Anemia, Complementation Group J",C62505: Fanconi Anemia,10,1,0,"C125702: Fanconi Anemia, Complementation Group A	C125703: Fanconi Anemia, Complementation Group B	C125704: Fanconi Anemia, Complementation Group C	C125705: Fanconi Anemia, Complementation Group D1	C125706: Fanconi Anemia, Complementation Group D2	C125707: Fanconi Anemia, Complementation Group F	C125708: Fanconi Anemia, Complementation Group G	C125709: Fanconi Anemia, Complementation Group E	C129026: Fanconi Anemia, Complementation Group I	C129027: Fanconi Anemia, Complementation Group J",fanconi,anemia,complementation,group
C85865: X-Linked Inherited Disorder	C94810: Inherited Bone Marrow Failure Syndrome,,2,0,0,C85865: X-Linked Inherited Disorder	C94810: Inherited Bone Marrow Failure Syndrome,inherit
C162484: Polymerase Proofreading Associated Polyposis	C3339: Familial Adenomatous Polyposis	C6729: Attenuated Familial Adenomatous Polyposis	C7754: Juvenile Polyposis Syndrome	C96520: MUTYH-Associated Polyposis,,5,0,0,C162484: Polymerase Proofreading Associated Polyposis	C3339: Familial Adenomatous Polyposis	C6729: Attenuated Familial Adenomatous Polyposis	C7754: Juvenile Polyposis Syndrome	C96520: MUTYH-Associated Polyposis,polyposis
C153178: Nijmegen Breakage Syndrome-Like Disorder	C4692: Nijmegen Breakage Syndrome,,2,0,0,C153178: Nijmegen Breakage Syndrome-Like Disorder	C4692: Nijmegen Breakage Syndrome,nijmegen,breakage
C6726: Lynch 2 Syndrome	C4690: Leukocyte Adhesion Deficiency Type 2	C40464: Turcot Syndrome Type 2	C75331: Tuberous Sclerosis 2	C3274: Neurofibromatosis Type 2,,5,0,0,C6726: Lynch 2 Syndrome	C4690: Leukocyte Adhesion Deficiency Type 2	C40464: Turcot Syndrome Type 2	C75331: Tuberous Sclerosis 2	C3274: Neurofibromatosis Type 2,two
C7757: DNA Repair Disorder	C130202: Constitutional Mismatch Repair Deficiency Syndrome,,2,0,0,C7757: DNA Repair Disorder	C130202: Constitutional Mismatch Repair Deficiency Syndrome,repair
"C3969: Xeroderma Pigmentosum, Complementation Group G	C125708: Fanconi Anemia, Complementation Group G",,2,0,0,"C3969: Xeroderma Pigmentosum, Complementation Group G	C125708: Fanconi Anemia, Complementation Group G",complementation,group,g
"C135726: Cockayne Syndrome Type B	C61238: Severe Combined Immunodeficiency with Absence of T and B Cells	C61239: Severe Combined Immunodeficiency with Absence of T, Normal B Cells	C3966: Xeroderma Pigmentosum, Complementation Group B	C125703: Fanconi Anemia, Complementation Group B",,5,0,0,"C135726: Cockayne Syndrome Type B	C61238: Severe Combined Immunodeficiency with Absence of T and B Cells	C61239: Severe Combined Immunodeficiency with Absence of T, Normal B Cells	C3966: Xeroderma Pigmentosum, Complementation Group B	C125703: Fanconi Anemia, Complementation Group B",b
C40464: Turcot Syndrome Type 2	C40463: Turcot Syndrome Type 1,C3938: Turcot Syndrome,2,1,0,C40464: Turcot Syndrome Type 2	C40463: Turcot Syndrome Type 1,turcot,syndrome,type
C123261: Familial Hypercalciuric Hypocalcemia	C123262: Familial Hypocalciuric Hypercalcemia	C123263: Familial Primary Hypomagnesemia	C3339: Familial Adenomatous Polyposis	C6729: Attenuated Familial Adenomatous Polyposis	C27264: Familial Atypical Mole Melanoma Syndrome	C94830: Familial Isolated Hyperparathyroidism	C48300: Familial Paraganglioma-Pheochromocytoma Syndrome	C120084: Familial Colorectal Cancer Type X,,9,0,0,C123261: Familial Hypercalciuric Hypocalcemia	C123262: Familial Hypocalciuric Hypercalcemia	C123263: Familial Primary Hypomagnesemia	C3339: Familial Adenomatous Polyposis	C6729: Attenuated Familial Adenomatous Polyposis	C27264: Familial Atypical Mole Melanoma Syndrome	C94830: Familial Isolated Hyperparathyroidism	C48300: Familial Paraganglioma-Pheochromocytoma Syndrome	C120084: Familial Colorectal Cancer Type X,family
"C156433: Trichothiodystrophy 1, Photosensitive	C6725: Lynch 1 Syndrome	C4689: Leukocyte Adhesion Deficiency Type 1	C40463: Turcot Syndrome Type 1	C75122: Tuberous Sclerosis 1	C3273: Neurofibromatosis Type 1",,6,0,0,"C156433: Trichothiodystrophy 1, Photosensitive	C6725: Lynch 1 Syndrome	C4689: Leukocyte Adhesion Deficiency Type 1	C40463: Turcot Syndrome Type 1	C75122: Tuberous Sclerosis 1	C3273: Neurofibromatosis Type 1	C143014: Neurofibromatosis Type 1 with Inoperable, Progressive, Symptomatic Plexiform Neurofibromas	C155985: Recurrent Neurofibromatosis Type 1	C155986: Refractory Neurofibromatosis Type 1",one
"C114770: Xeroderma Pigmentosum, Complementation Group C	C114771: Xeroderma Pigmentosum, Complementation Group E	C3965: Xeroderma Pigmentosum, Complementation Group A	C3967: Xeroderma Pigmentosum, Complementation Group D	C3966: Xeroderma Pigmentosum, Complementation Group B	C3969: Xeroderma Pigmentosum, Complementation Group G	C3968: Xeroderma Pigmentosum, Complementation Group F	C125702: Fanconi Anemia, Complementation Group A	C125703: Fanconi Anemia, Complementation Group B	C125704: Fanconi Anemia, Complementation Group C	C125705: Fanconi Anemia, Complementation Group D1	C125706: Fanconi Anemia, Complementation Group D2	C125707: Fanconi Anemia, Complementation Group F	C125708: Fanconi Anemia, Complementation Group G	C125709: Fanconi Anemia, Complementation Group E	C129026: Fanconi Anemia, Complementation Group I	C129027: Fanconi Anemia, Complementation Group J",,17,0,0,"C114770: Xeroderma Pigmentosum, Complementation Group C	C114771: Xeroderma Pigmentosum, Complementation Group E	C3965: Xeroderma Pigmentosum, Complementation Group A	C3967: Xeroderma Pigmentosum, Complementation Group D	C3966: Xeroderma Pigmentosum, Complementation Group B	C3969: Xeroderma Pigmentosum, Complementation Group G	C3968: Xeroderma Pigmentosum, Complementation Group F	C125702: Fanconi Anemia, Complementation Group A	C125703: Fanconi Anemia, Complementation Group B	C125704: Fanconi Anemia, Complementation Group C	C125705: Fanconi Anemia, Complementation Group D1	C125706: Fanconi Anemia, Complementation Group D2	C125707: Fanconi Anemia, Complementation Group F	C125708: Fanconi Anemia, Complementation Group G	C125709: Fanconi Anemia, Complementation Group E	C129026: Fanconi Anemia, Complementation Group I	C129027: Fanconi Anemia, Complementation Group J",complementation,group
C8494: Lynch Syndrome,,1,0,1,C8494: Lynch Syndrome	C6725: Lynch 1 Syndrome	C6726: Lynch 2 Syndrome,lynch
"C123212: Primary Hyperoxaluria Type I	C129026: Fanconi Anemia, Complementation Group I	C154314: Autosomal Recessive Cytochrome B-Positive Chronic Granulomatous Disease Type I",,3,0,0,"C123212: Primary Hyperoxaluria Type I	C129026: Fanconi Anemia, Complementation Group I	C154314: Autosomal Recessive Cytochrome B-Positive Chronic Granulomatous Disease Type I",i
C120083: Hereditary Nonpolyposis Colorectal Cancer	C8493: Hereditary Breast and Ovarian Cancer Syndrome	C51302: Hereditary Leiomyomatosis and Renal Cell Cancer,,3,0,0,C120083: Hereditary Nonpolyposis Colorectal Cancer	C8493: Hereditary Breast and Ovarian Cancer Syndrome	C51302: Hereditary Leiomyomatosis and Renal Cell Cancer	C120084: Familial Colorectal Cancer Type X,cancer
"C103233: Cystic Fibrosis with Meconium Ileus	C61238: Severe Combined Immunodeficiency with Absence of T and B Cells	C61239: Severe Combined Immunodeficiency with Absence of T, Normal B Cells	C143014: Neurofibromatosis Type 1 with Inoperable, Progressive, Symptomatic Plexiform Neurofibromas",,4,0,0,"C103233: Cystic Fibrosis with Meconium Ileus	C61238: Severe Combined Immunodeficiency with Absence of T and B Cells	C61239: Severe Combined Immunodeficiency with Absence of T, Normal B Cells	C143014: Neurofibromatosis Type 1 with Inoperable, Progressive, Symptomatic Plexiform Neurofibromas",with
C27871: Congenital Combined Immunodeficiency	C27872: Congenital T-Cell Immunodeficiency,,2,0,0,"C27871: Congenital Combined Immunodeficiency	C27872: Congenital T-Cell Immunodeficiency	C3472: Severe Combined Immunodeficiency	C162694: Severe Combined Immunodeficiency, Athabascan Type	C162695: Severe Combined Immunodeficiency due to NHEJ1 Deficiency	C4682: X-Linked Severe Combined Immunodeficiency	C61238: Severe Combined Immunodeficiency with Absence of T and B Cells	C61239: Severe Combined Immunodeficiency with Absence of T, Normal B Cells",immunodeficiency
C27871: Congenital Combined Immunodeficiency,,1,0,0,"C27871: Congenital Combined Immunodeficiency	C3472: Severe Combined Immunodeficiency	C162694: Severe Combined Immunodeficiency, Athabascan Type	C162695: Severe Combined Immunodeficiency due to NHEJ1 Deficiency	C4682: X-Linked Severe Combined Immunodeficiency	C61238: Severe Combined Immunodeficiency with Absence of T and B Cells	C61239: Severe Combined Immunodeficiency with Absence of T, Normal B Cells",combine,immunodeficiency
