C40387: Intraductal Breast Myoepitheliosis	C40386: Atypical Breast Myoepitheliosis,,2,0,0,C40387: Intraductal Breast Myoepitheliosis	C40386: Atypical Breast Myoepitheliosis,breast,myoepitheliosi
C27879: Papillary Urothelial Hyperplasia	C5200: Papillary Ductal Breast Hyperplasia,,2,0,0,C27879: Papillary Urothelial Hyperplasia	C5200: Papillary Ductal Breast Hyperplasia,papillary
C120169: Neuroendocrine Cell Hyperplasia of Infancy	C5195: Atypical Hyperplasia of the Breast	C54183: Columnar Cell Hyperplasia of the Breast,C3113: Hyperplasia,3,1,0,C120169: Neuroendocrine Cell Hyperplasia of Infancy	C5195: Atypical Hyperplasia of the Breast	C54183: Columnar Cell Hyperplasia of the Breast	C54184: Columnar Cell Hyperplasia of the Breast with Atypia,hyperplasia,of
C97081: Diffuse Hyperplasia	C127933: Diffuse Laminar Endocervical Hyperplasia	C35407: Diffuse C-Cell Hyperplasia,,3,0,0,C97081: Diffuse Hyperplasia	C127933: Diffuse Laminar Endocervical Hyperplasia	C35407: Diffuse C-Cell Hyperplasia,diffuse
C127935: Cervical Mesonephric Remnants and Hyperplasia	C127931: Cervical Microglandular Hyperplasia,,2,0,0,C127935: Cervical Mesonephric Remnants and Hyperplasia	C127931: Cervical Microglandular Hyperplasia,neck
C2897: Benign Prostatic Hyperplasia	C5595: Prostatic Atypical Adenomatous Hyperplasia,,2,0,0,C2897: Benign Prostatic Hyperplasia	C5593: Prostatic Basal Cell Hyperplasia	C5594: Prostatic Cribriform Hyperplasia	C5595: Prostatic Atypical Adenomatous Hyperplasia,prostatic
C8355: Atypical Hyperplasia	C40157: Endometrial Hyperplasia without Atypia,,2,0,0,C8355: Atypical Hyperplasia	C8356: Atypical Glandular Hyperplasia	C45667: Atypical Mesothelial Hyperplasia	C5665: Atypical Adenomatous Lung Hyperplasia	C5195: Atypical Hyperplasia of the Breast	C4654: Atypical Endometrial Hyperplasia	C40157: Endometrial Hyperplasia without Atypia	C5595: Prostatic Atypical Adenomatous Hyperplasia	C8436: Atypical Ductal Breast Hyperplasia	C54184: Columnar Cell Hyperplasia of the Breast with Atypia	C40386: Atypical Breast Myoepitheliosis	C4730: Atypical Lobular Breast Hyperplasia	C35560: Complex Endometrial Hyperplasia with Atypia	C6991: Simple Endometrial Hyperplasia with Atypia	C6993: Complex Endometrial Hyperplasia without Atypia	C6992: Simple Endometrial Hyperplasia without Atypia,atypia
C26458: Intraductal Hyperplasia,,1,0,1,C26458: Intraductal Hyperplasia	C40387: Intraductal Breast Myoepitheliosis,intraductal
C40117: Tubal Epithelial Hyperplasia	C126461: Tubal Hyperplasia,,2,0,0,C40117: Tubal Epithelial Hyperplasia	C126461: Tubal Hyperplasia,tubal
C127932: Lobular Endocervical Glandular Hyperplasia	C127933: Diffuse Laminar Endocervical Hyperplasia,,2,0,0,C127932: Lobular Endocervical Glandular Hyperplasia	C127933: Diffuse Laminar Endocervical Hyperplasia,endocervix
C120169: Neuroendocrine Cell Hyperplasia of Infancy	C54183: Columnar Cell Hyperplasia of the Breast,C3113: Hyperplasia,2,1,0,C120169: Neuroendocrine Cell Hyperplasia of Infancy	C54183: Columnar Cell Hyperplasia of the Breast	C54184: Columnar Cell Hyperplasia of the Breast with Atypia,cell,hyperplasia,of
C2897: Benign Prostatic Hyperplasia	C97078: Benign Lymphoid Hyperplasia,,2,0,0,C2897: Benign Prostatic Hyperplasia	C97078: Benign Lymphoid Hyperplasia,benign
C5665: Atypical Adenomatous Lung Hyperplasia	C5595: Prostatic Atypical Adenomatous Hyperplasia,,2,0,0,C5665: Atypical Adenomatous Lung Hyperplasia	C5595: Prostatic Atypical Adenomatous Hyperplasia,atypia,adenomatous
C35560: Complex Endometrial Hyperplasia with Atypia	C6991: Simple Endometrial Hyperplasia with Atypia,C3013: Endometrial Hyperplasia,2,1,0,C35560: Complex Endometrial Hyperplasia with Atypia	C6991: Simple Endometrial Hyperplasia with Atypia,endometrial,hyperplasia,with,atypia
C4804: Breast Hyperplasia,,1,0,1,C4804: Breast Hyperplasia	C9492: Ductal Breast Hyperplasia	C5195: Atypical Hyperplasia of the Breast	C54183: Columnar Cell Hyperplasia of the Breast	C27941: Usual Ductal Breast Hyperplasia	C40387: Intraductal Breast Myoepitheliosis	C5200: Papillary Ductal Breast Hyperplasia	C8436: Atypical Ductal Breast Hyperplasia	C54184: Columnar Cell Hyperplasia of the Breast with Atypia	C40386: Atypical Breast Myoepitheliosis	C4730: Atypical Lobular Breast Hyperplasia,breast
C35408: Adrenal Hyperplasia,,1,0,0,C35408: Adrenal Hyperplasia	C3506: Adrenal Cortical Hyperplasia	C35838: Adrenal Medullary Hyperplasia,adrenal
C5195: Atypical Hyperplasia of the Breast	C54183: Columnar Cell Hyperplasia of the Breast,C3113: Hyperplasia,2,1,0,C5195: Atypical Hyperplasia of the Breast	C54183: Columnar Cell Hyperplasia of the Breast	C54184: Columnar Cell Hyperplasia of the Breast with Atypia,hyperplasia,of,the,breast
C120169: Neuroendocrine Cell Hyperplasia of Infancy	C157458: Islet Glucagon Cell Hyperplasia	C35845: Basal Cell Hyperplasia	C6032: Parathyroid Chief Cell Hyperplasia	C6033: Parathyroid Clear Cell Hyperplasia	C54183: Columnar Cell Hyperplasia of the Breast,C3113: Hyperplasia,6,1,0,C120169: Neuroendocrine Cell Hyperplasia of Infancy	C157458: Islet Glucagon Cell Hyperplasia	C35845: Basal Cell Hyperplasia	C5593: Prostatic Basal Cell Hyperplasia	C95609: Esophageal Basal Cell Hyperplasia	C6032: Parathyroid Chief Cell Hyperplasia	C6033: Parathyroid Clear Cell Hyperplasia	C54183: Columnar Cell Hyperplasia of the Breast	C54184: Columnar Cell Hyperplasia of the Breast with Atypia,cell,hyperplasia
C63796: Verumontanum Mucosal Gland Hyperplasia	C63929: Utricle-Associated Mucosal Gland Hyperplasia,C82995: Glandular Hyperplasia,2,1,0,C63796: Verumontanum Mucosal Gland Hyperplasia	C63929: Utricle-Associated Mucosal Gland Hyperplasia,mucosa,gland,hyperplasia
C54184: Columnar Cell Hyperplasia of the Breast with Atypia	C35560: Complex Endometrial Hyperplasia with Atypia	C6991: Simple Endometrial Hyperplasia with Atypia,,3,0,0,C54184: Columnar Cell Hyperplasia of the Breast with Atypia	C35560: Complex Endometrial Hyperplasia with Atypia	C6991: Simple Endometrial Hyperplasia with Atypia,with,atypia
C127932: Lobular Endocervical Glandular Hyperplasia	C4730: Atypical Lobular Breast Hyperplasia,,2,0,0,C127932: Lobular Endocervical Glandular Hyperplasia	C4730: Atypical Lobular Breast Hyperplasia,lobular
C3989: Parathyroid Hyperplasia,,1,0,0,C3989: Parathyroid Hyperplasia	C6032: Parathyroid Chief Cell Hyperplasia	C6033: Parathyroid Clear Cell Hyperplasia,parathyroid
C40117: Tubal Epithelial Hyperplasia	C97083: Focal Epithelial Hyperplasia	C97079: Bronchial Epithelial Hyperplasia,C3113: Hyperplasia,3,1,0,C40117: Tubal Epithelial Hyperplasia	C97083: Focal Epithelial Hyperplasia	C97079: Bronchial Epithelial Hyperplasia,epithelial,hyperplasia
C127935: Cervical Mesonephric Remnants and Hyperplasia	C35856: Mesonephric Hyperplasia,,2,0,0,C127935: Cervical Mesonephric Remnants and Hyperplasia	C35856: Mesonephric Hyperplasia,mesonephric
