C40387: Intraductal Breast Myoepitheliosis	C40386: Atypical Breast Myoepitheliosis,,2,0,0,C40387: Intraductal Breast Myoepitheliosis	C40386: Atypical Breast Myoepitheliosis,outside hierarchy,['C40385: Breast Myoepitheliosis'],breast,myoepitheliosi
C27879: Papillary Urothelial Hyperplasia	C5200: Papillary Ductal Breast Hyperplasia,,2,0,0,C27879: Papillary Urothelial Hyperplasia	C5200: Papillary Ductal Breast Hyperplasia,outside hierarchy,['C14166: Papillary'],papillary
C97081: Diffuse Hyperplasia	C127933: Diffuse Laminar Endocervical Hyperplasia	C35407: Diffuse C-Cell Hyperplasia,,3,0,0,C97081: Diffuse Hyperplasia	C127933: Diffuse Laminar Endocervical Hyperplasia	C35407: Diffuse C-Cell Hyperplasia,outside hierarchy,"['C14175: Diffuse', 'C9159: Gastric Diffuse Adenocarcinoma']",diffuse
C127935: Cervical Mesonephric Remnants and Hyperplasia	C127931: Cervical Microglandular Hyperplasia,,2,0,0,C127935: Cervical Mesonephric Remnants and Hyperplasia	C127931: Cervical Microglandular Hyperplasia,outside hierarchy,"['C13063: Neck', 'C12844: Cervical', 'C12336: Bladder Neck', 'C158551: Neck of the Pancreas']",neck
C2897: Benign Prostatic Hyperplasia	C5595: Prostatic Atypical Adenomatous Hyperplasia,,2,0,0,C2897: Benign Prostatic Hyperplasia	C5593: Prostatic Basal Cell Hyperplasia	C5594: Prostatic Cribriform Hyperplasia	C5595: Prostatic Atypical Adenomatous Hyperplasia,outside hierarchy,['C27959: Prostatic'],prostatic
C8355: Atypical Hyperplasia	C40157: Endometrial Hyperplasia without Atypia,,2,0,0,C8355: Atypical Hyperplasia	C8356: Atypical Glandular Hyperplasia	C45667: Atypical Mesothelial Hyperplasia	C5665: Atypical Adenomatous Lung Hyperplasia	C5195: Atypical Hyperplasia of the Breast	C4654: Atypical Endometrial Hyperplasia	C40157: Endometrial Hyperplasia without Atypia	C5595: Prostatic Atypical Adenomatous Hyperplasia	C8436: Atypical Ductal Breast Hyperplasia	C54184: Columnar Cell Hyperplasia of the Breast with Atypia	C40386: Atypical Breast Myoepitheliosis	C4730: Atypical Lobular Breast Hyperplasia	C35560: Complex Endometrial Hyperplasia with Atypia	C6991: Simple Endometrial Hyperplasia with Atypia	C6993: Complex Endometrial Hyperplasia without Atypia	C6992: Simple Endometrial Hyperplasia without Atypia,outside hierarchy,"['C9478: Atypia', 'C25428: Atypical']",atypia
C26458: Intraductal Hyperplasia,,1,0,1,C26458: Intraductal Hyperplasia	C40387: Intraductal Breast Myoepitheliosis,outside hierarchy,['C38240: Intraductal Route of Administration'],intraductal
C127932: Lobular Endocervical Glandular Hyperplasia	C127933: Diffuse Laminar Endocervical Hyperplasia,,2,0,0,C127932: Lobular Endocervical Glandular Hyperplasia	C127933: Diffuse Laminar Endocervical Hyperplasia,outside hierarchy,"['C12309: Endocervix', 'C149484: Endocervical', 'C159624: Endocervix Tumor', 'C38205: Endocervical Route of Administration']",endocervix
C2897: Benign Prostatic Hyperplasia	C97078: Benign Lymphoid Hyperplasia,,2,0,0,C2897: Benign Prostatic Hyperplasia	C97078: Benign Lymphoid Hyperplasia,outside hierarchy,['C14172: Benign'],benign
C35560: Complex Endometrial Hyperplasia with Atypia	C6991: Simple Endometrial Hyperplasia with Atypia,C3013: Endometrial Hyperplasia,2,1,0,C35560: Complex Endometrial Hyperplasia with Atypia	C6991: Simple Endometrial Hyperplasia with Atypia,inside sysnonym,['C4654: Atypical Endometrial Hyperplasia'],endometrial,hyperplasia,with,atypia
C4804: Breast Hyperplasia,,1,0,1,C4804: Breast Hyperplasia	C9492: Ductal Breast Hyperplasia	C5195: Atypical Hyperplasia of the Breast	C54183: Columnar Cell Hyperplasia of the Breast	C27941: Usual Ductal Breast Hyperplasia	C40387: Intraductal Breast Myoepitheliosis	C5200: Papillary Ductal Breast Hyperplasia	C8436: Atypical Ductal Breast Hyperplasia	C54184: Columnar Cell Hyperplasia of the Breast with Atypia	C40386: Atypical Breast Myoepitheliosis	C4730: Atypical Lobular Breast Hyperplasia,outside hierarchy,['C12971: Breast'],breast
C35408: Adrenal Hyperplasia,,1,0,0,C35408: Adrenal Hyperplasia	C3506: Adrenal Cortical Hyperplasia	C35838: Adrenal Medullary Hyperplasia,outside hierarchy,"['C12666: Adrenal Gland', 'C473: Therapeutic Epinephrine']",adrenal
C127932: Lobular Endocervical Glandular Hyperplasia	C4730: Atypical Lobular Breast Hyperplasia,,2,0,0,C127932: Lobular Endocervical Glandular Hyperplasia	C4730: Atypical Lobular Breast Hyperplasia,outside hierarchy,['C25557: Lobular'],lobular
C3989: Parathyroid Hyperplasia,,1,0,0,C3989: Parathyroid Hyperplasia	C6032: Parathyroid Chief Cell Hyperplasia	C6033: Parathyroid Clear Cell Hyperplasia,outside hierarchy,['C12765: Parathyroid Gland'],parathyroid
