C6569: Congenital Mesoblastic Nephroma	C157745: Childhood Cystic Nephroma,,2,0,0,C6569: Congenital Mesoblastic Nephroma	C157745: Childhood Cystic Nephroma	C39815: Cellular Congenital Mesoblastic Nephroma	C39814: Classic Congenital Mesoblastic Nephroma	C97058: Mixed Congenital Mesoblastic Nephroma,0,,semantic type ok,Neoplastic Process,Neoplastic Process* Fungus,"['(A0752120, RCD)--C0027708: Nephroma', '(A3048749, SNOMEDCT_US)--C0027708: Nephroma', '(A3048748, SNOMEDCT_US)--C0027708: Nephroma', '(A18648725, CHV)--C0027708: nephroma', '(A4438008, ICPC2ICD10ENG)--C0027708: nephroma', '(A18648726, CHV)--C0027708: nephromas', '(A0752119, NCBI)--C1014240: Nephroma', '(A18644207, CHV)--C1014240: nephroma', '(A18662814, CHV)--C1014240: nephromas']",nephroma
C162702: Recurrent Childhood Malignant Neoplasm	C9045: Recurrent Childhood Central Nervous System Neoplasm	C115445: Recurrent Childhood Kidney Neoplasm,,3,0,0,"C162702: Recurrent Childhood Malignant Neoplasm	C9045: Recurrent Childhood Central Nervous System Neoplasm	C115445: Recurrent Childhood Kidney Neoplasm	C8067: Recurrent Childhood Soft Tissue Sarcoma	C8059: Recurrent Childhood Hodgkin Lymphoma	C114836: Recurrent Childhood Central Nervous System Embryonal Neoplasm	C115356: Recurrent Childhood Anaplastic Astrocytoma	C115369: Recurrent Childhood Non-Hodgkin Lymphoma	C115358: Recurrent Childhood Anaplastic Oligoastrocytoma	C115359: Recurrent Childhood Anaplastic Oligodendroglioma	C115364: Recurrent Childhood Glioblastoma	C115366: Recurrent Childhood Gliomatosis Cerebri	C7784: Recurrent Childhood Acute Lymphoblastic Leukemia	C148026: Recurrent Childhood Malignant Solid Neoplasm	C9068: Recurrent Childhood Acute Myeloid Leukemia	C7839: Recurrent Childhood Malignant Liver Neoplasm	C9221: Recurrent Childhood Malignant Germ Cell Tumor	C115371: Recurrent Childhood Oligodendroglioma	C114956: Recurrent Childhood Astrocytic Tumor	C7834: Recurrent Childhood Brain Neoplasm	C115370: Recurrent Childhood Oligoastrocytoma	C71712: Recurrent Childhood Spinal Cord Neoplasm	C8579: Recurrent Childhood Ependymoma	C7815: Recurrent Childhood Rhabdomyosarcoma	C115374: Recurrent Childhood Pineoblastoma	C115381: Recurrent Childhood Supratentorial Embryonal Tumor, Not Otherwise Specified	C6774: Recurrent Childhood Medulloblastoma	C115357: Recurrent Childhood Anaplastic Large Cell Lymphoma	C115367: Recurrent Childhood Grade III Lymphomatoid Granulomatosis	C9060: Recurrent Childhood Lymphoblastic Lymphoma	C9189: Recurrent Childhood Burkitt Lymphoma	C115363: Recurrent Childhood Giant Cell Glioblastoma	C115365: Recurrent Childhood Gliosarcoma	C131875: Recurrent Childhood T Acute Lymphoblastic Leukemia	C9046: Recurrent Childhood Hepatocellular Carcinoma	C115360: Recurrent Childhood Diffuse Astrocytoma	C115372: Recurrent Childhood Pilocytic Astrocytoma	C115373: Recurrent Childhood Pilomyxoid Astrocytoma	C115375: Recurrent Childhood Pleomorphic Xanthoastrocytoma	C115380: Recurrent Childhood Subependymal Giant Cell Astrocytoma	C6217: Recurrent Childhood Brain Stem Astrocytoma	C7530: Recurrent Childhood Visual Pathway Astrocytoma	C8389: Recurrent Childhood Cerebellar Astrocytoma	C9191: Recurrent Childhood Cerebral Astrocytoma	C9190: Recurrent Childhood Brain Stem Glioma	C7529: Recurrent Childhood Visual Pathway Glioma	C115361: Recurrent Childhood Fibrillary Astrocytoma	C115362: Recurrent Childhood Gemistocytic Astrocytoma	C115376: Recurrent Childhood Protoplasmic Astrocytoma	C7532: Recurrent Childhood Optic Nerve Astrocytoma	C7531: Recurrent Childhood Optic Nerve Glioma",0,,semantic type ok,Neoplastic Process,Neoplastic Process,"['(A18599440, CHV)--C0278519: recurrent pediatric', '(A18673724, CHV)--C0278519: recurrent childhood']",recurrent,pediatric
C101028: Neonatal Aspiration of Amniotic Fluid	C118312: Neonatal Aspiration Syndrome,,2,0,0,C101028: Neonatal Aspiration of Amniotic Fluid	C118312: Neonatal Aspiration Syndrome,0,,semantic type ok,Disease or Syndrome,Disease or Syndrome,"['(A17866885, ICD10CM)--C1142168: Neonatal aspiration', '(A25722662, MDR)--C1142168: Neonatal aspiration', '(A30942226, ICD10CM)--C1142168: Neonatal aspiration', '(A2397828, MDR)--C1142168: Neonatal aspiration']",newborn,aspiration
C116601: Gross Motor Delay	C116602: Fine Motor Delay,,2,0,0,C116601: Gross Motor Delay	C116602: Fine Motor Delay,0,,semantic type ok,Finding* Disease or Syndrome,Finding* Disease or Syndrome,"['(A21109899, SNOMEDCT_US)--C0520947: Motor delay', '(A11969012, OMIM)--C1854301: Motor delay', '(A24666099, HPO)--C1854301: Motor delay', '(A21158040, MTH)--C1854301: Motor delay']",motor,delay
C6566: Childhood Multilocular Cystic Renal Neoplasm,,1,0,1,C6566: Childhood Multilocular Cystic Renal Neoplasm	C157745: Childhood Cystic Nephroma	C6897: Cystic Partially Differentiated Kidney Nephroblastoma,0,,semantic type not consistent,Neoplastic Process,Qualitative Concept,"['(A0358412, RCD)--C0205207: Cystic', '(A0358413, SNMI)--C0205207: Cystic', '(A2921074, SNOMEDCT_US)--C0205207: Cystic', '(A29392331, LNC)--C0205207: Cystic', '(A12926285, MTH)--C0205207: Cystic', '(A18560070, CHV)--C0205207: cystic']",cystic
"C124274: Childhood Ganglioneuroblastoma, Nodular	C8060: Childhood Nodular Lymphocyte Predominant Hodgkin Lymphoma	C8062: Childhood Nodular Sclerosis Classic Hodgkin Lymphoma",,3,0,0,"C124274: Childhood Ganglioneuroblastoma, Nodular	C8060: Childhood Nodular Lymphocyte Predominant Hodgkin Lymphoma	C8062: Childhood Nodular Sclerosis Classic Hodgkin Lymphoma",0,,semantic type not consistent,Neoplastic Process,Qualitative Concept,"['(A0358562, RCD)--C0205297: Nodular', '(A0358563, SNMI)--C0205297: Nodular', '(A27127393, LNC)--C0205297: Nodular', '(A2921180, SNOMEDCT_US)--C0205297: Nodular', '(A18689918, CHV)--C0205297: nodular']",nodular
C50667: Neonatal Hearing Impairment,,1,0,0,C50667: Neonatal Hearing Impairment	C50668: Neonatal Hearing Loss,0,,semantic type not consistent,Disease or Syndrome,Clinical Attribute,"['(A21135729, LNC)--C3534379: Newborn hearing']",newborn,hear
C101320: Perinatal Blood Aspiration Syndrome	C87093: Meconium Aspiration Syndrome	C118312: Neonatal Aspiration Syndrome,,3,0,0,C101320: Perinatal Blood Aspiration Syndrome	C87093: Meconium Aspiration Syndrome	C118312: Neonatal Aspiration Syndrome,0,,semantic type ok,Disease or Syndrome,Disease or Syndrome,"['(A4388682, ICPC2ICD10ENG)--C0264390: aspiration; syndrome']",aspiration,syndrome
C5053: Childhood Testicular Neoplasm,,1,0,1,C5053: Childhood Testicular Neoplasm	C6552: Childhood Testicular Germ Cell Tumor	C68628: Childhood Malignant Testicular Germ Cell Tumor	C123843: Childhood Testicular Non-Seminomatous Germ Cell Tumor	C6542: Childhood Testicular Mixed Germ Cell Tumor	C6543: Childhood Testicular Yolk Sac Tumor	C6544: Childhood Testicular Choriocarcinoma	C6545: Childhood Testicular Embryonal Carcinoma	C123837: Childhood Testicular Mature Teratoma	C6540: Childhood Testicular Teratoma	C6539: Childhood Testicular Mixed Embryonal Carcinoma and Teratoma	C123835: Childhood Testicular Immature Teratoma,0,,semantic type not consistent,Neoplastic Process,Spatial Concept* Disease or Syndrome,"['(A18671394, CHV)--C0205070: testicular', '(A0358110, SNMI)--C0205070: Testicular', '(A1207573, CST)--C0405581: TESTICULAR']",testicular
C113485: Diabetic Embryopathy	C111909: Diabetic Fetopathy,,2,0,0,C113485: Diabetic Embryopathy	C111909: Diabetic Fetopathy,0,,semantic type not consistent,Disease or Syndrome,Finding,"['(A27143356, LNC)--C0241863: Diabetic', '(A25726231, MDR)--C0241863: Diabetic', '(A0404593, DXP)--C0241863: DIABETIC', '(A18654336, CHV)--C0241863: diabetic', '(A18579921, CHV)--C0241863: diabetics']",diabetic
C35095: Perinatal Disorder,,1,0,0,C35095: Perinatal Disorder	C101320: Perinatal Blood Aspiration Syndrome	C116313: Perinatal Depression,0,,semantic type not consistent,Disease or Syndrome,Temporal Concept,"['(A1045730, SNMI)--C0178795: Perinatal', '(A24101714, LNC)--C0178795: Perinatal', '(A0319692, AOD)--C0178795: perinatal', '(A18670701, CHV)--C0178795: perinatal', '(A0319693, CSP)--C0178795: perinatal']",perinatal
C116800: Congenital Varicella Syndrome	C116799: Congenital Varicella Zoster Infection,,2,0,0,C116800: Congenital Varicella Syndrome	C116799: Congenital Varicella Zoster Infection,0,,semantic type ok,Disease or Syndrome,Disease or Syndrome,"['(A4399591, ICPC2ICD10ENG)--C1393720: congenital; varicella']",congenital,varicella
C118826: Childhood Malignant Small Intestinal Neoplasm,,1,0,1,C118826: Childhood Malignant Small Intestinal Neoplasm	C123932: Childhood Small Intestinal Leiomyosarcoma	C123933: Childhood Small Intestinal Carcinoma,0,,semantic type not consistent,Neoplastic Process,"Body Part, Organ, or Organ Component","['(A1087399, RCD)--C0021852: Small intestinal', '(A1087400, SNMI)--C0021852: Small intestinal', '(A3202028, SNOMEDCT_US)--C0021852: Small intestinal']",small,intestinal
C113485: Diabetic Embryopathy	C99082: Thalidomide Embryopathy Syndrome,,2,0,0,C113485: Diabetic Embryopathy	C99082: Thalidomide Embryopathy Syndrome,0,,semantic type ok,Congenital Abnormality* Disease or Syndrome,Disease or Syndrome,"['(A7758374, MSH)--C0013949: Embryopathies', '(A18646941, CHV)--C0013949: embryopathies', '(A0053674, MSH)--C0013949: Embryopathy', '(A18628297, CHV)--C0013949: embryopathy']",embryopathy
C96847: Extrarenal Rhabdoid Tumor of the Liver	C96830: Calcifying Nested Epithelial Stromal Tumor of the Liver,,2,0,0,C96847: Extrarenal Rhabdoid Tumor of the Liver	C96830: Calcifying Nested Epithelial Stromal Tumor of the Liver,0,,semantic type ok,Neoplastic Process,Neoplastic Process,"['(A24680085, HPO)--C0023903: Neoplasm of the liver']",neoplasm,of,the,liver
C98976: Lumbar Myelocele	C101211: Lumbar Meningocele,,2,0,0,C98976: Lumbar Myelocele	C101211: Lumbar Meningocele,0,,semantic type not consistent,Congenital Abnormality* Disease or Syndrome,Body Location or Region,"['(A0990171, RCD)--C0024090: Lumbar', '(A8312401, HL7V2.5)--C0024090: Lumbar', '(A3154634, SNOMEDCT_US)--C0024090: Lumbar']",lumbar
