C35516: Gastrointestinal Polyp,,1,0,1,C35516: Gastrointestinal Polyp	C96475: Gastrointestinal Hamartoma,gastrointestinal
C5680: Colorectal Inflammatory Polyp	C96693: Anal Inflammatory Cloacogenic Polyp,,2,0,0,C5680: Colorectal Inflammatory Polyp	C96693: Anal Inflammatory Cloacogenic Polyp	C5517: Colon Inflammatory Polyp,inflammatory
C5674: Colorectal Traditional Serrated Adenoma,,1,0,0,C43577: Colon Traditional Serrated Adenoma	C96463: Rectal Traditional Serrated Adenoma	C5674: Colorectal Traditional Serrated Adenoma,traditional,serrate,adenoma
C36205: Peutz-Jeghers Polyp of the Stomach	C7755: Peutz-Jeghers Polyp of the Small Intestine	C96052: Juvenile Polyp of the Small Intestine,C3340: Polyp,3,1,0,C36205: Peutz-Jeghers Polyp of the Stomach	C7755: Peutz-Jeghers Polyp of the Small Intestine	C96052: Juvenile Polyp of the Small Intestine,polyp,of,the
C2939: Cervical Polyp,,1,0,0,C2939: Cervical Polyp	C40200: Cervical Fibroepithelial Polyp	C6856: Cervical Microglandular Polyp,neck
C3954: Gastric Polyp,,1,0,1,"C3954: Gastric Polyp	C95773: Gastric Adenomatous Polyp	C4373: Gastric Hamartomatous Polyp	C95767: Gastric Non-Neoplastic Polyp	C7699: Gastric Adenoma	C7033: Gastric Hyperplastic Polyp	C7036: Gastric Tubular Adenoma	C7037: Gastric Tubulovillous Adenoma	C7038: Gastric Villous Adenoma	C36205: Peutz-Jeghers Polyp of the Stomach	C7034: Gastric Juvenile Polyp	C7035: Gastric Cronkhite Canada Polyposis	C95775: Gastric Adenoma, Gastric-Type",stomach
C3948: Gingival Polyp,,1,0,0,C3948: Gingival Polyp	C4693: Gingival Fibroepithelial Polyp,gingiva
C83176: Colorectal Sessile Serrated Adenoma/Polyp,,1,0,1,C96464: Colon Sessile Serrated Adenoma/Polyp	C96465: Rectal Sessile Serrated Adenoma/Polyp	C83176: Colorectal Sessile Serrated Adenoma/Polyp,sessile,serrate,adenoma polyp
C7486: Paranasal Sinus Polyp,C3340: Polyp,1,1,0,C7486: Paranasal Sinus Polyp	C3931: Maxillary Sinus Polyp	C3932: Ethmoid Sinus Polyp	C3933: Sphenoid Sinus Polyp	C4367: Frontal Sinus Polyp,sinus,polyp
C3351: Rectal Polyp,,1,0,1,C3351: Rectal Polyp	C96480: Rectal Adenomatous Polyp	C5618: Rectal Juvenile Polyp	C5619: Rectal Hyperplastic Polyp	C96463: Rectal Traditional Serrated Adenoma	C96465: Rectal Sessile Serrated Adenoma/Polyp,rectal
C8961: Fundic Gland Polyp	C43526: Pyloric Gland Adenoma,,2,0,0,C8961: Fundic Gland Polyp	C43526: Pyloric Gland Adenoma,gland
C96469: Colorectal Sporadic Serrated Polyp	C96470: Colon Serrated Polyposis,,2,0,0,C96469: Colorectal Sporadic Serrated Polyp	C96470: Colon Serrated Polyposis	C43577: Colon Traditional Serrated Adenoma	C96464: Colon Sessile Serrated Adenoma/Polyp	C96463: Rectal Traditional Serrated Adenoma	C96465: Rectal Sessile Serrated Adenoma/Polyp	C5674: Colorectal Traditional Serrated Adenoma	C83176: Colorectal Sessile Serrated Adenoma/Polyp	C96468: Colorectal Filiform Serrated Adenoma,serrate
C3337: Fibroepithelial Polyp,,1,0,0,C3337: Fibroepithelial Polyp	C4948: Vaginal Fibroepithelial Polyp	C40200: Cervical Fibroepithelial Polyp	C4435: Anal Fibroepithelial Polyp	C4693: Gingival Fibroepithelial Polyp	C6170: Urethra Fibroepithelial Polyp	C6182: Renal Pelvis Fibroepithelial Polyp	C6857: Vulvar Fibroepithelial Stromal Polyp,fibroepithelial
C3909: Gallbladder Polyp,,1,0,1,C3909: Gallbladder Polyp	C7720: Gallbladder Adenoma	C7417: Gallbladder Hyperplastic Polyp	C43601: Gallbladder Tubular Adenoma	C43602: Gallbladder Papillary Adenoma	C43603: Gallbladder Tubulopapillary Adenoma,gallbladder
C36205: Peutz-Jeghers Polyp of the Stomach	C7755: Peutz-Jeghers Polyp of the Small Intestine,C4733: Peutz-Jeghers Polyp,2,1,0,C36205: Peutz-Jeghers Polyp of the Stomach	C7755: Peutz-Jeghers Polyp of the Small Intestine,jeghers peutz,polyp,of,the
C36206: Small Intestinal Hamartoma,,1,0,1,C36206: Small Intestinal Hamartoma	C7755: Peutz-Jeghers Polyp of the Small Intestine	C96052: Juvenile Polyp of the Small Intestine,small
C96475: Gastrointestinal Hamartoma,,1,0,0,C96475: Gastrointestinal Hamartoma	C96474: Colorectal Hamartoma	C36206: Small Intestinal Hamartoma,hamartoma
C3664: Vaginal Polyp,,1,0,0,C3664: Vaginal Polyp	C128061: Vaginal Tubulosquamous Polyp	C4948: Vaginal Fibroepithelial Polyp,vaginal
C3957: Anal Polyp,,1,0,1,C4435: Anal Fibroepithelial Polyp	C3957: Anal Polyp	C96554: Anal Canal Squamous Cell Papilloma	C96693: Anal Inflammatory Cloacogenic Polyp,ani
C96554: Anal Canal Squamous Cell Papilloma	C5344: Esophageal Squamous Cell Papilloma	C96471: Colorectal Goblet Cell Rich Hyperplastic Polyp,,3,0,0,C96554: Anal Canal Squamous Cell Papilloma	C5344: Esophageal Squamous Cell Papilloma	C96471: Colorectal Goblet Cell Rich Hyperplastic Polyp,cell
C43601: Gallbladder Tubular Adenoma	C7036: Gastric Tubular Adenoma,,2,0,0,C43601: Gallbladder Tubular Adenoma	C7036: Gastric Tubular Adenoma,tubular,adenoma
C5971: Ear Polyp	C98919: Ear Tag,,2,0,0,C5971: Ear Polyp	C98919: Ear Tag	C4366: External Ear Polyp	C6933: Middle Ear Polyp,ear
C3978: Vulvar Polyp,,1,0,0,C3978: Vulvar Polyp	C6857: Vulvar Fibroepithelial Stromal Polyp,vulvar
C5680: Colorectal Inflammatory Polyp,C3340: Polyp,1,1,0,C5680: Colorectal Inflammatory Polyp	C5517: Colon Inflammatory Polyp,inflammatory,polyp
C7755: Peutz-Jeghers Polyp of the Small Intestine	C96052: Juvenile Polyp of the Small Intestine,C3340: Polyp,2,1,0,C7755: Peutz-Jeghers Polyp of the Small Intestine	C96052: Juvenile Polyp of the Small Intestine,polyp,of,the,small,intestine
C3374: Skin Tag,,1,0,0,C3374: Skin Tag	C98919: Ear Tag,tag
C5674: Colorectal Traditional Serrated Adenoma,,1,0,0,C43577: Colon Traditional Serrated Adenoma	C96463: Rectal Traditional Serrated Adenoma	C5674: Colorectal Traditional Serrated Adenoma	C96468: Colorectal Filiform Serrated Adenoma,serrate,adenoma
C2954: Colon Polyp,,1,0,1,C2954: Colon Polyp	C96479: Colon Adenomatous Polyp	C96470: Colon Serrated Polyposis	C43577: Colon Traditional Serrated Adenoma	C4930: Colon Hyperplastic Polyp	C5517: Colon Inflammatory Polyp	C5518: Colon Juvenile Polyp	C96464: Colon Sessile Serrated Adenoma/Polyp,cola
C96554: Anal Canal Squamous Cell Papilloma	C5344: Esophageal Squamous Cell Papilloma,,2,0,0,C96554: Anal Canal Squamous Cell Papilloma	C5344: Esophageal Squamous Cell Papilloma,squamous,cell,papilloma
C7720: Gallbladder Adenoma	C7699: Gastric Adenoma	C5674: Colorectal Traditional Serrated Adenoma,,3,0,0,"C7720: Gallbladder Adenoma	C7699: Gastric Adenoma	C43601: Gallbladder Tubular Adenoma	C43602: Gallbladder Papillary Adenoma	C43603: Gallbladder Tubulopapillary Adenoma	C7036: Gastric Tubular Adenoma	C7037: Gastric Tubulovillous Adenoma	C7038: Gastric Villous Adenoma	C43577: Colon Traditional Serrated Adenoma	C96463: Rectal Traditional Serrated Adenoma	C5674: Colorectal Traditional Serrated Adenoma	C95775: Gastric Adenoma, Gastric-Type	C96468: Colorectal Filiform Serrated Adenoma	C43526: Pyloric Gland Adenoma	C95779: Foveolar-Type Adenoma",adenoma
C4057: Esophageal Polyp,,1,0,1,C4057: Esophageal Polyp	C5344: Esophageal Squamous Cell Papilloma	C5699: Giant Fibrovascular Esophageal Polyp,esophageal
C5679: Colorectal Polyp,,1,0,1,C5679: Colorectal Polyp	C96478: Colorectal Adenomatous Polyp	C5680: Colorectal Inflammatory Polyp	C96474: Colorectal Hamartoma	C96469: Colorectal Sporadic Serrated Polyp	C5682: Colorectal Hyperplastic Polyp	C96476: Colorectal Cowden-Associated Polyp	C5681: Colorectal Juvenile Polyp	C5519: Colorectal Peutz-Jeghers Polyp	C5674: Colorectal Traditional Serrated Adenoma	C83176: Colorectal Sessile Serrated Adenoma/Polyp	C96473: Colorectal Microvesicular Hyperplastic Polyp	C96471: Colorectal Goblet Cell Rich Hyperplastic Polyp	C96472: Colorectal Mucin Poor Hyperplastic Polyp	C96468: Colorectal Filiform Serrated Adenoma,colorectal
C3764: Adenomatous Polyp,,1,0,1,C3764: Adenomatous Polyp	C4135: Multiple Adenomatous Polyps	C96478: Colorectal Adenomatous Polyp	C95773: Gastric Adenomatous Polyp	C3339: Familial Adenomatous Polyposis	C96479: Colon Adenomatous Polyp	C96480: Rectal Adenomatous Polyp,adenomatous
