C84800: Kleine-Levin Syndrome	C27743: Somnolence Syndrome	C97159: Asperger Syndrome,,3,0,0,C84800: Kleine-Levin Syndrome	C27743: Somnolence Syndrome	C97159: Asperger Syndrome,outside hierarchy,"['C28193: Syndrome', 'C53799: Adverse Event Associated with Syndromes']",syndrome
C116361: Behavioral Insomnia of Childhood	C34363: Agoraphobia without a History of Panic Disorder	C35670: Phobia of Driving,,3,0,0,C116361: Behavioral Insomnia of Childhood	C34363: Agoraphobia without a History of Panic Disorder	C35670: Phobia of Driving,outside hierarchy,"['C52602: TAF1 wt Allele', 'C52874: SPI1 wt Allele', 'C63527: BRIP1 wt Allele']",of
C92202: Sexual and Gender Identity Disorders,,1,0,0,C92202: Sexual and Gender Identity Disorders	C94337: Hypoactive Sexual Desire Disorder	C94338: Sexual Aversion Disorder	C94339: Female Sexual Arousal Disorder	C94350: Substance-Induced Sexual Dysfunction	C94356: Sexual Masochism	C94358: Sexual Sadism,outside hierarchy,['C17127: Sex Behavior'],sexual
C92199: Mental Disorder Due to a General Medical Condition	C35604: Sleep Disorder due to General Medical Condition	C34867: Anxiety Disorder Due to a General Medical Condition	C92642: Amnestic Disorder Due to a General Medical Condition	C94392: Psychotic Disorder Due to a General Medical Condition	C35647: Insomnia due to Organic Factor	C92639: Delirium Due to a General Medical Condition,,7,0,0,C92199: Mental Disorder Due to a General Medical Condition	C35604: Sleep Disorder due to General Medical Condition	C34867: Anxiety Disorder Due to a General Medical Condition	C92642: Amnestic Disorder Due to a General Medical Condition	C94392: Psychotic Disorder Due to a General Medical Condition	C35647: Insomnia due to Organic Factor	C92639: Delirium Due to a General Medical Condition,outside hierarchy,['C89272: Due To'],due,tonga
C35007: Residual Type Schizophrenia,,1,0,0,C35007: Residual Type Schizophrenia	C35183: Residual Subchronic Schizophrenia	C35184: Residual Chronic Schizophrenia,outside hierarchy,['C37895: Residual'],residual
C46084: Memory Dysfunction,,1,0,0,C46084: Memory Dysfunction	C78444: Memory Impairment,outside hierarchy,"['C37992: Memory', 'C50047: Memory Device']",memory
C94390: Brief Psychotic Disorder	C34358: Adjustment Reaction with Brief Depressive Reaction,,2,0,0,C94390: Brief Psychotic Disorder	C34358: Adjustment Reaction with Brief Depressive Reaction,outside hierarchy,"['C61484: Brief', 'C121459: Behavior Rating Inventory of Executive Function', 'C148441: BRIEF Health Literacy Screening Tool']",brief
C92199: Mental Disorder Due to a General Medical Condition	C35604: Sleep Disorder due to General Medical Condition	C34867: Anxiety Disorder Due to a General Medical Condition	C92642: Amnestic Disorder Due to a General Medical Condition	C94392: Psychotic Disorder Due to a General Medical Condition	C35804: Conditioned Insomnia	C92639: Delirium Due to a General Medical Condition,,7,0,0,C92199: Mental Disorder Due to a General Medical Condition	C35604: Sleep Disorder due to General Medical Condition	C34867: Anxiety Disorder Due to a General Medical Condition	C92642: Amnestic Disorder Due to a General Medical Condition	C94392: Psychotic Disorder Due to a General Medical Condition	C35804: Conditioned Insomnia	C92639: Delirium Due to a General Medical Condition,outside hierarchy,"['C25457: Condition', 'C41258: Conditioning', 'C2991: Disease or Disorder', 'C154631: Condition Domain', 'C156597: Conditioning Clinical Trial Setting', 'C47953: Logical Condition']",condition
C46083: Cognitive Dysfunction	C92196: Cognitive Disorder,,2,0,0,C46083: Cognitive Dysfunction	C92196: Cognitive Disorder	C162756: Cancer-related Cognitive Dysfunction	C27101: Cognitive Disturbance,outside hierarchy,['C37926: Cognitive'],cognitive
C92200: Mood Disorder,,1,0,0,C92200: Mood Disorder	C62592: Mood Alteration	C92937: Pregnancy Related Mood Swing,outside hierarchy,"['C117021: Mood', 'C72883: Mood', 'C117051: Record Mood', 'C129357: Symptoms Interfered with Mood']",mood
C3376: Sleep Disorder	C118188: Sleep Related Eating Disorder,,2,0,0,C3376: Sleep Disorder	C35604: Sleep Disorder due to General Medical Condition	C95071: Circadian Rhythm Sleep Disorder	C95079: Substance-Induced Sleep Disorder	C118188: Sleep Related Eating Disorder	C95077: Sleep Terror Disorder	C95073: Delayed Sleep Phase Type Circadian Rhythm Sleep Disorder	C95074: Jet Lag Type Circadian Rhythm Sleep Disorder	C95075: Shift Work Type Circadian Rhythm Sleep Disorder,outside hierarchy,"['C73425: Sleep', 'C120960: Ability to Sleep After Treatment']",sleep
C118188: Sleep Related Eating Disorder	C92937: Pregnancy Related Mood Swing,,2,0,0,C118188: Sleep Related Eating Disorder	C92937: Pregnancy Related Mood Swing,outside hierarchy,"['C25648: Relationship', 'C43646: NCI Thesaurus Association', 'C103376: CDISC Relationship Class', 'C42727: Concept Relationship', 'C43570: Object Relationship', 'C45672: Association Class', 'C53260: Definitely Related to Intervention', 'C73471: Chemical Association']",relationship
C35029: Socialized Conduct Disorder	C89329: Conduct Disorder	C116361: Behavioral Insomnia of Childhood,,3,0,0,"C35029: Socialized Conduct Disorder	C89329: Conduct Disorder	C35091: Undersocialized Conduct Disorder, Aggressive Type	C35791: Passive-Aggressive Behavior	C116361: Behavioral Insomnia of Childhood",outside hierarchy,"['C16326: Behavior', 'C95084: Behavioral Domain']",behavior
"C35091: Undersocialized Conduct Disorder, Aggressive Type	C95073: Delayed Sleep Phase Type Circadian Rhythm Sleep Disorder	C95074: Jet Lag Type Circadian Rhythm Sleep Disorder	C95075: Shift Work Type Circadian Rhythm Sleep Disorder	C35003: Catatonic Type Schizophrenia	C35005: Disorganized Type Schizophrenia	C35006: Paranoid Type Schizophrenia	C35007: Residual Type Schizophrenia	C35269: Simple Type Schizophrenia	C94370: Undifferentiated Type Schizophrenia	C94382: Erotomanic Type Delusional Disorder	C94383: Grandiose Type Delusional Disorder	C94385: Jealous Type Delusional Disorder	C94386: Persecutory Type Delusional Disorder	C94387: Somatic Type Delusional Disorder	C94388: Mixed Type Delusional Disorder	C94389: Unspecified Type Delusional Disorder	C123412: Familial Alzheimer's Disease, Type 3	C123413: Familial Alzheimer's Disease, Type 4	C146894: Familial Alzheimer's Disease, Type 1",,20,0,0,"C35091: Undersocialized Conduct Disorder, Aggressive Type	C95073: Delayed Sleep Phase Type Circadian Rhythm Sleep Disorder	C95074: Jet Lag Type Circadian Rhythm Sleep Disorder	C95075: Shift Work Type Circadian Rhythm Sleep Disorder	C35003: Catatonic Type Schizophrenia	C35005: Disorganized Type Schizophrenia	C35006: Paranoid Type Schizophrenia	C35007: Residual Type Schizophrenia	C35269: Simple Type Schizophrenia	C94370: Undifferentiated Type Schizophrenia	C94382: Erotomanic Type Delusional Disorder	C94383: Grandiose Type Delusional Disorder	C94385: Jealous Type Delusional Disorder	C94386: Persecutory Type Delusional Disorder	C94387: Somatic Type Delusional Disorder	C94388: Mixed Type Delusional Disorder	C94389: Unspecified Type Delusional Disorder	C123412: Familial Alzheimer's Disease, Type 3	C123413: Familial Alzheimer's Disease, Type 4	C146894: Familial Alzheimer's Disease, Type 1",outside hierarchy,"['C25284: Type', 'C43642: Kind', 'C159133: GDC Type Terminology']",type
C2893: Psychiatric Disorder,,1,0,0,"C3376: Sleep Disorder	C89332: Eating Disorder	C92202: Sexual and Gender Identity Disorders	C92190: Pediatric Psychiatric Disorder	C2878: Anxiety Disorder	C35029: Socialized Conduct Disorder	C92196: Cognitive Disorder	C92200: Mood Disorder	C92201: Schizophrenia and Other Psychotic Disorders	C34956: Somatoform Disorder	C34723: Impulse-Control Disorder	C92199: Mental Disorder Due to a General Medical Condition	C34922: Personality Disorder	C92203: Substance-Related Disorder	C92191: Adjustment Disorder	C92197: Dissociative Disorder	C92198: Factitious Disorder	C35604: Sleep Disorder due to General Medical Condition	C95071: Circadian Rhythm Sleep Disorder	C95079: Substance-Induced Sleep Disorder	C118188: Sleep Related Eating Disorder	C34959: Male Orgasmic Disorder	C94337: Hypoactive Sexual Desire Disorder	C94338: Sexual Aversion Disorder	C94339: Female Sexual Arousal Disorder	C94362: Gender Identity Disorder	C35014: Separation Anxiety Disorder	C97155: Language Disorder	C35092: Attention Deficit Disorder	C97179: Pervasive Developmental Disorder	C89329: Conduct Disorder	C89334: Learning Disorder	C92565: Oppositional Defiant Disorder	C92566: Pica Eating Disorder	C92567: Rumination Disorder	C97160: Attention Deficit Hyperactivity Disorder	C160587: Executive Function Disorder	C34867: Anxiety Disorder Due to a General Medical Condition	C34890: Panic Disorder	C88411: Obsessive Compulsive Disorder	C92621: Acute Stress Disorder	C92622: Generalized Anxiety Disorder	C92623: Substance-Induced Anxiety Disorder	C97193: Panic Disorder without Agoraphobia	C97194: Panic Disorder with Agoraphobia	C2958: Communication Disorder	C35091: Undersocialized Conduct Disorder, Aggressive Type	C92642: Amnestic Disorder Due to a General Medical Condition	C92643: Substance-Induced Persisting Amnestic Disorder	C34423: Bipolar Disorder	C34562: Dysthymic Disorder	C34957: Substance-Induced Psychotic Disorder	C94376: Schizophreniform Disorder	C94378: Schizoaffective Disorder	C94379: Delusional Disorder	C94390: Brief Psychotic Disorder	C94391: Shared Psychotic Disorder	C94392: Psychotic Disorder Due to a General Medical Condition	C35188: Skin Disorder Arising from Mental Factor	C35190: Endocrine Disorder Arising from Mental Factor	C94332: Intermittent Explosive Disorder	C34870: Organic Mental Disorder	C34904: Passive-Aggressive Personality Disorder	C88413: Antisocial Personality Disorder	C92630: Paranoid Personality Disorder	C92631: Schizoid Personality Disorder	C92632: Schizotypal Personality Disorder	C92633: Borderline Personality Disorder	C92634: Histrionic Personality Disorder	C92635: Narcissistic Personality Disorder	C92636: Avoidant Personality Disorder	C92637: Dependent Personality Disorder	C92638: Obsessive-Compulsive Personality Disorder	C94330: Dissociative Identity Disorder	C94331: Depersonalization Disorder	C95076: Nightmare Disorder	C95077: Sleep Terror Disorder	C95073: Delayed Sleep Phase Type Circadian Rhythm Sleep Disorder	C95074: Jet Lag Type Circadian Rhythm Sleep Disorder	C95075: Shift Work Type Circadian Rhythm Sleep Disorder	C92564: Phonological Disorder	C92562: Expressive Language Disorder	C92563: Mixed Receptive-Expressive Language Disorder	C88412: Autism Spectrum Disorder	C97164: Childhood Disintegrative Disorder	C3389: Post-Traumatic Stress Disorder	C34363: Agoraphobia without a History of Panic Disorder	C34927: Social Anxiety Disorder	C5041: Speech Disorder	C34805: Manic Bipolar Affective Disorder	C94382: Erotomanic Type Delusional Disorder	C94383: Grandiose Type Delusional Disorder	C94385: Jealous Type Delusional Disorder	C94386: Persecutory Type Delusional Disorder	C94387: Somatic Type Delusional Disorder	C94388: Mixed Type Delusional Disorder	C94389: Unspecified Type Delusional Disorder	C35100: Nonpsychotic Mental Disorder Following Organic Brain Damage	C35102: Transient Organic Mental Disorder	C2893: Psychiatric Disorder",outside hierarchy,['C2991: Disease or Disorder'],disorder
C92202: Sexual and Gender Identity Disorders	C92201: Schizophrenia and Other Psychotic Disorders,,2,0,0,C92202: Sexual and Gender Identity Disorders	C92201: Schizophrenia and Other Psychotic Disorders,outside hierarchy,"['C16289: Andorra', 'C37912: And', 'C45768: AD Term Type', 'C49563: Analysis Dataset Domain', 'C64643: Up to', 'C95816: Address Data Type']",andorra
C89332: Eating Disorder	C92566: Pica Eating Disorder,,2,0,0,C89332: Eating Disorder	C118188: Sleep Related Eating Disorder	C97162: Binge Eating	C92566: Pica Eating Disorder,outside hierarchy,"['C86069: Eat', 'C130973: Usually Need Help from Another Person for Eating', 'C49423: MCL1 wt Allele', 'C51192: ATM wt Allele']",ate
C34759: Latent Schizophrenia,,1,0,0,C34759: Latent Schizophrenia	C35181: Latent Subchronic Schizophrenia	C35182: Latent Chronic Schizophrenia,outside hierarchy,['C28225: Latent'],latent
C92640: Substance Intoxication Delirium	C92641: Substance Withdrawal Delirium,,2,0,0,C92640: Substance Intoxication Delirium	C92641: Substance Withdrawal Delirium,outside hierarchy,['C45306: Substance'],substance
C92190: Pediatric Psychiatric Disorder	C116361: Behavioral Insomnia of Childhood	C35004: Childhood Schizophrenia,,3,0,0,C92190: Pediatric Psychiatric Disorder	C97163: Childhood Depression	C116361: Behavioral Insomnia of Childhood	C97164: Childhood Disintegrative Disorder	C35004: Childhood Schizophrenia,outside hierarchy,"['C89345: Childhood', 'C39299: Pediatric']",pediatric
C35274: Perception Disturbance	C27101: Cognitive Disturbance,,2,0,0,C35274: Perception Disturbance	C27101: Cognitive Disturbance,outside hierarchy,['C75521: Disturbance'],disturbance
C34890: Panic Disorder	C92620: Panic Attack	C97193: Panic Disorder without Agoraphobia	C97194: Panic Disorder with Agoraphobia	C34363: Agoraphobia without a History of Panic Disorder,,5,0,0,C34890: Panic Disorder	C92620: Panic Attack	C97193: Panic Disorder without Agoraphobia	C97194: Panic Disorder with Agoraphobia	C34363: Agoraphobia without a History of Panic Disorder,outside hierarchy,['C94438: Panic'],panic
C92191: Adjustment Disorder	C34358: Adjustment Reaction with Brief Depressive Reaction	C35191: Adjustment Reaction with Prolonged Depressive Reaction,,3,0,0,C92191: Adjustment Disorder	C34358: Adjustment Reaction with Brief Depressive Reaction	C35191: Adjustment Reaction with Prolonged Depressive Reaction,outside hierarchy,['C49157: Adjustment'],adjustment
C92199: Mental Disorder Due to a General Medical Condition	C34867: Anxiety Disorder Due to a General Medical Condition	C92642: Amnestic Disorder Due to a General Medical Condition	C94392: Psychotic Disorder Due to a General Medical Condition	C34363: Agoraphobia without a History of Panic Disorder	C92639: Delirium Due to a General Medical Condition,,6,0,0,C92199: Mental Disorder Due to a General Medical Condition	C34867: Anxiety Disorder Due to a General Medical Condition	C92642: Amnestic Disorder Due to a General Medical Condition	C94392: Psychotic Disorder Due to a General Medical Condition	C34363: Agoraphobia without a History of Panic Disorder	C92639: Delirium Due to a General Medical Condition,outside hierarchy,"['C64938: As', 'C17739: American Samoa', 'C118541: ASS1 wt Allele', 'C147305: Arsenic Measurement', 'C29848: Year', 'C158993: GDC AJCC Staging System Edition Terminology', 'C28131: Arsenic', 'C37348: A Mouse', 'C42536: Ampere', 'C67903: Atto', 'C68867: Acre', 'C71215: Angstrom', 'C71344: Associate of Science', 'C74924: Per Year', 'C75436: UBE3A wt Allele']",a
C46083: Cognitive Dysfunction	C46084: Memory Dysfunction	C94350: Substance-Induced Sexual Dysfunction,,3,0,0,C46083: Cognitive Dysfunction	C46084: Memory Dysfunction	C94350: Substance-Induced Sexual Dysfunction	C162756: Cancer-related Cognitive Dysfunction,outside hierarchy,"['C20632: Pathophysiology', 'C53526: Dysfunction']",pathophysiology
C92563: Mixed Receptive-Expressive Language Disorder	C94388: Mixed Type Delusional Disorder,,2,0,0,C92563: Mixed Receptive-Expressive Language Disorder	C94388: Mixed Type Delusional Disorder,outside hierarchy,"['C64925: Mix', 'C25259: Mixed', 'C45303: Mist', 'C26457: Mixed (Normal and Tumor)', 'C67526: Gastric Mixed Adenocarcinoma']",mix
C34870: Organic Mental Disorder	C35647: Insomnia due to Organic Factor,,2,0,0,C34870: Organic Mental Disorder	C35647: Insomnia due to Organic Factor	C35100: Nonpsychotic Mental Disorder Following Organic Brain Damage	C35102: Transient Organic Mental Disorder,outside hierarchy,['C63848: Organic'],organic
C84781: Idiopathic Hypersomnolence	C116343: Idiopathic Hypersomnia,,2,0,0,C84781: Idiopathic Hypersomnolence	C116343: Idiopathic Hypersomnia,outside hierarchy,['C28242: Idiopathic'],idiopathic
C35526: Chronic Insomnia	C35270: Chronic Schizophrenia,,2,0,0,C35526: Chronic Insomnia	C35270: Chronic Schizophrenia	C35182: Latent Chronic Schizophrenia	C35184: Residual Chronic Schizophrenia,outside hierarchy,['C14141: Chronic'],chronic
C92199: Mental Disorder Due to a General Medical Condition	C35604: Sleep Disorder due to General Medical Condition	C34867: Anxiety Disorder Due to a General Medical Condition	C92622: Generalized Anxiety Disorder	C92642: Amnestic Disorder Due to a General Medical Condition	C94392: Psychotic Disorder Due to a General Medical Condition	C92639: Delirium Due to a General Medical Condition,,7,0,0,C92199: Mental Disorder Due to a General Medical Condition	C35604: Sleep Disorder due to General Medical Condition	C34867: Anxiety Disorder Due to a General Medical Condition	C92622: Generalized Anxiety Disorder	C92642: Amnestic Disorder Due to a General Medical Condition	C94392: Psychotic Disorder Due to a General Medical Condition	C92639: Delirium Due to a General Medical Condition,outside hierarchy,"['C63764: Generalized', 'C115727: Safety Reporting Documentation']",generalise
C34633: Gastrointestinal Malfunction Arising from Mental Factor	C35186: Physiological Malfunction Arising from Mental Factor	C35188: Skin Disorder Arising from Mental Factor	C35189: Genitourinary Malfunction Arising from Mental Factor	C35190: Endocrine Disorder Arising from Mental Factor	C35390: Respiratory Malfunction Arising from Mental Factor	C35647: Insomnia due to Organic Factor,,7,0,0,C34633: Gastrointestinal Malfunction Arising from Mental Factor	C35186: Physiological Malfunction Arising from Mental Factor	C35188: Skin Disorder Arising from Mental Factor	C35189: Genitourinary Malfunction Arising from Mental Factor	C35190: Endocrine Disorder Arising from Mental Factor	C35390: Respiratory Malfunction Arising from Mental Factor	C35647: Insomnia due to Organic Factor,outside hierarchy,"['C25506: Factor', 'C84380: Mathematical Factor']",factor
"C84711: Fatal Familial Insomnia	C123412: Familial Alzheimer's Disease, Type 3	C123413: Familial Alzheimer's Disease, Type 4	C146894: Familial Alzheimer's Disease, Type 1",,4,0,0,"C84711: Fatal Familial Insomnia	C123412: Familial Alzheimer's Disease, Type 3	C123413: Familial Alzheimer's Disease, Type 4	C146894: Familial Alzheimer's Disease, Type 1",outside hierarchy,"['C25173: Family', 'C45290: Family', 'C79273: Family Collection']",family
C92199: Mental Disorder Due to a General Medical Condition,,1,0,0,C92199: Mental Disorder Due to a General Medical Condition	C34870: Organic Mental Disorder	C35100: Nonpsychotic Mental Disorder Following Organic Brain Damage	C35102: Transient Organic Mental Disorder,inside sysnonym,['C2893: Psychiatric Disorder'],mental,disorder
C97194: Panic Disorder with Agoraphobia	C34358: Adjustment Reaction with Brief Depressive Reaction	C35191: Adjustment Reaction with Prolonged Depressive Reaction,,3,0,0,C97194: Panic Disorder with Agoraphobia	C34358: Adjustment Reaction with Brief Depressive Reaction	C35191: Adjustment Reaction with Prolonged Depressive Reaction,outside hierarchy,['C62355: With'],with
