C34423: Bipolar Disorder,,1,0,0,C34423: Bipolar Disorder	C34424: Bipolar Depression	C34805: Manic Bipolar Affective Disorder,0,,semantic type not consistent,Mental or Behavioral Dysfunction,Spatial Concept,"['(A0878578, RCD)--C0443156: Bipolar', '(A29392398, LNC)--C0443156: Bipolar', '(A3101826, SNOMEDCT_US)--C0443156: Bipolar', '(A18601884, CHV)--C0443156: bipolar']",bipolar
C35092: Attention Deficit Disorder	C97160: Attention Deficit Hyperactivity Disorder,,2,0,0,C35092: Attention Deficit Disorder	C97160: Attention Deficit Hyperactivity Disorder,0,,semantic type ok,Mental or Behavioral Dysfunction,Mental or Behavioral Dysfunction,"['(A11969044, OMIM)--C0041671: Attention deficits', '(A16616284, OMIM)--C0041671: Attention deficit', '(A24671496, HPO)--C1263846: Attention deficits', '(A24666923, HPO)--C1263846: Attention deficit']",attention,deficit
C92642: Amnestic Disorder Due to a General Medical Condition	C92643: Substance-Induced Persisting Amnestic Disorder,,2,0,0,C92642: Amnestic Disorder Due to a General Medical Condition	C92643: Substance-Induced Persisting Amnestic Disorder,0,,semantic type ok,Mental or Behavioral Dysfunction,Mental or Behavioral Dysfunction,"['(A7746166, MTH)--C0002625: Amnestic Disorder', '(A25706400, MDR)--C0002625: Amnestic disorder', '(A2849149, MDR)--C0002625: Amnestic disorder', '(A2871949, SNOMEDCT_US)--C0002625: Amnestic disorder', '(A18682574, CHV)--C0002625: amnestic disorder', '(A23387315, MEDCIN)--C0002625: amnestic disorder', '(A1578665, MDR)--C0002625: Amnestic disorders', '(A1810532, AOD)--C0002625: amnestic disorders', '(A18626980, CHV)--C0002625: amnestic disorders']",amnestic,disorder
C35003: Catatonic Type Schizophrenia	C35005: Disorganized Type Schizophrenia	C35006: Paranoid Type Schizophrenia	C35007: Residual Type Schizophrenia	C35269: Simple Type Schizophrenia	C94370: Undifferentiated Type Schizophrenia,C3362: Schizophrenia,6,1,0,C35003: Catatonic Type Schizophrenia	C35005: Disorganized Type Schizophrenia	C35006: Paranoid Type Schizophrenia	C35007: Residual Type Schizophrenia	C35269: Simple Type Schizophrenia	C94370: Undifferentiated Type Schizophrenia,1,"['C0036344', 'C0036341']",semantic type ok,Mental or Behavioral Dysfunction,Mental or Behavioral Dysfunction,"['(A18686672, CHV)--C0036341: type schizophrenia']",type,schizophrenia
C92201: Schizophrenia and Other Psychotic Disorders,,1,0,0,C92201: Schizophrenia and Other Psychotic Disorders	C34957: Substance-Induced Psychotic Disorder	C94390: Brief Psychotic Disorder	C94391: Shared Psychotic Disorder	C94392: Psychotic Disorder Due to a General Medical Condition,0,,semantic type ok,Mental or Behavioral Dysfunction,Mental or Behavioral Dysfunction,"['(A0107589, MSH)--C0033975: Psychotic Disorders', '(A0107591, MTH)--C0033975: Psychotic Disorders', '(A0107592, MTH)--C0033975: Psychotic Disorders', '(A21143593, MEDLINEPLUS)--C0033975: Psychotic Disorders', '(A0107590, MTH)--C0033975: Psychotic Disorders', '(A18593588, CHV)--C0033975: psychotic disorders', '(A0107587, MSH)--C0033975: Psychotic Disorder', '(A0779294, RCD)--C0033975: Psychotic disorder', '(A25731290, MDR)--C0033975: Psychotic disorder', '(A26465422, NANDA-I)--C0033975: Psychotic disorder', '(A2850100, MDR)--C0033975: Psychotic disorder', '(A3061899, SNOMEDCT_US)--C0033975: Psychotic disorder', '(A18612283, CHV)--C0033975: psychotic disorder', '(A28270611, MEDCIN)--C0033975: psychotic disorder', '(A1617527, CCPSS)--C0033975: PSYCHOTIC DISORDER', '(A4449205, ICPC2ICD10ENG)--C0033975: psychotic; disorder']",psychotic,disorder
C92202: Sexual and Gender Identity Disorders	C94330: Dissociative Identity Disorder,,2,0,0,C92202: Sexual and Gender Identity Disorders	C94362: Gender Identity Disorder	C94330: Dissociative Identity Disorder,0,,semantic type ok,Mental or Behavioral Dysfunction,Mental or Behavioral Dysfunction,"['(A16985400, ICD9CM)--C0020795: Identity disorder', '(A0000138, SNMI)--C0236819: Identity disorder', '(A17774339, ICD10CM)--C0236819: Identity disorder', '(A23374953, MEDCIN)--C0236819: Identity disorder', '(A2871925, SNOMEDCT_US)--C0236819: Identity disorder', '(A1391315, AOD)--C0236819: identity disorder', '(A18672485, CHV)--C0236819: identity disorder']",identity,disorder
C92621: Acute Stress Disorder	C3389: Post-Traumatic Stress Disorder,,2,0,0,C92621: Acute Stress Disorder	C3389: Post-Traumatic Stress Disorder,0,,semantic type ok,Mental or Behavioral Dysfunction,Mental or Behavioral Dysfunction,"['(A1596268, MDR)--C0038441: Stress disorders', '(A18686941, CHV)--C0038441: stress disorders', '(A18631335, CHV)--C0038441: stress disorder', '(A23379179, MEDCIN)--C0038441: stress disorder', '(A4458094, ICPC2ICD10ENG)--C0038441: stress; disorder']",stress,disorder
C92199: Mental Disorder Due to a General Medical Condition	C34633: Gastrointestinal Malfunction Arising from Mental Factor	C35186: Physiological Malfunction Arising from Mental Factor	C35188: Skin Disorder Arising from Mental Factor	C35189: Genitourinary Malfunction Arising from Mental Factor	C35190: Endocrine Disorder Arising from Mental Factor	C35390: Respiratory Malfunction Arising from Mental Factor,,7,0,0,C92199: Mental Disorder Due to a General Medical Condition	C34633: Gastrointestinal Malfunction Arising from Mental Factor	C35186: Physiological Malfunction Arising from Mental Factor	C35188: Skin Disorder Arising from Mental Factor	C35189: Genitourinary Malfunction Arising from Mental Factor	C35190: Endocrine Disorder Arising from Mental Factor	C35390: Respiratory Malfunction Arising from Mental Factor	C34870: Organic Mental Disorder	C35100: Nonpsychotic Mental Disorder Following Organic Brain Damage	C35102: Transient Organic Mental Disorder,0,,semantic type not consistent,Disease or Syndrome* Mental or Behavioral Dysfunction,Mental Process,"['(A18616295, CHV)--C0229992: mental', '(A1307951, CSP)--C0229992: mental', '(A1621707, CCPSS)--C0229992: MENTAL']",mental
C117287: Night Terrors	C95077: Sleep Terror Disorder,,2,0,0,C117287: Night Terrors	C95077: Sleep Terror Disorder,0,,semantic type not consistent,Mental or Behavioral Dysfunction,Finding,"['(A29591250, NOC)--C4716134: Terror', '(A29585157, NOC)--C4716134: Terror']",terror
