C34423: Bipolar Disorder,,1,0,0,C34423: Bipolar Disorder	C34424: Bipolar Depression	C34805: Manic Bipolar Affective Disorder,bipolar
C84800: Kleine-Levin Syndrome	C27743: Somnolence Syndrome	C97159: Asperger Syndrome,,3,0,0,C84800: Kleine-Levin Syndrome	C27743: Somnolence Syndrome	C97159: Asperger Syndrome,syndrome
C116361: Behavioral Insomnia of Childhood	C34363: Agoraphobia without a History of Panic Disorder	C35670: Phobia of Driving,,3,0,0,C116361: Behavioral Insomnia of Childhood	C34363: Agoraphobia without a History of Panic Disorder	C35670: Phobia of Driving,of
C34358: Adjustment Reaction with Brief Depressive Reaction	C35191: Adjustment Reaction with Prolonged Depressive Reaction,,2,0,0,C34358: Adjustment Reaction with Brief Depressive Reaction	C35191: Adjustment Reaction with Prolonged Depressive Reaction,adjustment,reaction,with
C92202: Sexual and Gender Identity Disorders,,1,0,0,C92202: Sexual and Gender Identity Disorders	C94337: Hypoactive Sexual Desire Disorder	C94338: Sexual Aversion Disorder	C94339: Female Sexual Arousal Disorder	C94350: Substance-Induced Sexual Dysfunction	C94356: Sexual Masochism	C94358: Sexual Sadism,sexual
C92199: Mental Disorder Due to a General Medical Condition	C35604: Sleep Disorder due to General Medical Condition	C34867: Anxiety Disorder Due to a General Medical Condition	C92642: Amnestic Disorder Due to a General Medical Condition	C94392: Psychotic Disorder Due to a General Medical Condition	C35647: Insomnia due to Organic Factor	C92639: Delirium Due to a General Medical Condition,,7,0,0,C92199: Mental Disorder Due to a General Medical Condition	C35604: Sleep Disorder due to General Medical Condition	C34867: Anxiety Disorder Due to a General Medical Condition	C92642: Amnestic Disorder Due to a General Medical Condition	C94392: Psychotic Disorder Due to a General Medical Condition	C35647: Insomnia due to Organic Factor	C92639: Delirium Due to a General Medical Condition,due,tonga
C35007: Residual Type Schizophrenia,,1,0,0,C35007: Residual Type Schizophrenia	C35183: Residual Subchronic Schizophrenia	C35184: Residual Chronic Schizophrenia,residual
C46084: Memory Dysfunction,,1,0,0,C46084: Memory Dysfunction	C78444: Memory Impairment,memory
C94382: Erotomanic Type Delusional Disorder	C94383: Grandiose Type Delusional Disorder	C94385: Jealous Type Delusional Disorder	C94386: Persecutory Type Delusional Disorder	C94387: Somatic Type Delusional Disorder	C94388: Mixed Type Delusional Disorder	C94389: Unspecified Type Delusional Disorder,C94379: Delusional Disorder,7,1,0,C94382: Erotomanic Type Delusional Disorder	C94383: Grandiose Type Delusional Disorder	C94385: Jealous Type Delusional Disorder	C94386: Persecutory Type Delusional Disorder	C94387: Somatic Type Delusional Disorder	C94388: Mixed Type Delusional Disorder	C94389: Unspecified Type Delusional Disorder,type,delusional,disorder
C94390: Brief Psychotic Disorder	C34358: Adjustment Reaction with Brief Depressive Reaction,,2,0,0,C94390: Brief Psychotic Disorder	C34358: Adjustment Reaction with Brief Depressive Reaction,brief
C92199: Mental Disorder Due to a General Medical Condition	C35604: Sleep Disorder due to General Medical Condition	C34867: Anxiety Disorder Due to a General Medical Condition	C92642: Amnestic Disorder Due to a General Medical Condition	C94392: Psychotic Disorder Due to a General Medical Condition	C35804: Conditioned Insomnia	C92639: Delirium Due to a General Medical Condition,,7,0,0,C92199: Mental Disorder Due to a General Medical Condition	C35604: Sleep Disorder due to General Medical Condition	C34867: Anxiety Disorder Due to a General Medical Condition	C92642: Amnestic Disorder Due to a General Medical Condition	C94392: Psychotic Disorder Due to a General Medical Condition	C35804: Conditioned Insomnia	C92639: Delirium Due to a General Medical Condition,condition
C46083: Cognitive Dysfunction	C92196: Cognitive Disorder,,2,0,0,C46083: Cognitive Dysfunction	C92196: Cognitive Disorder	C162756: Cancer-related Cognitive Dysfunction	C27101: Cognitive Disturbance,cognitive
C92200: Mood Disorder,,1,0,0,C92200: Mood Disorder	C62592: Mood Alteration	C92937: Pregnancy Related Mood Swing,mood
C35421: Nonorganic Insomnia	C34628: Nonorganic Enuresis,,2,0,0,C35421: Nonorganic Insomnia	C34628: Nonorganic Enuresis,nonorganic
C92197: Dissociative Disorder,,1,0,0,C92197: Dissociative Disorder	C94328: Dissociative Amnesia	C94329: Dissociative Fugue	C94330: Dissociative Identity Disorder,dissociative
C35092: Attention Deficit Disorder	C97160: Attention Deficit Hyperactivity Disorder,,2,0,0,C35092: Attention Deficit Disorder	C97160: Attention Deficit Hyperactivity Disorder,attention,deficit
C3376: Sleep Disorder	C118188: Sleep Related Eating Disorder,,2,0,0,C3376: Sleep Disorder	C35604: Sleep Disorder due to General Medical Condition	C95071: Circadian Rhythm Sleep Disorder	C95079: Substance-Induced Sleep Disorder	C118188: Sleep Related Eating Disorder	C95077: Sleep Terror Disorder	C95073: Delayed Sleep Phase Type Circadian Rhythm Sleep Disorder	C95074: Jet Lag Type Circadian Rhythm Sleep Disorder	C95075: Shift Work Type Circadian Rhythm Sleep Disorder,sleep
C95073: Delayed Sleep Phase Type Circadian Rhythm Sleep Disorder	C95074: Jet Lag Type Circadian Rhythm Sleep Disorder	C95075: Shift Work Type Circadian Rhythm Sleep Disorder,C95071: Circadian Rhythm Sleep Disorder,3,1,0,C95073: Delayed Sleep Phase Type Circadian Rhythm Sleep Disorder	C95074: Jet Lag Type Circadian Rhythm Sleep Disorder	C95075: Shift Work Type Circadian Rhythm Sleep Disorder,type,circadian,rhythm,sleep,disorder
C118188: Sleep Related Eating Disorder	C92937: Pregnancy Related Mood Swing,,2,0,0,C118188: Sleep Related Eating Disorder	C92937: Pregnancy Related Mood Swing,relationship
C92642: Amnestic Disorder Due to a General Medical Condition	C92643: Substance-Induced Persisting Amnestic Disorder,,2,0,0,C92642: Amnestic Disorder Due to a General Medical Condition	C92643: Substance-Induced Persisting Amnestic Disorder,amnestic,disorder
C35029: Socialized Conduct Disorder	C89329: Conduct Disorder	C116361: Behavioral Insomnia of Childhood,,3,0,0,"C35029: Socialized Conduct Disorder	C89329: Conduct Disorder	C35091: Undersocialized Conduct Disorder, Aggressive Type	C35791: Passive-Aggressive Behavior	C116361: Behavioral Insomnia of Childhood",behavior
C92199: Mental Disorder Due to a General Medical Condition	C35604: Sleep Disorder due to General Medical Condition	C34867: Anxiety Disorder Due to a General Medical Condition	C92642: Amnestic Disorder Due to a General Medical Condition	C94392: Psychotic Disorder Due to a General Medical Condition,,5,0,0,C92199: Mental Disorder Due to a General Medical Condition	C35604: Sleep Disorder due to General Medical Condition	C34867: Anxiety Disorder Due to a General Medical Condition	C92642: Amnestic Disorder Due to a General Medical Condition	C94392: Psychotic Disorder Due to a General Medical Condition,disorder,due,tonga
C34633: Gastrointestinal Malfunction Arising from Mental Factor	C35186: Physiological Malfunction Arising from Mental Factor	C35188: Skin Disorder Arising from Mental Factor	C35189: Genitourinary Malfunction Arising from Mental Factor	C35190: Endocrine Disorder Arising from Mental Factor	C35390: Respiratory Malfunction Arising from Mental Factor,,6,0,0,C34633: Gastrointestinal Malfunction Arising from Mental Factor	C35186: Physiological Malfunction Arising from Mental Factor	C35188: Skin Disorder Arising from Mental Factor	C35189: Genitourinary Malfunction Arising from Mental Factor	C35190: Endocrine Disorder Arising from Mental Factor	C35390: Respiratory Malfunction Arising from Mental Factor,arise,from,mental,factor
C35003: Catatonic Type Schizophrenia	C35005: Disorganized Type Schizophrenia	C35006: Paranoid Type Schizophrenia	C35007: Residual Type Schizophrenia	C35269: Simple Type Schizophrenia	C94370: Undifferentiated Type Schizophrenia,C3362: Schizophrenia,6,1,0,C35003: Catatonic Type Schizophrenia	C35005: Disorganized Type Schizophrenia	C35006: Paranoid Type Schizophrenia	C35007: Residual Type Schizophrenia	C35269: Simple Type Schizophrenia	C94370: Undifferentiated Type Schizophrenia,type,schizophrenia
C92199: Mental Disorder Due to a General Medical Condition	C34867: Anxiety Disorder Due to a General Medical Condition	C92642: Amnestic Disorder Due to a General Medical Condition	C94392: Psychotic Disorder Due to a General Medical Condition	C92639: Delirium Due to a General Medical Condition,,5,0,0,C92199: Mental Disorder Due to a General Medical Condition	C34867: Anxiety Disorder Due to a General Medical Condition	C92642: Amnestic Disorder Due to a General Medical Condition	C94392: Psychotic Disorder Due to a General Medical Condition	C92639: Delirium Due to a General Medical Condition,due,tonga,a,generalise,medical,condition
"C35091: Undersocialized Conduct Disorder, Aggressive Type	C95073: Delayed Sleep Phase Type Circadian Rhythm Sleep Disorder	C95074: Jet Lag Type Circadian Rhythm Sleep Disorder	C95075: Shift Work Type Circadian Rhythm Sleep Disorder	C35003: Catatonic Type Schizophrenia	C35005: Disorganized Type Schizophrenia	C35006: Paranoid Type Schizophrenia	C35007: Residual Type Schizophrenia	C35269: Simple Type Schizophrenia	C94370: Undifferentiated Type Schizophrenia	C94382: Erotomanic Type Delusional Disorder	C94383: Grandiose Type Delusional Disorder	C94385: Jealous Type Delusional Disorder	C94386: Persecutory Type Delusional Disorder	C94387: Somatic Type Delusional Disorder	C94388: Mixed Type Delusional Disorder	C94389: Unspecified Type Delusional Disorder	C123412: Familial Alzheimer's Disease, Type 3	C123413: Familial Alzheimer's Disease, Type 4	C146894: Familial Alzheimer's Disease, Type 1",,20,0,0,"C35091: Undersocialized Conduct Disorder, Aggressive Type	C95073: Delayed Sleep Phase Type Circadian Rhythm Sleep Disorder	C95074: Jet Lag Type Circadian Rhythm Sleep Disorder	C95075: Shift Work Type Circadian Rhythm Sleep Disorder	C35003: Catatonic Type Schizophrenia	C35005: Disorganized Type Schizophrenia	C35006: Paranoid Type Schizophrenia	C35007: Residual Type Schizophrenia	C35269: Simple Type Schizophrenia	C94370: Undifferentiated Type Schizophrenia	C94382: Erotomanic Type Delusional Disorder	C94383: Grandiose Type Delusional Disorder	C94385: Jealous Type Delusional Disorder	C94386: Persecutory Type Delusional Disorder	C94387: Somatic Type Delusional Disorder	C94388: Mixed Type Delusional Disorder	C94389: Unspecified Type Delusional Disorder	C123412: Familial Alzheimer's Disease, Type 3	C123413: Familial Alzheimer's Disease, Type 4	C146894: Familial Alzheimer's Disease, Type 1",type
C2893: Psychiatric Disorder,,1,0,0,"C3376: Sleep Disorder	C89332: Eating Disorder	C92202: Sexual and Gender Identity Disorders	C92190: Pediatric Psychiatric Disorder	C2878: Anxiety Disorder	C35029: Socialized Conduct Disorder	C92196: Cognitive Disorder	C92200: Mood Disorder	C92201: Schizophrenia and Other Psychotic Disorders	C34956: Somatoform Disorder	C34723: Impulse-Control Disorder	C92199: Mental Disorder Due to a General Medical Condition	C34922: Personality Disorder	C92203: Substance-Related Disorder	C92191: Adjustment Disorder	C92197: Dissociative Disorder	C92198: Factitious Disorder	C35604: Sleep Disorder due to General Medical Condition	C95071: Circadian Rhythm Sleep Disorder	C95079: Substance-Induced Sleep Disorder	C118188: Sleep Related Eating Disorder	C34959: Male Orgasmic Disorder	C94337: Hypoactive Sexual Desire Disorder	C94338: Sexual Aversion Disorder	C94339: Female Sexual Arousal Disorder	C94362: Gender Identity Disorder	C35014: Separation Anxiety Disorder	C97155: Language Disorder	C35092: Attention Deficit Disorder	C97179: Pervasive Developmental Disorder	C89329: Conduct Disorder	C89334: Learning Disorder	C92565: Oppositional Defiant Disorder	C92566: Pica Eating Disorder	C92567: Rumination Disorder	C97160: Attention Deficit Hyperactivity Disorder	C160587: Executive Function Disorder	C34867: Anxiety Disorder Due to a General Medical Condition	C34890: Panic Disorder	C88411: Obsessive Compulsive Disorder	C92621: Acute Stress Disorder	C92622: Generalized Anxiety Disorder	C92623: Substance-Induced Anxiety Disorder	C97193: Panic Disorder without Agoraphobia	C97194: Panic Disorder with Agoraphobia	C2958: Communication Disorder	C35091: Undersocialized Conduct Disorder, Aggressive Type	C92642: Amnestic Disorder Due to a General Medical Condition	C92643: Substance-Induced Persisting Amnestic Disorder	C34423: Bipolar Disorder	C34562: Dysthymic Disorder	C34957: Substance-Induced Psychotic Disorder	C94376: Schizophreniform Disorder	C94378: Schizoaffective Disorder	C94379: Delusional Disorder	C94390: Brief Psychotic Disorder	C94391: Shared Psychotic Disorder	C94392: Psychotic Disorder Due to a General Medical Condition	C35188: Skin Disorder Arising from Mental Factor	C35190: Endocrine Disorder Arising from Mental Factor	C94332: Intermittent Explosive Disorder	C34870: Organic Mental Disorder	C34904: Passive-Aggressive Personality Disorder	C88413: Antisocial Personality Disorder	C92630: Paranoid Personality Disorder	C92631: Schizoid Personality Disorder	C92632: Schizotypal Personality Disorder	C92633: Borderline Personality Disorder	C92634: Histrionic Personality Disorder	C92635: Narcissistic Personality Disorder	C92636: Avoidant Personality Disorder	C92637: Dependent Personality Disorder	C92638: Obsessive-Compulsive Personality Disorder	C94330: Dissociative Identity Disorder	C94331: Depersonalization Disorder	C95076: Nightmare Disorder	C95077: Sleep Terror Disorder	C95073: Delayed Sleep Phase Type Circadian Rhythm Sleep Disorder	C95074: Jet Lag Type Circadian Rhythm Sleep Disorder	C95075: Shift Work Type Circadian Rhythm Sleep Disorder	C92564: Phonological Disorder	C92562: Expressive Language Disorder	C92563: Mixed Receptive-Expressive Language Disorder	C88412: Autism Spectrum Disorder	C97164: Childhood Disintegrative Disorder	C3389: Post-Traumatic Stress Disorder	C34363: Agoraphobia without a History of Panic Disorder	C34927: Social Anxiety Disorder	C5041: Speech Disorder	C34805: Manic Bipolar Affective Disorder	C94382: Erotomanic Type Delusional Disorder	C94383: Grandiose Type Delusional Disorder	C94385: Jealous Type Delusional Disorder	C94386: Persecutory Type Delusional Disorder	C94387: Somatic Type Delusional Disorder	C94388: Mixed Type Delusional Disorder	C94389: Unspecified Type Delusional Disorder	C35100: Nonpsychotic Mental Disorder Following Organic Brain Damage	C35102: Transient Organic Mental Disorder	C2893: Psychiatric Disorder",disorder
C92202: Sexual and Gender Identity Disorders	C92201: Schizophrenia and Other Psychotic Disorders,,2,0,0,C92202: Sexual and Gender Identity Disorders	C92201: Schizophrenia and Other Psychotic Disorders,andorra
C89332: Eating Disorder	C92566: Pica Eating Disorder,,2,0,0,C89332: Eating Disorder	C118188: Sleep Related Eating Disorder	C97162: Binge Eating	C92566: Pica Eating Disorder,ate
C34759: Latent Schizophrenia,,1,0,0,C34759: Latent Schizophrenia	C35181: Latent Subchronic Schizophrenia	C35182: Latent Chronic Schizophrenia,latent
C34633: Gastrointestinal Malfunction Arising from Mental Factor	C35186: Physiological Malfunction Arising from Mental Factor	C35189: Genitourinary Malfunction Arising from Mental Factor	C35390: Respiratory Malfunction Arising from Mental Factor,,4,0,0,C34633: Gastrointestinal Malfunction Arising from Mental Factor	C35186: Physiological Malfunction Arising from Mental Factor	C35189: Genitourinary Malfunction Arising from Mental Factor	C35390: Respiratory Malfunction Arising from Mental Factor,failure,arise,from,mental,factor
C92201: Schizophrenia and Other Psychotic Disorders,,1,0,0,C92201: Schizophrenia and Other Psychotic Disorders	C34957: Substance-Induced Psychotic Disorder	C94390: Brief Psychotic Disorder	C94391: Shared Psychotic Disorder	C94392: Psychotic Disorder Due to a General Medical Condition,psychotic,disorder
C92640: Substance Intoxication Delirium	C92641: Substance Withdrawal Delirium,,2,0,0,C92640: Substance Intoxication Delirium	C92641: Substance Withdrawal Delirium,substance
C34387: Anorexia Nervosa	C34440: Bulimia Nervosa,,2,0,0,C34387: Anorexia Nervosa	C34440: Bulimia Nervosa,nervosa
C92199: Mental Disorder Due to a General Medical Condition	C35604: Sleep Disorder due to General Medical Condition	C34867: Anxiety Disorder Due to a General Medical Condition	C92642: Amnestic Disorder Due to a General Medical Condition	C94392: Psychotic Disorder Due to a General Medical Condition	C92639: Delirium Due to a General Medical Condition,,6,0,0,C92199: Mental Disorder Due to a General Medical Condition	C35604: Sleep Disorder due to General Medical Condition	C34867: Anxiety Disorder Due to a General Medical Condition	C92642: Amnestic Disorder Due to a General Medical Condition	C94392: Psychotic Disorder Due to a General Medical Condition	C92639: Delirium Due to a General Medical Condition,generalise,medical,condition
C35791: Passive-Aggressive Behavior	C34904: Passive-Aggressive Personality Disorder,,2,0,0,C35791: Passive-Aggressive Behavior	C34904: Passive-Aggressive Personality Disorder,aggressive passive
C35188: Skin Disorder Arising from Mental Factor	C35190: Endocrine Disorder Arising from Mental Factor,,2,0,0,C35188: Skin Disorder Arising from Mental Factor	C35190: Endocrine Disorder Arising from Mental Factor,disorder,arise,from,mental,factor
C92190: Pediatric Psychiatric Disorder	C116361: Behavioral Insomnia of Childhood	C35004: Childhood Schizophrenia,,3,0,0,C92190: Pediatric Psychiatric Disorder	C97163: Childhood Depression	C116361: Behavioral Insomnia of Childhood	C97164: Childhood Disintegrative Disorder	C35004: Childhood Schizophrenia,pediatric
C35274: Perception Disturbance	C27101: Cognitive Disturbance,,2,0,0,C35274: Perception Disturbance	C27101: Cognitive Disturbance,disturbance
C34890: Panic Disorder	C92620: Panic Attack	C97193: Panic Disorder without Agoraphobia	C97194: Panic Disorder with Agoraphobia	C34363: Agoraphobia without a History of Panic Disorder,,5,0,0,C34890: Panic Disorder	C92620: Panic Attack	C97193: Panic Disorder without Agoraphobia	C97194: Panic Disorder with Agoraphobia	C34363: Agoraphobia without a History of Panic Disorder,panic
C92191: Adjustment Disorder	C34358: Adjustment Reaction with Brief Depressive Reaction	C35191: Adjustment Reaction with Prolonged Depressive Reaction,,3,0,0,C92191: Adjustment Disorder	C34358: Adjustment Reaction with Brief Depressive Reaction	C35191: Adjustment Reaction with Prolonged Depressive Reaction,adjustment
C95079: Substance-Induced Sleep Disorder	C94350: Substance-Induced Sexual Dysfunction	C92623: Substance-Induced Anxiety Disorder	C92643: Substance-Induced Persisting Amnestic Disorder	C34957: Substance-Induced Psychotic Disorder,,5,0,0,C95079: Substance-Induced Sleep Disorder	C94350: Substance-Induced Sexual Dysfunction	C92623: Substance-Induced Anxiety Disorder	C92643: Substance-Induced Persisting Amnestic Disorder	C34957: Substance-Induced Psychotic Disorder,induce substance
C92199: Mental Disorder Due to a General Medical Condition	C34867: Anxiety Disorder Due to a General Medical Condition	C92642: Amnestic Disorder Due to a General Medical Condition	C94392: Psychotic Disorder Due to a General Medical Condition	C34363: Agoraphobia without a History of Panic Disorder	C92639: Delirium Due to a General Medical Condition,,6,0,0,C92199: Mental Disorder Due to a General Medical Condition	C34867: Anxiety Disorder Due to a General Medical Condition	C92642: Amnestic Disorder Due to a General Medical Condition	C94392: Psychotic Disorder Due to a General Medical Condition	C34363: Agoraphobia without a History of Panic Disorder	C92639: Delirium Due to a General Medical Condition,a
C46083: Cognitive Dysfunction	C46084: Memory Dysfunction	C94350: Substance-Induced Sexual Dysfunction,,3,0,0,C46083: Cognitive Dysfunction	C46084: Memory Dysfunction	C94350: Substance-Induced Sexual Dysfunction	C162756: Cancer-related Cognitive Dysfunction,pathophysiology
C92202: Sexual and Gender Identity Disorders	C94330: Dissociative Identity Disorder,,2,0,0,C92202: Sexual and Gender Identity Disorders	C94362: Gender Identity Disorder	C94330: Dissociative Identity Disorder,identity,disorder
C92630: Paranoid Personality Disorder	C35006: Paranoid Type Schizophrenia,,2,0,0,C92630: Paranoid Personality Disorder	C35006: Paranoid Type Schizophrenia,paranoid
C92563: Mixed Receptive-Expressive Language Disorder	C94388: Mixed Type Delusional Disorder,,2,0,0,C92563: Mixed Receptive-Expressive Language Disorder	C94388: Mixed Type Delusional Disorder,mix
C34870: Organic Mental Disorder	C35647: Insomnia due to Organic Factor,,2,0,0,C34870: Organic Mental Disorder	C35647: Insomnia due to Organic Factor	C35100: Nonpsychotic Mental Disorder Following Organic Brain Damage	C35102: Transient Organic Mental Disorder,organic
C84781: Idiopathic Hypersomnolence	C116343: Idiopathic Hypersomnia,,2,0,0,C84781: Idiopathic Hypersomnolence	C116343: Idiopathic Hypersomnia,idiopathic
C92621: Acute Stress Disorder	C3389: Post-Traumatic Stress Disorder,,2,0,0,C92621: Acute Stress Disorder	C3389: Post-Traumatic Stress Disorder,stress,disorder
"C123412: Familial Alzheimer's Disease, Type 3	C123413: Familial Alzheimer's Disease, Type 4	C146894: Familial Alzheimer's Disease, Type 1",C2866: Alzheimer's Disease,3,1,0,"C123412: Familial Alzheimer's Disease, Type 3	C123413: Familial Alzheimer's Disease, Type 4	C146894: Familial Alzheimer's Disease, Type 1",family,alzheimer,disease,type
C35526: Chronic Insomnia	C35270: Chronic Schizophrenia,,2,0,0,C35526: Chronic Insomnia	C35270: Chronic Schizophrenia	C35182: Latent Chronic Schizophrenia	C35184: Residual Chronic Schizophrenia,chronic
C92199: Mental Disorder Due to a General Medical Condition	C34867: Anxiety Disorder Due to a General Medical Condition	C92642: Amnestic Disorder Due to a General Medical Condition	C94392: Psychotic Disorder Due to a General Medical Condition,,4,0,0,C92199: Mental Disorder Due to a General Medical Condition	C34867: Anxiety Disorder Due to a General Medical Condition	C92642: Amnestic Disorder Due to a General Medical Condition	C94392: Psychotic Disorder Due to a General Medical Condition,disorder,due,tonga,a,generalise,medical,condition
C92199: Mental Disorder Due to a General Medical Condition	C35604: Sleep Disorder due to General Medical Condition	C34867: Anxiety Disorder Due to a General Medical Condition	C92622: Generalized Anxiety Disorder	C92642: Amnestic Disorder Due to a General Medical Condition	C94392: Psychotic Disorder Due to a General Medical Condition	C92639: Delirium Due to a General Medical Condition,,7,0,0,C92199: Mental Disorder Due to a General Medical Condition	C35604: Sleep Disorder due to General Medical Condition	C34867: Anxiety Disorder Due to a General Medical Condition	C92622: Generalized Anxiety Disorder	C92642: Amnestic Disorder Due to a General Medical Condition	C94392: Psychotic Disorder Due to a General Medical Condition	C92639: Delirium Due to a General Medical Condition,generalise
C34633: Gastrointestinal Malfunction Arising from Mental Factor	C35186: Physiological Malfunction Arising from Mental Factor	C35188: Skin Disorder Arising from Mental Factor	C35189: Genitourinary Malfunction Arising from Mental Factor	C35190: Endocrine Disorder Arising from Mental Factor	C35390: Respiratory Malfunction Arising from Mental Factor	C35647: Insomnia due to Organic Factor,,7,0,0,C34633: Gastrointestinal Malfunction Arising from Mental Factor	C35186: Physiological Malfunction Arising from Mental Factor	C35188: Skin Disorder Arising from Mental Factor	C35189: Genitourinary Malfunction Arising from Mental Factor	C35190: Endocrine Disorder Arising from Mental Factor	C35390: Respiratory Malfunction Arising from Mental Factor	C35647: Insomnia due to Organic Factor,factor
"C84711: Fatal Familial Insomnia	C123412: Familial Alzheimer's Disease, Type 3	C123413: Familial Alzheimer's Disease, Type 4	C146894: Familial Alzheimer's Disease, Type 1",,4,0,0,"C84711: Fatal Familial Insomnia	C123412: Familial Alzheimer's Disease, Type 3	C123413: Familial Alzheimer's Disease, Type 4	C146894: Familial Alzheimer's Disease, Type 1",family
C92199: Mental Disorder Due to a General Medical Condition	C34633: Gastrointestinal Malfunction Arising from Mental Factor	C35186: Physiological Malfunction Arising from Mental Factor	C35188: Skin Disorder Arising from Mental Factor	C35189: Genitourinary Malfunction Arising from Mental Factor	C35190: Endocrine Disorder Arising from Mental Factor	C35390: Respiratory Malfunction Arising from Mental Factor,,7,0,0,C92199: Mental Disorder Due to a General Medical Condition	C34633: Gastrointestinal Malfunction Arising from Mental Factor	C35186: Physiological Malfunction Arising from Mental Factor	C35188: Skin Disorder Arising from Mental Factor	C35189: Genitourinary Malfunction Arising from Mental Factor	C35190: Endocrine Disorder Arising from Mental Factor	C35390: Respiratory Malfunction Arising from Mental Factor	C34870: Organic Mental Disorder	C35100: Nonpsychotic Mental Disorder Following Organic Brain Damage	C35102: Transient Organic Mental Disorder,mental
C92199: Mental Disorder Due to a General Medical Condition,,1,0,0,C92199: Mental Disorder Due to a General Medical Condition	C34870: Organic Mental Disorder	C35100: Nonpsychotic Mental Disorder Following Organic Brain Damage	C35102: Transient Organic Mental Disorder,mental,disorder
C34805: Manic Bipolar Affective Disorder	C34361: Affective Psychosis,,2,0,0,C34805: Manic Bipolar Affective Disorder	C34361: Affective Psychosis,affective
C97194: Panic Disorder with Agoraphobia	C34358: Adjustment Reaction with Brief Depressive Reaction	C35191: Adjustment Reaction with Prolonged Depressive Reaction,,3,0,0,C97194: Panic Disorder with Agoraphobia	C34358: Adjustment Reaction with Brief Depressive Reaction	C35191: Adjustment Reaction with Prolonged Depressive Reaction,with
C117287: Night Terrors	C95077: Sleep Terror Disorder,,2,0,0,C117287: Night Terrors	C95077: Sleep Terror Disorder,terror
