C26684: Radiation-Induced Disorder,,1,0,1,C53539: Radiation-Related Non-Neoplastic Disorder	C26684: Radiation-Induced Disorder,disorder
C27920: Solar Radiation-Related Cutaneous Melanoma	C27719: Cutaneous Radiation-Related Angiosarcoma,,2,0,0,C27920: Solar Radiation-Related Cutaneous Melanoma	C27719: Cutaneous Radiation-Related Angiosarcoma,cutaneous
C26684: Radiation-Induced Disorder,,1,0,1,C27060: Radiation-Induced Myelopathy	C27064: Radiation-Induced Cataract	C27082: Radiation-Induced Cerebritis	C35844: Radiation-Induced Vascular Disease	C27137: Radiation-Induced Stomatitis	C27180: Radiation-Induced Fibrous Mediastinitis	C27932: Radiation-Induced Pneumonitis	C3349: Radiation-Induced Dermatitis	C5291: Radiation-Induced Intracranial Meningioma	C27104: Radiation-Induced Damage to Artery	C26684: Radiation-Induced Disorder,induce radiation
C27776: Solar Radiation-Related Malignant Neoplasm,,1,0,1,C27776: Solar Radiation-Related Malignant Neoplasm	C27920: Solar Radiation-Related Cutaneous Melanoma	C27921: Solar Radiation-Related Skin Squamous Cell Carcinoma,solar,radiation relate
C3265: Radiation-Related Neoplasm,,1,0,0,C3265: Radiation-Related Neoplasm	C27209: Radiation-Related Malignant Neoplasm	C27776: Solar Radiation-Related Malignant Neoplasm	C27930: Ionizing Radiation-Related Malignant Neoplasm,neoplasm
C53539: Radiation-Related Non-Neoplastic Disorder	C3265: Radiation-Related Neoplasm,,2,0,0,C53539: Radiation-Related Non-Neoplastic Disorder	C3265: Radiation-Related Neoplasm	C27209: Radiation-Related Malignant Neoplasm	C26814: Radiation-Related Leukemia	C93125: Radiation-Related Sarcoma	C27776: Solar Radiation-Related Malignant Neoplasm	C27930: Ionizing Radiation-Related Malignant Neoplasm	C27513: Radiation-Related Angiosarcoma	C53706: Radiation-Related Osteosarcoma	C27920: Solar Radiation-Related Cutaneous Melanoma	C27921: Solar Radiation-Related Skin Squamous Cell Carcinoma	C27719: Cutaneous Radiation-Related Angiosarcoma,radiation relate
C27947: Radiation Anemia	C3905: Radiation Enteritis	C50723: Radiation Sickness Syndrome,,3,0,0,C27947: Radiation Anemia	C3905: Radiation Enteritis	C50723: Radiation Sickness Syndrome,radiation
