"C116917: Periodic Fever, Aphthous Stomatitis, Pharyngitis, Adenitis Syndrome	C118240: Periodic Fever Syndrome",,2,0,0,"C116917: Periodic Fever, Aphthous Stomatitis, Pharyngitis, Adenitis Syndrome	C118240: Periodic Fever Syndrome	C119043: NALP12-Associated Hereditary Periodic Fever Syndrome",0,,semantic type ok,Disease or Syndrome,Disease or Syndrome,"['(A0006716, SNM)--C0015974: Periodic fever', '(A0006717, SNMI)--C0015974: Periodic fever', '(A25744855, MDR)--C0015974: Periodic fever', '(A28804956, OMIM)--C0015974: Periodic fever', '(A30925380, HPO)--C0015974: Periodic fever', '(A8572837, MTH)--C0015974: Periodic fever', '(A18684180, CHV)--C0015974: periodic fever', '(A4443905, ICPC2ICD10ENG)--C0015974: periodic; fever']",periodic,fever
"C121572: Complex Regional Pain Syndrome II	C125390: Episodic Pain Syndrome, Familial, 3	C85042: Complex Regional Pain Syndrome I",C28193: Syndrome,3,1,0,"C121572: Complex Regional Pain Syndrome II	C125390: Episodic Pain Syndrome, Familial, 3	C85042: Complex Regional Pain Syndrome I",0,,semantic type not consistent,Disease or Syndrome,Mental or Behavioral Dysfunction,"['(A18638111, CHV)--C0391976: pain syndromes', '(A13776813, MEDCIN)--C0391976: pain syndromes', '(A18656627, CHV)--C0391976: pain syndrome', '(A1622225, CCPSS)--C0391976: PAIN SYNDROME']",pain,syndrome
C123229: Primary Fanconi Syndrome	C3034: Fanconi Syndrome	C62505: Fanconi Anemia,,3,0,0,"C123229: Primary Fanconi Syndrome	C3034: Fanconi Syndrome	C78296: Acquired Fanconi Syndrome	C4377: Adult Fanconi Syndrome	C159456: Light Chain Fanconi Syndrome	C62505: Fanconi Anemia	C125702: Fanconi Anemia, Complementation Group A	C125703: Fanconi Anemia, Complementation Group B	C125704: Fanconi Anemia, Complementation Group C	C125705: Fanconi Anemia, Complementation Group D1	C125706: Fanconi Anemia, Complementation Group D2	C125707: Fanconi Anemia, Complementation Group F	C125708: Fanconi Anemia, Complementation Group G	C125709: Fanconi Anemia, Complementation Group E	C129026: Fanconi Anemia, Complementation Group I	C129027: Fanconi Anemia, Complementation Group J",0,,semantic type ok,Disease or Syndrome,Disease or Syndrome,"['(A4388849, ICPC2ICD10ENG)--C0015624: Fanconi']",fanconi
C131006: Wilms Tumor 1 Gene Syndromes	C122804: Wilms Tumor-Aniridia-Genitourinary Anomalies-Mental Retardation-Obesity Syndrome	C3718: Wilms Tumor-Aniridia-Genitourinary Anomalies-Mental Retardation Syndrome,,3,0,0,C131006: Wilms Tumor 1 Gene Syndromes	C122804: Wilms Tumor-Aniridia-Genitourinary Anomalies-Mental Retardation-Obesity Syndrome	C3718: Wilms Tumor-Aniridia-Genitourinary Anomalies-Mental Retardation Syndrome,0,,semantic type not consistent,Disease or Syndrome,Neoplastic Process,"['(A4411037, ICPC2ICD10ENG)--C0027708: Wilms']",wilm
C2969: Cushing Syndrome,,1,0,1,C2969: Cushing Syndrome	C113210: Cushing Disease	C127159: Iatrogenic Cushing Syndrome	C153340: Recurrent Cushing Disease,0,,semantic type ok,Disease or Syndrome,Disease or Syndrome,"['(A1616481, CCPSS)--C0010481: CUSHING']",cushing
C118631: Alpha Thalassemia X-Linked Mental Retardation Syndrome	C126747: Lubs X-Linked Mental Retardation Syndrome,C28193: Syndrome,2,1,0,C118631: Alpha Thalassemia X-Linked Mental Retardation Syndrome	C126747: Lubs X-Linked Mental Retardation Syndrome,0,,semantic type ok,Disease or Syndrome* Mental or Behavioral Dysfunction,Disease or Syndrome,"['(A26643036, MSH)--C1136249: X-Linked Mental Retardation Syndromes']",link x,mental,retardation,syndrome
C45428: Tropical Sprue	C45426: Collagenous Sprue,,2,0,0,C45428: Tropical Sprue	C45426: Collagenous Sprue,0,,semantic type ok,Disease or Syndrome,Disease or Syndrome,"['(A0118921, RCD)--C0007570: Sprue', '(A0118922, SNM)--C0007570: Sprue', '(A23864028, LCH_NW)--C0007570: Sprue', '(A26649419, MSH)--C0007570: Sprue', '(A18571778, CHV)--C0007570: sprue', '(A18683246, CHV)--C0007570: sprues', '(A0118917, ICPC2P)--C0205707: Sprue', '(A25695657, MDR)--C0205707: Sprue', '(A2886794, SNOMEDCT_US)--C0205707: Sprue', '(A0118920, MTH)--C0205707: Sprue', '(A0455766, CST)--C0205707: SPRUE', '(A0455767, DXP)--C0205707: SPRUE', '(A1203522, AOD)--C0205707: sprue', '(A1203523, CSP)--C0205707: sprue', '(A1203524, CSP)--C0205707: sprue', '(A4387684, ICPC2ICD10ENG)--C0205707: sprue', '(A9334161, ICPC2P)--C0205707: sprue', '(A18671493, CHV)--C0205707: sprue', '(A18652901, CHV)--C0205707: sprues']",sprue
C121572: Complex Regional Pain Syndrome II	C85042: Complex Regional Pain Syndrome I,C28193: Syndrome,2,1,0,C121572: Complex Regional Pain Syndrome II	C85042: Complex Regional Pain Syndrome I,1,"['C0007462', 'C0458219']",semantic type ok,Disease or Syndrome,Disease or Syndrome,"['(A1641184, MSH)--C0458219: Complex Regional Pain Syndromes', '(A28941865, MTH)--C0458219: Complex Regional Pain Syndromes', '(A0902228, RCD)--C0458219: Complex regional pain syndromes', '(A18639566, CHV)--C0458219: complex regional pain syndromes', '(A0902227, RCD)--C0458219: Complex regional pain syndrome', '(A24194303, MEDCIN)--C0458219: Complex regional pain syndrome', '(A25731634, MDR)--C0458219: Complex regional pain syndrome', '(A8254229, MDR)--C0458219: Complex regional pain syndrome', '(A7874024, SNOMEDCT_US)--C0458219: Complex regional pain syndrome', '(A18620884, CHV)--C0458219: complex regional pain syndrome', '(A21145355, MEDLINEPLUS)--C0458219: Complex Regional Pain Syndrome', '(A31093260, MSH)--C0458219: Complex Regional Pain Syndrome']",complex,regional,pain,syndrome
C27871: Congenital Combined Immunodeficiency,,1,0,0,"C27871: Congenital Combined Immunodeficiency	C3472: Severe Combined Immunodeficiency	C162694: Severe Combined Immunodeficiency, Athabascan Type	C162695: Severe Combined Immunodeficiency due to NHEJ1 Deficiency	C4682: X-Linked Severe Combined Immunodeficiency	C61238: Severe Combined Immunodeficiency with Absence of T and B Cells	C61239: Severe Combined Immunodeficiency with Absence of T, Normal B Cells",0,,semantic type ok,Disease or Syndrome,Disease or Syndrome,"['(A1591831, MDR)--C0494261: Combined immunodeficiency', '(A25684218, MDR)--C0494261: Combined immunodeficiency', '(A24675872, HPO)--C0494261: Combined immunodeficiency', '(A18565386, CHV)--C0494261: combined immunodeficiency', '(A21016863, MEDCIN)--C0494261: combined immunodeficiency', '(A4397962, ICPC2ICD10ENG)--C0494261: combined; immunodeficiency', '(A0901302, ICD10)--C0494261: Combined immunodeficiencies', '(A0901303, ICD10AM)--C0494261: Combined immunodeficiencies', '(A30950276, ICD10CM)--C0494261: Combined immunodeficiencies', '(A17863393, ICD10CM)--C0494261: Combined immunodeficiencies']",combine,immunodeficiency
C3311: Paraneoplastic Syndrome,,1,0,0,C3311: Paraneoplastic Syndrome	C4685: Paraneoplastic Cerebellar Degeneration	C3981: Paraneoplastic Polyneuropathy	C8966: Paraneoplastic Opsoclonus Ataxia	C5420: Paraneoplastic Subacute Sensory Neuronopathy,0,,semantic type not consistent,Neoplastic Process,Immunologic Factor,"['(A18129624, LNC)--C1441055: Paraneoplastic']",paraneoplastic
C127159: Iatrogenic Cushing Syndrome	C131863: Iatrogenic Contrasexual Pubertal Development,,2,0,0,C127159: Iatrogenic Cushing Syndrome	C131863: Iatrogenic Contrasexual Pubertal Development,0,,semantic type not consistent,Disease or Syndrome,Qualitative Concept,"['(A18564648, CHV)--C0439669: iatrogenic', '(A0965415, RCD)--C0439669: Iatrogenic']",iatrogenic
C101320: Perinatal Blood Aspiration Syndrome	C87093: Meconium Aspiration Syndrome,C28193: Syndrome,2,1,0,C101320: Perinatal Blood Aspiration Syndrome	C87093: Meconium Aspiration Syndrome,0,,semantic type ok,Disease or Syndrome,Disease or Syndrome,"['(A4388682, ICPC2ICD10ENG)--C0264390: aspiration; syndrome']",aspiration,syndrome
C112208: Drug Hypersensitivity Syndrome,C28193: Syndrome,1,1,0,C112208: Drug Hypersensitivity Syndrome	C112209: Anticonvulsant Hypersensitivity Syndrome,0,,semantic type ok,Disease or Syndrome,Disease or Syndrome,"['(A25735457, MDR)--C0543698: Hypersensitive syndrome', '(A18643371, CHV)--C0543698: hypersensitive syndrome', '(A25685341, MDR)--C0543698: Hypersensitivity syndrome', '(A18695638, CHV)--C0543698: hypersensitivity syndrome']",hypersensitivity,syndrome
C129721: Albright Hereditary Osteodystrophy with Multiple Hormone Resistance	C129722: Albright Hereditary Osteodystrophy without Multiple Hormone Resistance,,2,0,0,C129721: Albright Hereditary Osteodystrophy with Multiple Hormone Resistance	C129722: Albright Hereditary Osteodystrophy without Multiple Hormone Resistance,0,,semantic type not consistent,Disease or Syndrome,Finding,"['(A20267315, OMIM)--C3276229: Multiple hormone resistance']",many,hormone,resistance
"C125698: Ehlers-Danlos Syndrome, Type III	C75034: Type III Acrocephalosyndactyly",,2,0,0,"C125698: Ehlers-Danlos Syndrome, Type III	C75034: Type III Acrocephalosyndactyly",0,,semantic type not consistent,Disease or Syndrome,Classification,"['(A1109156, RCD)--C0441731: Type III', '(A27109868, LNC)--C0441731: Type III', '(A3214110, SNOMEDCT_US)--C0441731: Type III', '(A18583152, CHV)--C0441731: type iii']",type,third
C84647: Congenital Myasthenic Syndrome	C3155: Lambert Eaton Myasthenic Syndrome,C28193: Syndrome,2,1,0,C84647: Congenital Myasthenic Syndrome	C3155: Lambert Eaton Myasthenic Syndrome	C129304: Congenital Myasthenic Syndrome 5	C132292: Presynaptic Congenital Myasthenic Syndrome 6,1,['C0022972'],semantic type ok,Disease or Syndrome,Disease or Syndrome,"['(A1007146, SNMI)--C0022972: Myasthenic syndrome', '(A28265850, OMIM)--C0022972: Myasthenic syndrome', '(A3161270, SNOMEDCT_US)--C0022972: Myasthenic syndrome', '(A18629520, CHV)--C0022972: myasthenic syndrome', '(A18685165, CHV)--C0022972: myasthenic syndromes', '(A1506271, MTH)--C0549225: Myasthenic Syndrome', '(A0433206, DXP)--C0549225: MYASTHENIC SYNDROME', '(A25711403, MDR)--C0549225: Myasthenic syndrome', '(A1007145, MDR)--C0549225: Myasthenic syndrome', '(A18695740, CHV)--C0549225: myasthenic syndrome', '(A4436565, ICPC2ICD10ENG)--C0549225: myasthenic; syndrome', '(A18640233, CHV)--C0549225: myasthenic syndromes']",myasthenic,syndrome
"C75109: Trichorhinophalangeal Syndrome Type I	C8967: Brain Iron Accumulation Type I Syndrome	C125696: Ehlers-Danlos Syndrome, Type I	C99099: Type I Acrocephalosyndactyly	C154314: Autosomal Recessive Cytochrome B-Positive Chronic Granulomatous Disease Type I",,5,0,0,"C75109: Trichorhinophalangeal Syndrome Type I	C8967: Brain Iron Accumulation Type I Syndrome	C125696: Ehlers-Danlos Syndrome, Type I	C99099: Type I Acrocephalosyndactyly	C154314: Autosomal Recessive Cytochrome B-Positive Chronic Granulomatous Disease Type I",0,,semantic type not consistent,Congenital Abnormality* Disease or Syndrome,Classification,"['(A1109141, RCD)--C0441729: Type I', '(A27144937, LNC)--C0441729: Type I', '(A3214100, SNOMEDCT_US)--C0441729: Type I', '(A18657590, CHV)--C0441729: type i']",type,i
C101320: Perinatal Blood Aspiration Syndrome	C99258: Perinatal Drug Withdrawal,,2,0,0,C101320: Perinatal Blood Aspiration Syndrome	C99258: Perinatal Drug Withdrawal,0,,semantic type not consistent,Disease or Syndrome* Mental or Behavioral Dysfunction,Temporal Concept,"['(A1045730, SNMI)--C0178795: Perinatal', '(A24101714, LNC)--C0178795: Perinatal', '(A0319692, AOD)--C0178795: perinatal', '(A18670701, CHV)--C0178795: perinatal', '(A0319693, CSP)--C0178795: perinatal']",perinatal
C74998: Familial Juvenile Nephronophthisis	C75483: Juvenile X-Linked Retinoschisis	C117297: Juvenile Primary Fibromyalgia Syndrome	C7754: Juvenile Polyposis Syndrome,,4,0,0,C74998: Familial Juvenile Nephronophthisis	C75483: Juvenile X-Linked Retinoschisis	C117297: Juvenile Primary Fibromyalgia Syndrome	C7754: Juvenile Polyposis Syndrome,0,,semantic type not consistent,Neoplastic Process* Disease or Syndrome,Age Group,"['(A0426545, RCD)--C3146221: Juvenile', '(A0426546, SNM)--C3146221: Juvenile', '(A0426547, SNMI)--C3146221: Juvenile', '(A2935282, SNOMEDCT_US)--C3146221: Juvenile', '(A1394516, AOD)--C3146221: juvenile', '(A18671486, CHV)--C3146221: juvenile', '(A18652893, CHV)--C3146221: juveniles']",juvenile
C27168: Obstructive Sleep Apnea Syndrome	C27169: Central Sleep Apnea Syndrome,C28193: Syndrome,2,1,0,C27168: Obstructive Sleep Apnea Syndrome	C27169: Central Sleep Apnea Syndrome,1,"['C0520679', 'C0037315']",semantic type ok,Disease or Syndrome,Disease or Syndrome,"['(A0117017, MSH)--C0037315: Sleep Apnea Syndromes', '(A0117018, MTH)--C0037315: Sleep Apnea Syndromes', '(A0459323, LCH)--C0037315: Sleep apnea syndromes', '(A23870582, LCH_NW)--C0037315: Sleep apnea syndromes', '(A25708421, MDR)--C0037315: Sleep apnea syndromes', '(A18575384, CHV)--C0037315: sleep apnea syndromes', '(A0001885, RCDAE)--C0037315: Sleep apnea syndrome', '(A0001887, SNM)--C0037315: Sleep apnea syndrome', '(A25712515, MDR)--C0037315: Sleep apnea syndrome', '(A27876136, MDR)--C0037315: Sleep apnea syndrome', '(A2872643, SNOMEDCT_US)--C0037315: Sleep apnea syndrome', '(A0459313, MSH)--C0037315: Sleep Apnea Syndrome', '(A0603363, AOD)--C0037315: sleep apnea syndrome', '(A18556964, CHV)--C0037315: sleep apnea syndrome', '(A1087180, MDR)--C0037315: Sleep apnoea syndrome', '(A1087181, RCD)--C0037315: Sleep apnoea syndrome', '(A25745544, MDR)--C0037315: Sleep apnoea syndrome', '(A3201918, SNOMEDCT_US)--C0037315: Sleep apnoea syndrome', '(A18594016, CHV)--C0037315: sleep apnoea syndrome', '(A1206994, WHO)--C0037315: SLEEP APNOEA SYNDROME', '(A1207281, MTH)--C0037315: SLEEP APNEA SYNDROME', '(A25720636, MDR)--C0037315: Sleep apnoea syndromes']",sleep,apnea,syndrome
"C116380: Chronic Infantile Neurological Cutaneous and Articular Syndrome	C126650: Infantile Convulsions and Paroxysmal Choreoathetosis, Familial	C158135: Infantile Liver Failure Syndrome 2",,3,0,0,"C116380: Chronic Infantile Neurological Cutaneous and Articular Syndrome	C126650: Infantile Convulsions and Paroxysmal Choreoathetosis, Familial	C158135: Infantile Liver Failure Syndrome 2",0,,semantic type not consistent,Disease or Syndrome,Qualitative Concept* Temporal Concept,"['(A0358509, SNMI)--C0231330: Infantile', '(A26501281, LNC)--C0231330: Infantile', '(A0358508, RCD)--C2939166: Infantile', '(A2921143, SNOMEDCT_US)--C2939166: Infantile', '(A18671434, CHV)--C2939166: infantile']",infantile
C123081: Nephrotic Syndrome - Epstein-Barr Virus Associated	C123082: Nephrotic Syndrome - Hepatitis B Virus Associated	C123083: Nephrotic Syndrome - Hepatitis C Virus Associated	C123084: Nephrotic Syndrome - Human Immunodeficiency Virus Associated,,4,0,0,C123081: Nephrotic Syndrome - Epstein-Barr Virus Associated	C123082: Nephrotic Syndrome - Hepatitis B Virus Associated	C123083: Nephrotic Syndrome - Hepatitis C Virus Associated	C123084: Nephrotic Syndrome - Human Immunodeficiency Virus Associated,0,,semantic type not consistent,Disease or Syndrome,Virus,"['(A26596144, MSH)--C0036238: Virus, Associated', '(A18575217, CHV)--C0036238: virus associated', '(A26612367, MSH)--C0036238: Viruses, Associated']",virus,associate
"C75118: Trichorhinophalangeal Syndrome Type II	C125697: Ehlers-Danlos Syndrome, Type II	C98873: Type II Acrocephalopolysyndactyly	C75007: Marfan Syndrome Type II",,4,0,0,"C75118: Trichorhinophalangeal Syndrome Type II	C125697: Ehlers-Danlos Syndrome, Type II	C98873: Type II Acrocephalopolysyndactyly	C75007: Marfan Syndrome Type II",0,,semantic type not consistent,Disease or Syndrome,Classification,"['(A1109149, RCD)--C0441730: Type II', '(A27138489, LNC)--C0441730: Type II', '(A3214105, SNOMEDCT_US)--C0441730: Type II', '(A18601825, CHV)--C0441730: type ii']",type,second
C123231: Syndrome of Apparent Mineralocorticoid Excess	C7506: Myelodysplastic Syndrome with Excess Blasts,,2,0,0,C123231: Syndrome of Apparent Mineralocorticoid Excess	C7506: Myelodysplastic Syndrome with Excess Blasts	C7168: Myelodysplastic Syndrome with Excess Blasts-2	C7167: Myelodysplastic Syndrome with Excess Blasts-1	C82595: Myelodysplastic Syndrome with Excess Blasts and Fibrosis,0,,semantic type not consistent,Neoplastic Process* Disease or Syndrome,Qualitative Concept,"['(A18285112, LNC)--C1979886: Excess']",excess
"C131009: Immune Dysregulation, Polyendocrinopathy, and Enteropathy X-Linked Syndrome	C94694: Autoimmune Enteropathy",,2,0,0,"C131009: Immune Dysregulation, Polyendocrinopathy, and Enteropathy X-Linked Syndrome	C94694: Autoimmune Enteropathy",0,,semantic type ok,Disease or Syndrome,Finding* Disease or Syndrome,"['(A12025497, OMIM)--C0021831: Enteropathy', '(A3416015, SNOMEDCT_US)--C0021831: Enteropathy', '(A18648002, CHV)--C0021831: enteropathy', '(A4411521, ICPC2ICD10ENG)--C0021831: enteropathy', '(A24673167, HPO)--C4316788: Enteropathy']",enteropathy
"C118631: Alpha Thalassemia X-Linked Mental Retardation Syndrome	C126747: Lubs X-Linked Mental Retardation Syndrome	C131009: Immune Dysregulation, Polyendocrinopathy, and Enteropathy X-Linked Syndrome	C75483: Juvenile X-Linked Retinoschisis	C61246: X-Linked Lymphoproliferative Syndrome	C75485: X-Linked Cornelia De Lange Syndrome	C3822: X-Linked Agammaglobulinemia	C4682: X-Linked Severe Combined Immunodeficiency	C154315: X-linked Chronic Granulomatous Disease",,9,0,0,"C118631: Alpha Thalassemia X-Linked Mental Retardation Syndrome	C126747: Lubs X-Linked Mental Retardation Syndrome	C131009: Immune Dysregulation, Polyendocrinopathy, and Enteropathy X-Linked Syndrome	C75483: Juvenile X-Linked Retinoschisis	C61246: X-Linked Lymphoproliferative Syndrome	C75485: X-Linked Cornelia De Lange Syndrome	C3822: X-Linked Agammaglobulinemia	C4682: X-Linked Severe Combined Immunodeficiency	C154315: X-linked Chronic Granulomatous Disease",0,,semantic type not consistent,Neoplastic Process* Disease or Syndrome* Mental or Behavioral Dysfunction,Genetic Function,"['(A1121926, RCD)--C0241764: X-linked', '(A12009615, OMIM)--C0241764: X-linked', '(A24682061, HPO)--C0241764: X-linked', '(A29387501, LNC)--C0241764: X-linked', '(A3220201, SNOMEDCT_US)--C0241764: X-linked', '(A0471981, DXP)--C0241764: X-LINKED']",link x
C125712: Immune Reconstitution Inflammatory Syndrome Associated with Kaposi Sarcoma	C84889: Myoclonic Epilepsy Associated with Ragged-Red Fibers	C4065: Ectopic Hormone Secretion Syndrome Associated with Neoplasia,,3,0,0,C125712: Immune Reconstitution Inflammatory Syndrome Associated with Kaposi Sarcoma	C84889: Myoclonic Epilepsy Associated with Ragged-Red Fibers	C4065: Ectopic Hormone Secretion Syndrome Associated with Neoplasia,0,,semantic type not consistent,Disease or Syndrome,Qualitative Concept,"['(A0648840, RCD)--C0332281: Associated with', '(A0648841, SNMI)--C0332281: Associated with', '(A2993840, SNOMEDCT_US)--C0332281: Associated with', '(A7751501, MTH)--C0332281: Associated with', '(A18600024, CHV)--C0332281: associated with', '(A1612344, CCPSS)--C0332281: ASSOCIATED WITH']",associate,with
C34413: Basilar Artery Syndrome	C35123: Vertebral Artery Syndrome	C85175: Superior Mesenteric Artery Syndrome,C28193: Syndrome,3,1,0,C34413: Basilar Artery Syndrome	C35123: Vertebral Artery Syndrome	C85175: Superior Mesenteric Artery Syndrome,0,,semantic type ok,Disease or Syndrome,Disease or Syndrome,"['(A4471291, ICPC2ICD10ENG)--C1406682: artery; syndrome']",artery,syndrome
C4065: Ectopic Hormone Secretion Syndrome Associated with Neoplasia,,1,0,0,C4065: Ectopic Hormone Secretion Syndrome Associated with Neoplasia	C3988: Syndrome of Inappropriate Antidiuretic Hormone Secretion	C8440: Ectopic Growth Hormone Secretion Syndrome,0,,semantic type not consistent,Disease or Syndrome,Organ or Tissue Function,"['(A0717202, SNMI)--C0312431: Hormone secretion', '(A3030879, SNOMEDCT_US)--C0312431: Hormone secretion', '(A11611619, GO)--C0312431: hormone secretion', '(A18618363, CHV)--C0312431: hormone secretion', '(A18562791, CHV)--C0312431: hormones secretions']",hormone,secretion
C101038: Lethal Multiple Pterygium Syndrome	C118786: Popliteal Pterygium Syndrome,C28193: Syndrome,2,1,0,C101038: Lethal Multiple Pterygium Syndrome	C118786: Popliteal Pterygium Syndrome,1,"['C1854678', 'C0265261']",semantic type not consistent,Disease or Syndrome,Congenital Abnormality,"['(A18461866, MSH)--C0265261: Pterygium syndrome', '(A1704522, JABL)--C0265261: pterygium syndrome', '(A18654726, CHV)--C0265261: pterygium syndrome', '(A24582821, OMIM)--C0265261: PTERYGIUM SYNDROME']",pterygium,syndrome
C119056: Deficiency of the Interleukin-1 Receptor Antagonist	C119057: Deficiency of the Interleukin-36 Receptor Antagonist	C4799: Deficiency of Humoral Immunity,,3,0,0,C119056: Deficiency of the Interleukin-1 Receptor Antagonist	C119057: Deficiency of the Interleukin-36 Receptor Antagonist	C4799: Deficiency of Humoral Immunity,0,,semantic type not consistent,Disease or Syndrome,Functional Concept,"['(A3386747, SNOMEDCT_US)--C0011155: Deficiency of']",deficiency,of
C84657: Cryopyrin-Associated Periodic Syndrome	C119051: Tumor Necrosis Factor Receptor 1-Associated Periodic Syndrome,C28193: Syndrome,2,1,0,C84657: Cryopyrin-Associated Periodic Syndrome	C119051: Tumor Necrosis Factor Receptor 1-Associated Periodic Syndrome,0,,semantic type ok,Disease or Syndrome,Disease or Syndrome,"['(A1298934, RCD)--C0585274: Periodic syndrome', '(A3297090, SNOMEDCT_US)--C0585274: Periodic syndrome', '(A18566474, CHV)--C0585274: periodic syndrome']",periodic,syndrome
