C116362: Alice in Wonderland Syndrome	C103183: In Utero Drug Withdrawal,,2,0,0,C116362: Alice in Wonderland Syndrome	C103183: In Utero Drug Withdrawal,outside hierarchy,"['C43483: Indiana', 'C24514: INS Gene', 'C115651: Clinical Trial Insurance Documentation', 'C16727: India', 'C20855: Informatics Nurse Specialist', 'C25626: Present', 'C6828: Chromosomal Insertion', 'C48500: Inch', 'C51123: CD44 wt Allele', 'C52420: INS wt Allele', 'C66827: Indium', 'C85416: International Neuroblastoma Staging System']",in
C124838: Orofacial Cleft 1	C122656: Cleft Lip/Palate-Ectodermal Dysplasia Syndrome,,2,0,0,C124838: Orofacial Cleft 1	C122656: Cleft Lip/Palate-Ectodermal Dysplasia Syndrome,outside hierarchy,"['C54572: Split', 'C61510: Cleft', 'C73872: Clove', 'C28128: Cleaved Cell', 'C51160: PIK3CA wt Allele']",split
C39855: Diffuse Leiomyomatosis Syndrome	C51302: Hereditary Leiomyomatosis and Renal Cell Cancer,,2,0,0,C39855: Diffuse Leiomyomatosis Syndrome	C51302: Hereditary Leiomyomatosis and Renal Cell Cancer,outside hierarchy,['C3748: Leiomyomatosis'],leiomyomatosis
C130986: Distal 18q Deletion Syndrome	C84522: Deletion 18q Syndrome,,2,0,0,C130986: Distal 18q Deletion Syndrome	C84522: Deletion 18q Syndrome,outside hierarchy,['C13383: 18q'],18q
"C116916: Progressive Hemifacial Atrophy	C84453: Progressive Familial Intrahepatic Cholestasis	C85028: Progressive Supranuclear Palsy	C143014: Neurofibromatosis Type 1 with Inoperable, Progressive, Symptomatic Plexiform Neurofibromas",,4,0,0,"C116916: Progressive Hemifacial Atrophy	C84453: Progressive Familial Intrahepatic Cholestasis	C85028: Progressive Supranuclear Palsy	C143014: Neurofibromatosis Type 1 with Inoperable, Progressive, Symptomatic Plexiform Neurofibromas",outside hierarchy,['C25254: Progressive'],progressive
C123223: Atypical Hemolytic Uremic Syndrome	C123228: Familial Atypical Hemolytic Uremic Syndrome	C27264: Familial Atypical Mole Melanoma Syndrome,,3,0,0,C123223: Atypical Hemolytic Uremic Syndrome	C123228: Familial Atypical Hemolytic Uremic Syndrome	C27264: Familial Atypical Mole Melanoma Syndrome,outside hierarchy,"['C9478: Atypia', 'C25428: Atypical']",atypia
C111814: Griscelli Syndrome Type 2	C130993: Kenny-Caffey Syndrome Type 2	C114768: Loeys-Dietz Syndrome Type 2	C75009: Waardenburg Syndrome Type 2	C126328: Usher Syndrome Type 2	C129728: Autoimmune Polyglandular Syndrome Type 2	C74985: Stickler Syndrome Type 2	C74995: Holoprosencephaly Type 2	C123329: Multiple Endocrine Neoplasia Type 2	C39576: Type 2 Autoimmune Lymphoproliferative Syndrome	C153291: Rubinstein-Taybi Syndrome Type 2	C4690: Leukocyte Adhesion Deficiency Type 2	C40464: Turcot Syndrome Type 2	C3274: Neurofibromatosis Type 2,,14,0,0,C111814: Griscelli Syndrome Type 2	C130993: Kenny-Caffey Syndrome Type 2	C114768: Loeys-Dietz Syndrome Type 2	C75009: Waardenburg Syndrome Type 2	C126328: Usher Syndrome Type 2	C129728: Autoimmune Polyglandular Syndrome Type 2	C74985: Stickler Syndrome Type 2	C74995: Holoprosencephaly Type 2	C123329: Multiple Endocrine Neoplasia Type 2	C39576: Type 2 Autoimmune Lymphoproliferative Syndrome	C153291: Rubinstein-Taybi Syndrome Type 2	C4690: Leukocyte Adhesion Deficiency Type 2	C40464: Turcot Syndrome Type 2	C3274: Neurofibromatosis Type 2,outside hierarchy,['C125395: Bristol Stool Type 2'],type,two
C116378: Posterior Fossa Syndrome	C78598: Reversible Posterior Leukoencephalopathy Syndrome,,2,0,0,C116378: Posterior Fossa Syndrome	C78598: Reversible Posterior Leukoencephalopathy Syndrome,outside hierarchy,['C25622: Posterior'],posterior
"C116380: Chronic Infantile Neurological Cutaneous and Articular Syndrome	C119049: Synovitis, Acne, Pustulosis, Hyperostosis, and Osteitis Syndrome	C121944: Rapid-Onset Obesity with Hypothalamic Dysfunction, Hypoventilation, and Autonomic Dysregulation	C123018: Renal Cysts and Diabetes Syndrome	C123021: Tubulointerstitial Nephritis and Uveitis	C123437: Multicentric Osteolysis, Nodulosis, and Arthropathy	C126650: Infantile Convulsions and Paroxysmal Choreoathetosis, Familial	C130996: Maternal Diabetes and Deafness Syndrome	C131009: Immune Dysregulation, Polyendocrinopathy, and Enteropathy X-Linked Syndrome	C40553: Tooth and Nail Syndrome	C50794: Uveitis Glaucoma And Hyphema Syndrome	C85236: XXXY and XXXXY Syndrome	C116927: Acute Motor and Sensory Axonal Neuropathy	C119055: Pyogenic Arthritis, Pyoderma Gangrenosum and Acne	C123729: Natural Killer Cell and Glucocorticoid Deficiency with DNA Repair Defect	C34731: Intestinal Disaccharidase Deficiency and Disaccharide Malabsorption	C84793: Jervell and Lange Nielsen Syndrome	C157461: Glucagon Cell Hyperplasia and Neoplasia	C8493: Hereditary Breast and Ovarian Cancer Syndrome	C51302: Hereditary Leiomyomatosis and Renal Cell Cancer	C130037: Myelodysplastic Syndrome with Ring Sideroblasts and Single Lineage Dysplasia	C27726: Myelodysplastic Syndrome with Ring Sideroblasts and Multilineage Dysplasia	C82595: Myelodysplastic Syndrome with Excess Blasts and Fibrosis	C61238: Severe Combined Immunodeficiency with Absence of T and B Cells",,24,0,0,"C116380: Chronic Infantile Neurological Cutaneous and Articular Syndrome	C119049: Synovitis, Acne, Pustulosis, Hyperostosis, and Osteitis Syndrome	C121944: Rapid-Onset Obesity with Hypothalamic Dysfunction, Hypoventilation, and Autonomic Dysregulation	C123018: Renal Cysts and Diabetes Syndrome	C123021: Tubulointerstitial Nephritis and Uveitis	C123437: Multicentric Osteolysis, Nodulosis, and Arthropathy	C126650: Infantile Convulsions and Paroxysmal Choreoathetosis, Familial	C130996: Maternal Diabetes and Deafness Syndrome	C131009: Immune Dysregulation, Polyendocrinopathy, and Enteropathy X-Linked Syndrome	C40553: Tooth and Nail Syndrome	C50794: Uveitis Glaucoma And Hyphema Syndrome	C85236: XXXY and XXXXY Syndrome	C116927: Acute Motor and Sensory Axonal Neuropathy	C119055: Pyogenic Arthritis, Pyoderma Gangrenosum and Acne	C123729: Natural Killer Cell and Glucocorticoid Deficiency with DNA Repair Defect	C34731: Intestinal Disaccharidase Deficiency and Disaccharide Malabsorption	C84793: Jervell and Lange Nielsen Syndrome	C157461: Glucagon Cell Hyperplasia and Neoplasia	C8493: Hereditary Breast and Ovarian Cancer Syndrome	C51302: Hereditary Leiomyomatosis and Renal Cell Cancer	C130037: Myelodysplastic Syndrome with Ring Sideroblasts and Single Lineage Dysplasia	C27726: Myelodysplastic Syndrome with Ring Sideroblasts and Multilineage Dysplasia	C82595: Myelodysplastic Syndrome with Excess Blasts and Fibrosis	C61238: Severe Combined Immunodeficiency with Absence of T and B Cells",outside hierarchy,"['C16289: Andorra', 'C37912: And', 'C45768: AD Term Type', 'C49563: Analysis Dataset Domain', 'C64643: Up to', 'C95816: Address Data Type']",andorra
C84670: Diffuse Cerebral Sclerosis of Schilder	C121198: Congenital Nephrotic Syndrome - Diffuse Mesangial Sclerosis	C3424: Tuberous Sclerosis,,3,0,0,C84670: Diffuse Cerebral Sclerosis of Schilder	C121198: Congenital Nephrotic Syndrome - Diffuse Mesangial Sclerosis	C3424: Tuberous Sclerosis	C75122: Tuberous Sclerosis 1	C75331: Tuberous Sclerosis 2,outside hierarchy,['C69309: Sclerosis'],sclerose
C124841: Orofaciodigital Syndrome Type 6	C122654: Short-Rib Thoracic Dysplasia 6 with or without Polydactyly	C132292: Presynaptic Congenital Myasthenic Syndrome 6	C150369: Hermansky-Pudlak Syndrome 6,,4,0,0,C124841: Orofaciodigital Syndrome Type 6	C122654: Short-Rib Thoracic Dysplasia 6 with or without Polydactyly	C132292: Presynaptic Congenital Myasthenic Syndrome 6	C150369: Hermansky-Pudlak Syndrome 6,outside hierarchy,['C66837: Six'],six
C84713: Fetal Alcohol Syndrome	C98906: Fetal Warfarin Syndrome	C98927: Fetal Hydantoin Syndrome	C98928: Fetal Methotrexate Syndrome	C98929: Fetal Retinoid Syndrome	C98930: Fetal Valproate Syndrome,,6,0,0,C84713: Fetal Alcohol Syndrome	C98906: Fetal Warfarin Syndrome	C98927: Fetal Hydantoin Syndrome	C98928: Fetal Methotrexate Syndrome	C98929: Fetal Retinoid Syndrome	C98930: Fetal Valproate Syndrome,outside hierarchy,"['C13235: Fetus', 'C17730: Fetal Tissue']",fetus
C99267: Congenital Malformation Syndrome	C75012: Dandy-Walker Malformation	C75002: Split-Hand/Foot Malformation Type 5	C75045: Split-Hand/Foot Malformation Type 1	C75121: Split-Hand/Foot Malformation Type 3,,5,0,0,C99267: Congenital Malformation Syndrome	C75012: Dandy-Walker Malformation	C75002: Split-Hand/Foot Malformation Type 5	C75045: Split-Hand/Foot Malformation Type 1	C75121: Split-Hand/Foot Malformation Type 3,outside hierarchy,['C36287: Congenital or Acquired Anatomic Abnormality'],malformation
C118845: Otopalatodigital Syndrome Type 1	C130992: Kenny-Caffey Syndrome Type 1	C75015: Rieger Syndrome Type 1	C75481: Orofaciodigital Syndrome Type 1	C75119: Loeys-Dietz Syndrome Type 1	C75008: Waardenburg Syndrome Type 1	C126327: Usher Syndrome Type 1	C129727: Autoimmune Polyglandular Syndrome Type 1	C75476: Holoprosencephaly Type 1	C75045: Split-Hand/Foot Malformation Type 1	C3225: Multiple Endocrine Neoplasia Type 1	C153290: Rubinstein-Taybi Syndrome Type 1	C4689: Leukocyte Adhesion Deficiency Type 1	C40463: Turcot Syndrome Type 1	C3273: Neurofibromatosis Type 1,,15,0,0,"C118845: Otopalatodigital Syndrome Type 1	C130992: Kenny-Caffey Syndrome Type 1	C75015: Rieger Syndrome Type 1	C75481: Orofaciodigital Syndrome Type 1	C75119: Loeys-Dietz Syndrome Type 1	C75008: Waardenburg Syndrome Type 1	C126327: Usher Syndrome Type 1	C129727: Autoimmune Polyglandular Syndrome Type 1	C75476: Holoprosencephaly Type 1	C75045: Split-Hand/Foot Malformation Type 1	C3225: Multiple Endocrine Neoplasia Type 1	C153290: Rubinstein-Taybi Syndrome Type 1	C4689: Leukocyte Adhesion Deficiency Type 1	C40463: Turcot Syndrome Type 1	C3273: Neurofibromatosis Type 1	C143014: Neurofibromatosis Type 1 with Inoperable, Progressive, Symptomatic Plexiform Neurofibromas	C155985: Recurrent Neurofibromatosis Type 1	C155986: Refractory Neurofibromatosis Type 1",outside hierarchy,['C125394: Bristol Stool Type 1'],type,one
C122797: Nephrotic Syndrome of Childhood - Steroid Sensitive	C122798: Nephrotic Syndrome of Childhood - Steroid Resistant	C68744: Childhood Myelodysplastic Syndrome,,3,0,0,C122797: Nephrotic Syndrome of Childhood - Steroid Sensitive	C122798: Nephrotic Syndrome of Childhood - Steroid Resistant	C68744: Childhood Myelodysplastic Syndrome	C82596: Refractory Cytopenia of Childhood,outside hierarchy,"['C89345: Childhood', 'C39299: Pediatric']",pediatric
C75460: Holoprosencephaly Type 5	C75002: Split-Hand/Foot Malformation Type 5,,2,0,0,C75460: Holoprosencephaly Type 5	C75002: Split-Hand/Foot Malformation Type 5,outside hierarchy,['C125398: Bristol Stool Type 5'],type,five
"C121944: Rapid-Onset Obesity with Hypothalamic Dysfunction, Hypoventilation, and Autonomic Dysregulation	C35066: Temporomandibular Joint Dysfunction Syndrome	C43245: Pyramidal Tract Dysfunction",,3,0,0,"C121944: Rapid-Onset Obesity with Hypothalamic Dysfunction, Hypoventilation, and Autonomic Dysregulation	C35066: Temporomandibular Joint Dysfunction Syndrome	C43245: Pyramidal Tract Dysfunction",outside hierarchy,"['C20632: Pathophysiology', 'C53526: Dysfunction']",pathophysiology
C84792: Iridocorneal Endothelial Syndrome	C35535: Nephrotic Syndrome with Lesion of Endothelial Glomerulonephritis,,2,0,0,C84792: Iridocorneal Endothelial Syndrome	C35535: Nephrotic Syndrome with Lesion of Endothelial Glomerulonephritis,outside hierarchy,['C12481: Endothelium'],endothelium
C85065: Short Rib-Polydactyly Syndrome	C99059: Short Bowel Syndrome	C92206: Short Limb Dwarfism-Saddle Nose-Spinal Alterations-Metaphyseal Striation Syndrome,,3,0,0,C85065: Short Rib-Polydactyly Syndrome	C99059: Short Bowel Syndrome	C92206: Short Limb Dwarfism-Saddle Nose-Spinal Alterations-Metaphyseal Striation Syndrome,outside hierarchy,"['C25249: Short', 'C73939: Short']",short
C130990: Insulin Receptor Mutation - Associated Insulin Resistance Syndromes	C119051: Tumor Necrosis Factor Receptor 1-Associated Periodic Syndrome	C119056: Deficiency of the Interleukin-1 Receptor Antagonist	C119057: Deficiency of the Interleukin-36 Receptor Antagonist	C126337: IFN-gamma Receptor 1 Deficiency,,5,0,0,C130990: Insulin Receptor Mutation - Associated Insulin Resistance Syndromes	C119051: Tumor Necrosis Factor Receptor 1-Associated Periodic Syndrome	C119056: Deficiency of the Interleukin-1 Receptor Antagonist	C119057: Deficiency of the Interleukin-36 Receptor Antagonist	C126337: IFN-gamma Receptor 1 Deficiency,outside hierarchy,['C18106: Receptor'],receptor
C122796: Idiopathic Nephrotic Syndrome	C84780: Idiopathic CD4-Positive T-Lymphocytopenia,,2,0,0,C122796: Idiopathic Nephrotic Syndrome	C84780: Idiopathic CD4-Positive T-Lymphocytopenia,outside hierarchy,['C28242: Idiopathic'],idiopathic
"C123083: Nephrotic Syndrome - Hepatitis C Virus Associated	C125704: Fanconi Anemia, Complementation Group C",,2,0,0,"C123083: Nephrotic Syndrome - Hepatitis C Virus Associated	C125704: Fanconi Anemia, Complementation Group C",outside hierarchy,"['C105482: Centisecond', 'C135177: Cortical Cataract', 'C158172: Chosen Chinese', 'C42550: Coulomb', 'C42559: Degree Celsius', 'C53664: CS Term Type', 'C62355: With', 'C62575: Collaborative Staging', 'C63654: Cianidanol', 'C67194: Calorie', 'C67900: Centi', 'C88109: Centesimal Series of Attenuation', 'C92969: SPANXC wt Allele', 'C95634: Coded Simple Value Data Type']",c
"C121944: Rapid-Onset Obesity with Hypothalamic Dysfunction, Hypoventilation, and Autonomic Dysregulation	C98889: Congenital Central Hypoventilation",,2,0,0,"C121944: Rapid-Onset Obesity with Hypothalamic Dysfunction, Hypoventilation, and Autonomic Dysregulation	C98889: Congenital Central Hypoventilation",outside hierarchy,['C50594: Hypoventilation'],hypoventilation
C75016: Cornelia De Lange Syndrome	C84666: De Sanctis-Cacchione Syndrome	C8253: de novo Myelodysplastic Syndrome,,3,0,0,C75016: Cornelia De Lange Syndrome	C84666: De Sanctis-Cacchione Syndrome	C75485: X-Linked Cornelia De Lange Syndrome	C8253: de novo Myelodysplastic Syndrome,outside hierarchy,"['C433: Diethylstilbestrol', 'C102616: Device Events Domain', 'C43470: Delaware', 'C124071: Desmosine', 'C158202: Deang Chinese', 'C16636: Germany', 'C96448: DES Gene']",de
"C123082: Nephrotic Syndrome - Hepatitis B Virus Associated	C135726: Cockayne Syndrome Type B	C61238: Severe Combined Immunodeficiency with Absence of T and B Cells	C61239: Severe Combined Immunodeficiency with Absence of T, Normal B Cells	C125703: Fanconi Anemia, Complementation Group B",,5,0,0,"C123082: Nephrotic Syndrome - Hepatitis B Virus Associated	C135726: Cockayne Syndrome Type B	C61238: Severe Combined Immunodeficiency with Absence of T and B Cells	C61239: Severe Combined Immunodeficiency with Absence of T, Normal B Cells	C125703: Fanconi Anemia, Complementation Group B",outside hierarchy,"['C111137: Biospecimen Domain', 'C120354: Bug Search Subtest (WPPSI-IV)', 'C122234: Black Swiss Mouse', 'C126547: GP1BA wt Allele', 'C16321: Bahamas', 'C49406: BLM wt Allele', 'C61481: Boron', 'C68866: Barn', 'C71200: Bel', 'C71351: Bachelor of Science']",b
C121572: Complex Regional Pain Syndrome II	C85042: Complex Regional Pain Syndrome I	C4705: Carney Complex,,3,0,0,C121572: Complex Regional Pain Syndrome II	C85042: Complex Regional Pain Syndrome I	C4705: Carney Complex,outside hierarchy,"['C19398: Complex', 'C47881: Complex', 'C97138: Complex Karyotype', 'C134028: Complex Environmental Condition', 'C157677: Complex Nodule Shape', 'C35423: Complex Endometrial Hyperplasia']",complex
"C123124: Nephrotic Syndrome-Remission, Partial Remission	C120192: Partial Androgen Insensitivity Syndrome",,2,0,0,"C123124: Nephrotic Syndrome-Remission, Partial Remission	C120192: Partial Androgen Insensitivity Syndrome",outside hierarchy,['C25378: Partial'],partial
"C119049: Synovitis, Acne, Pustulosis, Hyperostosis, and Osteitis Syndrome	C84530: Acquired Hyperostosis Syndrome",,2,0,0,"C119049: Synovitis, Acne, Pustulosis, Hyperostosis, and Osteitis Syndrome	C84530: Acquired Hyperostosis Syndrome",outside hierarchy,['C34712: Hyperostosis'],hyperostosis
"C101325: Heterotaxy Syndrome with Polysplenia	C101326: Heterotaxy Syndrome with Asplenia	C121944: Rapid-Onset Obesity with Hypothalamic Dysfunction, Hypoventilation, and Autonomic Dysregulation	C125712: Immune Reconstitution Inflammatory Syndrome Associated with Kaposi Sarcoma	C84889: Myoclonic Epilepsy Associated with Ragged-Red Fibers	C85073: Selective Antibody Deficiency with Normal Immunoglobulins	C4065: Ectopic Hormone Secretion Syndrome Associated with Neoplasia	C75479: Hypogonadotropic Hypogonadism with Anosmia	C129721: Albright Hereditary Osteodystrophy with Multiple Hormone Resistance	C122654: Short-Rib Thoracic Dysplasia 6 with or without Polydactyly	C35214: Nephrotic Syndrome with Lesion of Proliferative Glomerulonephritis	C35215: Nephrotic Syndrome with Lesion of Membranous Glomerulonephritis	C35216: Nephrotic Syndrome with Lesion of Membranoproliferative Glomerulonephritis	C35533: Nephrotic Syndrome with Lesion of Focal Glomerulosclerosis	C35534: Nephrotic Syndrome with Lesion of Segmental Hyalinosis	C35535: Nephrotic Syndrome with Lesion of Endothelial Glomerulonephritis	C35536: Nephrotic Syndrome with Lesion of Hypocomplementemic Glomerulonephritis	C35537: Nephrotic Syndrome with Lesion of Persistent Glomerulonephritis	C35540: Nephrotic Syndrome with Lesion of Minimal Change Glomerulonephritis	C123729: Natural Killer Cell and Glucocorticoid Deficiency with DNA Repair Defect	C84783: Immunodeficiency With Hyper-IgM	C34453: Cauda Equina Syndrome with Neurogenic Bladder	C4036: Myelodysplastic Syndrome with Ring Sideroblasts	C97310: Myelodysplastic Syndrome with Gene Mutation	C82591: Myelodysplastic Syndrome with Single Lineage Dysplasia	C6867: Myelodysplastic Syndrome with Isolated del(5q)	C7506: Myelodysplastic Syndrome with Excess Blasts	C8574: Myelodysplastic Syndrome with Multilineage Dysplasia	C122663: Inclusion Body Myopathy with Early-Onset Paget Disease with or without Frontotemporal Dementia 1	C61238: Severe Combined Immunodeficiency with Absence of T and B Cells	C61239: Severe Combined Immunodeficiency with Absence of T, Normal B Cells	C143014: Neurofibromatosis Type 1 with Inoperable, Progressive, Symptomatic Plexiform Neurofibromas",,32,0,0,"C101325: Heterotaxy Syndrome with Polysplenia	C101326: Heterotaxy Syndrome with Asplenia	C121944: Rapid-Onset Obesity with Hypothalamic Dysfunction, Hypoventilation, and Autonomic Dysregulation	C125712: Immune Reconstitution Inflammatory Syndrome Associated with Kaposi Sarcoma	C84889: Myoclonic Epilepsy Associated with Ragged-Red Fibers	C85073: Selective Antibody Deficiency with Normal Immunoglobulins	C4065: Ectopic Hormone Secretion Syndrome Associated with Neoplasia	C75479: Hypogonadotropic Hypogonadism with Anosmia	C129721: Albright Hereditary Osteodystrophy with Multiple Hormone Resistance	C122654: Short-Rib Thoracic Dysplasia 6 with or without Polydactyly	C35214: Nephrotic Syndrome with Lesion of Proliferative Glomerulonephritis	C35215: Nephrotic Syndrome with Lesion of Membranous Glomerulonephritis	C35216: Nephrotic Syndrome with Lesion of Membranoproliferative Glomerulonephritis	C35533: Nephrotic Syndrome with Lesion of Focal Glomerulosclerosis	C35534: Nephrotic Syndrome with Lesion of Segmental Hyalinosis	C35535: Nephrotic Syndrome with Lesion of Endothelial Glomerulonephritis	C35536: Nephrotic Syndrome with Lesion of Hypocomplementemic Glomerulonephritis	C35537: Nephrotic Syndrome with Lesion of Persistent Glomerulonephritis	C35540: Nephrotic Syndrome with Lesion of Minimal Change Glomerulonephritis	C123729: Natural Killer Cell and Glucocorticoid Deficiency with DNA Repair Defect	C84783: Immunodeficiency With Hyper-IgM	C34453: Cauda Equina Syndrome with Neurogenic Bladder	C4036: Myelodysplastic Syndrome with Ring Sideroblasts	C97310: Myelodysplastic Syndrome with Gene Mutation	C82591: Myelodysplastic Syndrome with Single Lineage Dysplasia	C6867: Myelodysplastic Syndrome with Isolated del(5q)	C7506: Myelodysplastic Syndrome with Excess Blasts	C8574: Myelodysplastic Syndrome with Multilineage Dysplasia	C122663: Inclusion Body Myopathy with Early-Onset Paget Disease with or without Frontotemporal Dementia 1	C130037: Myelodysplastic Syndrome with Ring Sideroblasts and Single Lineage Dysplasia	C27726: Myelodysplastic Syndrome with Ring Sideroblasts and Multilineage Dysplasia	C7168: Myelodysplastic Syndrome with Excess Blasts-2	C7167: Myelodysplastic Syndrome with Excess Blasts-1	C82595: Myelodysplastic Syndrome with Excess Blasts and Fibrosis	C61238: Severe Combined Immunodeficiency with Absence of T and B Cells	C61239: Severe Combined Immunodeficiency with Absence of T, Normal B Cells	C143014: Neurofibromatosis Type 1 with Inoperable, Progressive, Symptomatic Plexiform Neurofibromas",outside hierarchy,['C62355: With'],with
C112208: Drug Hypersensitivity Syndrome	C101321: Neonatal Drug Withdrawal	C103170: Postnatal Drug Withdrawal	C103183: In Utero Drug Withdrawal	C99258: Perinatal Drug Withdrawal,,5,0,0,C112208: Drug Hypersensitivity Syndrome	C101321: Neonatal Drug Withdrawal	C103170: Postnatal Drug Withdrawal	C103183: In Utero Drug Withdrawal	C99258: Perinatal Drug Withdrawal,outside hierarchy,"['C459: Medication', 'C16833: Medicine', 'C1909: Pharmacologic Substance']",medication
"C119049: Synovitis, Acne, Pustulosis, Hyperostosis, and Osteitis Syndrome	C119055: Pyogenic Arthritis, Pyoderma Gangrenosum and Acne",,2,0,0,"C119049: Synovitis, Acne, Pustulosis, Hyperostosis, and Osteitis Syndrome	C119055: Pyogenic Arthritis, Pyoderma Gangrenosum and Acne",outside hierarchy,['C27195: Acne'],acne
C8966: Paraneoplastic Opsoclonus Ataxia	C2887: Ataxia Telangiectasia Syndrome,,2,0,0,C8966: Paraneoplastic Opsoclonus Ataxia	C2887: Ataxia Telangiectasia Syndrome,outside hierarchy,"['C26702: Ataxia', 'C146737: Ataxia, CTCAE 5.0']",ataxia
C123018: Renal Cysts and Diabetes Syndrome	C130996: Maternal Diabetes and Deafness Syndrome,,2,0,0,C123018: Renal Cysts and Diabetes Syndrome	C130996: Maternal Diabetes and Deafness Syndrome,outside hierarchy,['C2985: Diabetes Mellitus'],diabetes
C129866: Dopamine Transporter Deficiency Syndrome	C130989: Immunoglobulin Superfamily Member 1 Deficiency Syndrome	C84397: Alpha-1 Antitrypsin Deficiency	C85073: Selective Antibody Deficiency with Normal Immunoglobulins	C119056: Deficiency of the Interleukin-1 Receptor Antagonist	C119057: Deficiency of the Interleukin-36 Receptor Antagonist	C4691: Complement Deficiency	C123729: Natural Killer Cell and Glucocorticoid Deficiency with DNA Repair Defect	C126290: TERC Deficiency	C126291: TERT Deficiency	C126292: Perforin Deficiency	C126293: UNC13D Deficiency	C126294: STXBP2 Deficiency	C126295: XIAP Deficiency	C126336: MAGT1 Deficiency	C126337: IFN-gamma Receptor 1 Deficiency	C126338: Hypomorphic RAG1 Deficiency	C126339: PGM3 Deficiency	C126344: ITK Deficiency	C126349: GATA2 Deficiency	C126350: SH2D1A Deficiency	C4799: Deficiency of Humoral Immunity	C61244: CD40 Ligand Deficiency	C131130: STAT5B Deficiency	C34731: Intestinal Disaccharidase Deficiency and Disaccharide Malabsorption	C130202: Constitutional Mismatch Repair Deficiency Syndrome	C122658: DNA Ligase I Deficiency	C27874: Leukocyte Adhesion Deficiency	C162695: Severe Combined Immunodeficiency due to NHEJ1 Deficiency	C3962: Adenosine Deaminase Deficiency	C3963: Purine-Nucleoside Phosphorylase Deficiency,,31,0,0,C129866: Dopamine Transporter Deficiency Syndrome	C130989: Immunoglobulin Superfamily Member 1 Deficiency Syndrome	C84397: Alpha-1 Antitrypsin Deficiency	C85073: Selective Antibody Deficiency with Normal Immunoglobulins	C119056: Deficiency of the Interleukin-1 Receptor Antagonist	C119057: Deficiency of the Interleukin-36 Receptor Antagonist	C4691: Complement Deficiency	C123729: Natural Killer Cell and Glucocorticoid Deficiency with DNA Repair Defect	C126290: TERC Deficiency	C126291: TERT Deficiency	C126292: Perforin Deficiency	C126293: UNC13D Deficiency	C126294: STXBP2 Deficiency	C126295: XIAP Deficiency	C126336: MAGT1 Deficiency	C126337: IFN-gamma Receptor 1 Deficiency	C126338: Hypomorphic RAG1 Deficiency	C126339: PGM3 Deficiency	C126344: ITK Deficiency	C126349: GATA2 Deficiency	C126350: SH2D1A Deficiency	C4799: Deficiency of Humoral Immunity	C61244: CD40 Ligand Deficiency	C131130: STAT5B Deficiency	C34731: Intestinal Disaccharidase Deficiency and Disaccharide Malabsorption	C130202: Constitutional Mismatch Repair Deficiency Syndrome	C122658: DNA Ligase I Deficiency	C119990: C1q Deficiency	C119991: C1r/C1s Deficiency	C119992: C2 Deficiency	C119993: C4 Deficiency	C9468: C3 Deficiency	C9469: C5 Deficiency	C27874: Leukocyte Adhesion Deficiency	C27870: Selective Immunoglobulin Isotype Deficiency	C162695: Severe Combined Immunodeficiency due to NHEJ1 Deficiency	C3962: Adenosine Deaminase Deficiency	C3963: Purine-Nucleoside Phosphorylase Deficiency	C154615: Leukocyte Adhesion Deficiency Type 3	C4689: Leukocyte Adhesion Deficiency Type 1	C4690: Leukocyte Adhesion Deficiency Type 2	C123434: Immunoglobulin A Deficiency 1	C27024: Selective Immunoglobulin G Subclass Deficiency,outside hierarchy,['C94372: Deficiency'],deficiency
"C116955: Diencephalic Syndrome of Infancy	C123231: Syndrome of Apparent Mineralocorticoid Excess	C84670: Diffuse Cerebral Sclerosis of Schilder	C120194: 46,XY Disorder of Androgen Action	C119056: Deficiency of the Interleukin-1 Receptor Antagonist	C119057: Deficiency of the Interleukin-36 Receptor Antagonist	C122797: Nephrotic Syndrome of Childhood - Steroid Sensitive	C122798: Nephrotic Syndrome of Childhood - Steroid Resistant	C35214: Nephrotic Syndrome with Lesion of Proliferative Glomerulonephritis	C35215: Nephrotic Syndrome with Lesion of Membranous Glomerulonephritis	C35216: Nephrotic Syndrome with Lesion of Membranoproliferative Glomerulonephritis	C35533: Nephrotic Syndrome with Lesion of Focal Glomerulosclerosis	C35534: Nephrotic Syndrome with Lesion of Segmental Hyalinosis	C35535: Nephrotic Syndrome with Lesion of Endothelial Glomerulonephritis	C35536: Nephrotic Syndrome with Lesion of Hypocomplementemic Glomerulonephritis	C35537: Nephrotic Syndrome with Lesion of Persistent Glomerulonephritis	C35540: Nephrotic Syndrome with Lesion of Minimal Change Glomerulonephritis	C126296: Immunodeficiency of Unknown Origin	C27873: Congenital Disorder of Natural Immunity	C4799: Deficiency of Humoral Immunity	C126868: Congenital Disorder of Glycosylation Type Ia	C126869: Congenital Disorder of Glycosylation Type Ic	C126870: Congenital Disorder of Glycosylation Type Id	C126871: Congenital Disorder of Glycosylation Type Ie	C126872: Congenital Disorder of Glycosylation Type If	C126873: Congenital Disorder of Glycosylation Type Ig	C126874: Congenital Disorder of Glycosylation Type Ij	C3988: Syndrome of Inappropriate Antidiuretic Hormone Secretion	C4461: Multiple Self Healing Epithelioma of Ferguson-Smith	C82596: Refractory Cytopenia of Childhood	C61238: Severe Combined Immunodeficiency with Absence of T and B Cells	C61239: Severe Combined Immunodeficiency with Absence of T, Normal B Cells",,32,0,0,"C116955: Diencephalic Syndrome of Infancy	C123231: Syndrome of Apparent Mineralocorticoid Excess	C84670: Diffuse Cerebral Sclerosis of Schilder	C120194: 46,XY Disorder of Androgen Action	C119056: Deficiency of the Interleukin-1 Receptor Antagonist	C119057: Deficiency of the Interleukin-36 Receptor Antagonist	C122797: Nephrotic Syndrome of Childhood - Steroid Sensitive	C122798: Nephrotic Syndrome of Childhood - Steroid Resistant	C35214: Nephrotic Syndrome with Lesion of Proliferative Glomerulonephritis	C35215: Nephrotic Syndrome with Lesion of Membranous Glomerulonephritis	C35216: Nephrotic Syndrome with Lesion of Membranoproliferative Glomerulonephritis	C35533: Nephrotic Syndrome with Lesion of Focal Glomerulosclerosis	C35534: Nephrotic Syndrome with Lesion of Segmental Hyalinosis	C35535: Nephrotic Syndrome with Lesion of Endothelial Glomerulonephritis	C35536: Nephrotic Syndrome with Lesion of Hypocomplementemic Glomerulonephritis	C35537: Nephrotic Syndrome with Lesion of Persistent Glomerulonephritis	C35540: Nephrotic Syndrome with Lesion of Minimal Change Glomerulonephritis	C126296: Immunodeficiency of Unknown Origin	C27873: Congenital Disorder of Natural Immunity	C4799: Deficiency of Humoral Immunity	C126868: Congenital Disorder of Glycosylation Type Ia	C126869: Congenital Disorder of Glycosylation Type Ic	C126870: Congenital Disorder of Glycosylation Type Id	C126871: Congenital Disorder of Glycosylation Type Ie	C126872: Congenital Disorder of Glycosylation Type If	C126873: Congenital Disorder of Glycosylation Type Ig	C126874: Congenital Disorder of Glycosylation Type Ij	C3988: Syndrome of Inappropriate Antidiuretic Hormone Secretion	C4461: Multiple Self Healing Epithelioma of Ferguson-Smith	C82596: Refractory Cytopenia of Childhood	C61238: Severe Combined Immunodeficiency with Absence of T and B Cells	C61239: Severe Combined Immunodeficiency with Absence of T, Normal B Cells	C27071: Transient Hypogammaglobulinemia of Infancy",outside hierarchy,"['C52602: TAF1 wt Allele', 'C52874: SPI1 wt Allele', 'C63527: BRIP1 wt Allele']",of
C3214: Malabsorption Syndrome,,1,0,0,C3214: Malabsorption Syndrome	C34731: Intestinal Disaccharidase Deficiency and Disaccharide Malabsorption,inside sysnonym,"['C113483: Malabsorption', 'C3214: Malabsorption Syndrome', 'C57838: Malabsorption, CTCAE']",malabsorption
C35699: Diffuse Infiltrative Lymphocytosis Syndrome	C84670: Diffuse Cerebral Sclerosis of Schilder	C39855: Diffuse Leiomyomatosis Syndrome	C121198: Congenital Nephrotic Syndrome - Diffuse Mesangial Sclerosis,,4,0,0,C35699: Diffuse Infiltrative Lymphocytosis Syndrome	C84670: Diffuse Cerebral Sclerosis of Schilder	C39855: Diffuse Leiomyomatosis Syndrome	C121198: Congenital Nephrotic Syndrome - Diffuse Mesangial Sclerosis,outside hierarchy,"['C14175: Diffuse', 'C9159: Gastric Diffuse Adenocarcinoma']",diffuse
C35046: Substance Withdrawal Syndrome,C28193: Syndrome,1,1,0,C35046: Substance Withdrawal Syndrome	C98998: Opiate Withdrawal Syndrome	C99255: Neonatal Opiate Withdrawal Syndrome,inside sysnonym,['C35046: Substance Withdrawal Syndrome'],withdraw,syndrome
C75486: Menkes Disease	C26714: Celiac Disease	C113210: Cushing Disease	C122663: Inclusion Body Myopathy with Early-Onset Paget Disease with or without Frontotemporal Dementia 1	C26788: Chronic Granulomatous Disease,,5,0,0,C75486: Menkes Disease	C26714: Celiac Disease	C113210: Cushing Disease	C122663: Inclusion Body Myopathy with Early-Onset Paget Disease with or without Frontotemporal Dementia 1	C26788: Chronic Granulomatous Disease	C45425: Latent Celiac Disease	C153340: Recurrent Cushing Disease	C154314: Autosomal Recessive Cytochrome B-Positive Chronic Granulomatous Disease Type I	C154315: X-linked Chronic Granulomatous Disease,outside hierarchy,['C2991: Disease or Disorder'],disease
C3396: Superior Vena Cava Syndrome	C85175: Superior Mesenteric Artery Syndrome,,2,0,0,C3396: Superior Vena Cava Syndrome	C85175: Superior Mesenteric Artery Syndrome,outside hierarchy,['C25235: Superior'],superior
C126566: Fragile X Tremor/Ataxia Syndrome	C84717: Fragile X Syndrome	C89802: Penta X Syndrome	C120084: Familial Colorectal Cancer Type X,,4,0,0,C126566: Fragile X Tremor/Ataxia Syndrome	C84717: Fragile X Syndrome	C89802: Penta X Syndrome	C120084: Familial Colorectal Cancer Type X,outside hierarchy,"['C116676: PSMB5 wt Allele', 'C123769: Spratly Islands', 'C44477: X-Coordinate', 'C45784: X-Dimension', 'C88111: Decimal Series of Attenuation']",x
C4377: Adult Fanconi Syndrome	C115153: Adult Myelodysplastic Syndrome,,2,0,0,C4377: Adult Fanconi Syndrome	C115153: Adult Myelodysplastic Syndrome,outside hierarchy,"['C17600: Adult', 'C52678: Legal Adult']",adult
C123223: Atypical Hemolytic Uremic Syndrome	C123226: Diarrhea-associated Hemolytic Uremic Syndrome	C123228: Familial Atypical Hemolytic Uremic Syndrome,C28193: Syndrome,3,1,0,C123223: Atypical Hemolytic Uremic Syndrome	C123226: Diarrhea-associated Hemolytic Uremic Syndrome	C123228: Familial Atypical Hemolytic Uremic Syndrome,outside hierarchy,"['C75545: Hemolytic Uremic Syndrome', 'C143536: Hemolytic Uremic Syndrome, CTCAE']",hemolyse,uremic,syndrome
C129867: Growth Hormone Insensitivity Syndrome	C4065: Ectopic Hormone Secretion Syndrome Associated with Neoplasia	C129721: Albright Hereditary Osteodystrophy with Multiple Hormone Resistance	C129722: Albright Hereditary Osteodystrophy without Multiple Hormone Resistance,,4,0,0,C129867: Growth Hormone Insensitivity Syndrome	C4065: Ectopic Hormone Secretion Syndrome Associated with Neoplasia	C129721: Albright Hereditary Osteodystrophy with Multiple Hormone Resistance	C129722: Albright Hereditary Osteodystrophy without Multiple Hormone Resistance	C3988: Syndrome of Inappropriate Antidiuretic Hormone Secretion	C8440: Ectopic Growth Hormone Secretion Syndrome,outside hierarchy,['C2315: Hormone'],hormone
C27141: Immunoglobulin Heavy Chain Deletion	C159456: Light Chain Fanconi Syndrome,,2,0,0,C27141: Immunoglobulin Heavy Chain Deletion	C159456: Light Chain Fanconi Syndrome,outside hierarchy,['C41207: Chain'],chain
C131006: Wilms Tumor 1 Gene Syndromes	C4065: Ectopic Hormone Secretion Syndrome Associated with Neoplasia	C6432: Multiple Endocrine Neoplasia	C3425: Tumor Lysis Syndrome	C119051: Tumor Necrosis Factor Receptor 1-Associated Periodic Syndrome	C157461: Glucagon Cell Hyperplasia and Neoplasia	C93268: Rhabdoid Tumor Predisposition Syndrome	C48287: Hyperparathyroidism-Jaw Tumor Syndrome,,8,0,0,C131006: Wilms Tumor 1 Gene Syndromes	C4065: Ectopic Hormone Secretion Syndrome Associated with Neoplasia	C6432: Multiple Endocrine Neoplasia	C3425: Tumor Lysis Syndrome	C119051: Tumor Necrosis Factor Receptor 1-Associated Periodic Syndrome	C157461: Glucagon Cell Hyperplasia and Neoplasia	C93268: Rhabdoid Tumor Predisposition Syndrome	C48287: Hyperparathyroidism-Jaw Tumor Syndrome	C123329: Multiple Endocrine Neoplasia Type 2	C157449: Multiple Endocrine Neoplasia Type 4	C3225: Multiple Endocrine Neoplasia Type 1	C3226: Multiple Endocrine Neoplasia Type 2A	C3227: Multiple Endocrine Neoplasia Type 2B,outside hierarchy,"['C3262: Neoplasm', 'C88025: CDISC SEND Tumor Findings Results Terminology', 'C6283: Childhood Neoplasm', 'C98275: Tumor Mass']",neoplasm
C125712: Immune Reconstitution Inflammatory Syndrome Associated with Kaposi Sarcoma	C130990: Insulin Receptor Mutation - Associated Insulin Resistance Syndromes	C84889: Myoclonic Epilepsy Associated with Ragged-Red Fibers	C4065: Ectopic Hormone Secretion Syndrome Associated with Neoplasia	C122795: Nephrotic Syndrome - NPHS1 Associated	C123067: Nephrotic Syndrome - ACTN4 Associated	C123068: Nephrotic Syndrome - ADCK4 Associated	C123069: Nephrotic Syndrome - ANLN Associated	C123070: Nephrotic Syndrome - ARHGAP24 Associated	C123071: Nephrotic Syndrome - ARHGDIA Associated	C123072: Nephrotic Syndrome - CD2AP Associated	C123073: Nephrotic Syndrome - CFH Associated	C123074: Nephrotic Syndrome - COQ2 Associated	C123075: Nephrotic Syndrome - COQ6 Associated	C123076: Nephrotic Syndrome - CRB2 Associated	C123077: Nephrotic Syndrome - CUBN Associated	C123078: Nephrotic Syndrome - Cytomegalovirus Associated	C123079: Nephrotic Syndrome - DGKE Associated	C123080: Nephrotic Syndrome - EMP2 Associated	C123081: Nephrotic Syndrome - Epstein-Barr Virus Associated	C123082: Nephrotic Syndrome - Hepatitis B Virus Associated	C123083: Nephrotic Syndrome - Hepatitis C Virus Associated	C123084: Nephrotic Syndrome - Human Immunodeficiency Virus Associated	C123085: Nephrotic Syndrome - INF2 Associated	C123086: Nephrotic Syndrome - Infection Associated	C123087: Nephrotic Syndrome - ITGA3 Associated	C123088: Nephrotic Syndrome - ITGB4 Associated	C123089: Nephrotic Syndrome - LAMB2 Associated	C123090: Nephrotic Syndrome - LMX1B Associated	C123091: Nephrotic Syndrome - Malaria Associated	C123092: Nephrotic Syndrome - MEFV Associated	C123093: Nephrotic Syndrome - MYO1E Associated	C123094: Nephrotic Syndrome - NEIL1 Associated	C123095: Nephrotic Syndrome - NPHS2 Associated	C123096: Nephrotic Syndrome - Parvovirus B19 Associated	C123097: Nephrotic Syndrome - PDSS2 Associated	C123098: Nephrotic Syndrome - PLCE1 Associated	C123099: Nephrotic Syndrome - PTPRO Associated	C123100: Nephrotic Syndrome - SCARB2 Associated	C123101: Nephrotic Syndrome - Simian Virus 40 Associated	C123102: Nephrotic Syndrome - SMARCAL1 Associated	C123103: Nephrotic Syndrome - Syphilis Associated	C123104: Nephrotic Syndrome - Toxoplasmosis Associated	C123105: Nephrotic Syndrome - TRPC6 Associated	C123106: Nephrotic Syndrome - WT1 Associated	C162484: Polymerase Proofreading Associated Polyposis	C123045: Congenital Nephrotic Syndrome - Cytomegalovirus Associated	C123046: Congenital Nephrotic Syndrome - Infection Associated	C123047: Congenital Nephrotic Syndrome - Rubivirus Associated	C123048: Congenital Nephrotic Syndrome - Toxoplasma Associated	C123049: Congenital Nephrotic Syndrome - Treponema Pallidum Associated,,51,0,0,C125712: Immune Reconstitution Inflammatory Syndrome Associated with Kaposi Sarcoma	C130990: Insulin Receptor Mutation - Associated Insulin Resistance Syndromes	C84889: Myoclonic Epilepsy Associated with Ragged-Red Fibers	C4065: Ectopic Hormone Secretion Syndrome Associated with Neoplasia	C122795: Nephrotic Syndrome - NPHS1 Associated	C123067: Nephrotic Syndrome - ACTN4 Associated	C123068: Nephrotic Syndrome - ADCK4 Associated	C123069: Nephrotic Syndrome - ANLN Associated	C123070: Nephrotic Syndrome - ARHGAP24 Associated	C123071: Nephrotic Syndrome - ARHGDIA Associated	C123072: Nephrotic Syndrome - CD2AP Associated	C123073: Nephrotic Syndrome - CFH Associated	C123074: Nephrotic Syndrome - COQ2 Associated	C123075: Nephrotic Syndrome - COQ6 Associated	C123076: Nephrotic Syndrome - CRB2 Associated	C123077: Nephrotic Syndrome - CUBN Associated	C123078: Nephrotic Syndrome - Cytomegalovirus Associated	C123079: Nephrotic Syndrome - DGKE Associated	C123080: Nephrotic Syndrome - EMP2 Associated	C123081: Nephrotic Syndrome - Epstein-Barr Virus Associated	C123082: Nephrotic Syndrome - Hepatitis B Virus Associated	C123083: Nephrotic Syndrome - Hepatitis C Virus Associated	C123084: Nephrotic Syndrome - Human Immunodeficiency Virus Associated	C123085: Nephrotic Syndrome - INF2 Associated	C123086: Nephrotic Syndrome - Infection Associated	C123087: Nephrotic Syndrome - ITGA3 Associated	C123088: Nephrotic Syndrome - ITGB4 Associated	C123089: Nephrotic Syndrome - LAMB2 Associated	C123090: Nephrotic Syndrome - LMX1B Associated	C123091: Nephrotic Syndrome - Malaria Associated	C123092: Nephrotic Syndrome - MEFV Associated	C123093: Nephrotic Syndrome - MYO1E Associated	C123094: Nephrotic Syndrome - NEIL1 Associated	C123095: Nephrotic Syndrome - NPHS2 Associated	C123096: Nephrotic Syndrome - Parvovirus B19 Associated	C123097: Nephrotic Syndrome - PDSS2 Associated	C123098: Nephrotic Syndrome - PLCE1 Associated	C123099: Nephrotic Syndrome - PTPRO Associated	C123100: Nephrotic Syndrome - SCARB2 Associated	C123101: Nephrotic Syndrome - Simian Virus 40 Associated	C123102: Nephrotic Syndrome - SMARCAL1 Associated	C123103: Nephrotic Syndrome - Syphilis Associated	C123104: Nephrotic Syndrome - Toxoplasmosis Associated	C123105: Nephrotic Syndrome - TRPC6 Associated	C123106: Nephrotic Syndrome - WT1 Associated	C162484: Polymerase Proofreading Associated Polyposis	C123045: Congenital Nephrotic Syndrome - Cytomegalovirus Associated	C123046: Congenital Nephrotic Syndrome - Infection Associated	C123047: Congenital Nephrotic Syndrome - Rubivirus Associated	C123048: Congenital Nephrotic Syndrome - Toxoplasma Associated	C123049: Congenital Nephrotic Syndrome - Treponema Pallidum Associated,outside hierarchy,"['C25281: Associated', 'C51802: Associate']",associate
C118456: Hair Tourniquet	C61245: Cartilage Hair Hypoplasia,,2,0,0,C118456: Hair Tourniquet	C61245: Cartilage Hair Hypoplasia,outside hierarchy,['C32705: Hair'],hair
C101321: Neonatal Drug Withdrawal	C103170: Postnatal Drug Withdrawal	C103183: In Utero Drug Withdrawal	C99258: Perinatal Drug Withdrawal,,4,0,0,C101321: Neonatal Drug Withdrawal	C103170: Postnatal Drug Withdrawal	C103183: In Utero Drug Withdrawal	C99258: Perinatal Drug Withdrawal,inside sysnonym,['C35046: Substance Withdrawal Syndrome'],medication,withdraw
C101038: Lethal Multiple Pterygium Syndrome	C84909: Multiple System Atrophy	C129869: Multiple Vascular Disruption Syndrome	C6432: Multiple Endocrine Neoplasia	C129721: Albright Hereditary Osteodystrophy with Multiple Hormone Resistance	C129722: Albright Hereditary Osteodystrophy without Multiple Hormone Resistance	C5183: Hereditary Multiple Exostoses	C4461: Multiple Self Healing Epithelioma of Ferguson-Smith,,8,0,0,C101038: Lethal Multiple Pterygium Syndrome	C84909: Multiple System Atrophy	C129869: Multiple Vascular Disruption Syndrome	C6432: Multiple Endocrine Neoplasia	C129721: Albright Hereditary Osteodystrophy with Multiple Hormone Resistance	C129722: Albright Hereditary Osteodystrophy without Multiple Hormone Resistance	C5183: Hereditary Multiple Exostoses	C4461: Multiple Self Healing Epithelioma of Ferguson-Smith	C123329: Multiple Endocrine Neoplasia Type 2	C157449: Multiple Endocrine Neoplasia Type 4	C3225: Multiple Endocrine Neoplasia Type 1	C3226: Multiple Endocrine Neoplasia Type 2A	C3227: Multiple Endocrine Neoplasia Type 2B,outside hierarchy,"['C107221: Several', 'C17648: Multiple', 'C78728: Many', 'C160235: Many Tumor Infiltrating Lymphocytes']",many
"C130990: Insulin Receptor Mutation - Associated Insulin Resistance Syndromes	C131008: Hyperandrogenism, Insulin Resistance, Acanthosis Nigricans Syndrome	C113169: Insulin Resistance Syndrome",,3,0,0,"C130990: Insulin Receptor Mutation - Associated Insulin Resistance Syndromes	C131008: Hyperandrogenism, Insulin Resistance, Acanthosis Nigricans Syndrome	C113169: Insulin Resistance Syndrome",outside hierarchy,"['C113101: Insulin Resistance', 'C123458: Insulin Resistance Measurement']",insulin,resistance
"C120194: 46,XY Disorder of Androgen Action	C27226: Androgen Insensitivity Syndrome",,2,0,0,"C120194: 46,XY Disorder of Androgen Action	C27226: Androgen Insensitivity Syndrome	C120191: Complete Androgen Insensitivity Syndrome	C120192: Partial Androgen Insensitivity Syndrome",outside hierarchy,"['C2298: Androgen', 'C243: Therapeutic Androgen']",androgen
C148362: Refractory Myelodysplastic Syndrome	C153297: Refractory Hemophagocytic Lymphohistiocytosis	C2872: Refractory Anemia	C82593: Refractory Neutropenia	C82594: Refractory Thrombocytopenia	C82596: Refractory Cytopenia of Childhood	C155986: Refractory Neurofibromatosis Type 1,,7,0,0,C148362: Refractory Myelodysplastic Syndrome	C153297: Refractory Hemophagocytic Lymphohistiocytosis	C138964: Refractory High Risk Myelodysplastic Syndrome	C2872: Refractory Anemia	C82593: Refractory Neutropenia	C82594: Refractory Thrombocytopenia	C82596: Refractory Cytopenia of Childhood	C155986: Refractory Neurofibromatosis Type 1,outside hierarchy,"['C38014: Refractory', 'C86933: Unresponsive']",refractary
"C111814: Griscelli Syndrome Type 2	C118845: Otopalatodigital Syndrome Type 1	C124841: Orofaciodigital Syndrome Type 6	C126559: Hard Skin Syndrome Parana Type	C130992: Kenny-Caffey Syndrome Type 1	C130993: Kenny-Caffey Syndrome Type 2	C75118: Trichorhinophalangeal Syndrome Type II	C75015: Rieger Syndrome Type 1	C75109: Trichorhinophalangeal Syndrome Type I	C75481: Orofaciodigital Syndrome Type 1	C8967: Brain Iron Accumulation Type I Syndrome	C114768: Loeys-Dietz Syndrome Type 2	C75119: Loeys-Dietz Syndrome Type 1	C124842: Waardenburg Syndrome Type 4	C75008: Waardenburg Syndrome Type 1	C75009: Waardenburg Syndrome Type 2	C125696: Ehlers-Danlos Syndrome, Type I	C125697: Ehlers-Danlos Syndrome, Type II	C125698: Ehlers-Danlos Syndrome, Type III	C125699: Ehlers-Danlos Syndrome, Type IV	C125700: Ehlers-Danlos Syndrome, Type VI	C125701: Ehlers-Danlos Syndrome, Type VII	C141423: Ehlers-Danlos Syndrome, Type V	C126327: Usher Syndrome Type 1	C126328: Usher Syndrome Type 2	C126329: Usher Syndrome Type 3	C126868: Congenital Disorder of Glycosylation Type Ia	C126869: Congenital Disorder of Glycosylation Type Ic	C126870: Congenital Disorder of Glycosylation Type Id	C126871: Congenital Disorder of Glycosylation Type Ie	C126872: Congenital Disorder of Glycosylation Type If	C126873: Congenital Disorder of Glycosylation Type Ig	C126874: Congenital Disorder of Glycosylation Type Ij	C129727: Autoimmune Polyglandular Syndrome Type 1	C129728: Autoimmune Polyglandular Syndrome Type 2	C135725: Cockayne Syndrome Type A	C135726: Cockayne Syndrome Type B	C148259: Joubert Syndrome Type 3	C159653: Joubert Syndrome Type 7	C74997: Joubert Syndrome Type 4	C75034: Type III Acrocephalosyndactyly	C98873: Type II Acrocephalopolysyndactyly	C99099: Type I Acrocephalosyndactyly	C99100: Type V Acrocephalosyndactyly	C75007: Marfan Syndrome Type II	C84897: Mucopolysaccharidosis Type IIIA	C84898: Mucopolysaccharidosis Type IIIB	C84899: Mucopolysaccharidosis Type IIIC	C84900: Mucopolysaccharidosis Type IIID	C84901: Mucopolysaccharidosis Type IVA	C84902: Mucopolysaccharidosis Type IVB	C74985: Stickler Syndrome Type 2	C74995: Holoprosencephaly Type 2	C75475: Holoprosencephaly Type 4	C75460: Holoprosencephaly Type 5	C75476: Holoprosencephaly Type 1	C75002: Split-Hand/Foot Malformation Type 5	C75045: Split-Hand/Foot Malformation Type 1	C75121: Split-Hand/Foot Malformation Type 3	C123329: Multiple Endocrine Neoplasia Type 2	C157449: Multiple Endocrine Neoplasia Type 4	C3225: Multiple Endocrine Neoplasia Type 1	C39574: Type 1a Autoimmune Lymphoproliferative Syndrome	C39575: Type 1b Autoimmune Lymphoproliferative Syndrome	C39576: Type 2 Autoimmune Lymphoproliferative Syndrome	C39577: Type 3 Autoimmune Lymphoproliferative Syndrome	C120084: Familial Colorectal Cancer Type X	C153290: Rubinstein-Taybi Syndrome Type 1	C153291: Rubinstein-Taybi Syndrome Type 2	C162694: Severe Combined Immunodeficiency, Athabascan Type	C154314: Autosomal Recessive Cytochrome B-Positive Chronic Granulomatous Disease Type I	C154615: Leukocyte Adhesion Deficiency Type 3	C4689: Leukocyte Adhesion Deficiency Type 1	C4690: Leukocyte Adhesion Deficiency Type 2	C40464: Turcot Syndrome Type 2	C40463: Turcot Syndrome Type 1	C3273: Neurofibromatosis Type 1	C3274: Neurofibromatosis Type 2",,78,0,0,"C111814: Griscelli Syndrome Type 2	C118845: Otopalatodigital Syndrome Type 1	C124841: Orofaciodigital Syndrome Type 6	C126559: Hard Skin Syndrome Parana Type	C130992: Kenny-Caffey Syndrome Type 1	C130993: Kenny-Caffey Syndrome Type 2	C75118: Trichorhinophalangeal Syndrome Type II	C75015: Rieger Syndrome Type 1	C75109: Trichorhinophalangeal Syndrome Type I	C75481: Orofaciodigital Syndrome Type 1	C8967: Brain Iron Accumulation Type I Syndrome	C114768: Loeys-Dietz Syndrome Type 2	C75119: Loeys-Dietz Syndrome Type 1	C124842: Waardenburg Syndrome Type 4	C75008: Waardenburg Syndrome Type 1	C75009: Waardenburg Syndrome Type 2	C125696: Ehlers-Danlos Syndrome, Type I	C125697: Ehlers-Danlos Syndrome, Type II	C125698: Ehlers-Danlos Syndrome, Type III	C125699: Ehlers-Danlos Syndrome, Type IV	C125700: Ehlers-Danlos Syndrome, Type VI	C125701: Ehlers-Danlos Syndrome, Type VII	C141423: Ehlers-Danlos Syndrome, Type V	C126327: Usher Syndrome Type 1	C126328: Usher Syndrome Type 2	C126329: Usher Syndrome Type 3	C126868: Congenital Disorder of Glycosylation Type Ia	C126869: Congenital Disorder of Glycosylation Type Ic	C126870: Congenital Disorder of Glycosylation Type Id	C126871: Congenital Disorder of Glycosylation Type Ie	C126872: Congenital Disorder of Glycosylation Type If	C126873: Congenital Disorder of Glycosylation Type Ig	C126874: Congenital Disorder of Glycosylation Type Ij	C129727: Autoimmune Polyglandular Syndrome Type 1	C129728: Autoimmune Polyglandular Syndrome Type 2	C135725: Cockayne Syndrome Type A	C135726: Cockayne Syndrome Type B	C148259: Joubert Syndrome Type 3	C159653: Joubert Syndrome Type 7	C74997: Joubert Syndrome Type 4	C75034: Type III Acrocephalosyndactyly	C98873: Type II Acrocephalopolysyndactyly	C99099: Type I Acrocephalosyndactyly	C99100: Type V Acrocephalosyndactyly	C75007: Marfan Syndrome Type II	C84897: Mucopolysaccharidosis Type IIIA	C84898: Mucopolysaccharidosis Type IIIB	C84899: Mucopolysaccharidosis Type IIIC	C84900: Mucopolysaccharidosis Type IIID	C84901: Mucopolysaccharidosis Type IVA	C84902: Mucopolysaccharidosis Type IVB	C74985: Stickler Syndrome Type 2	C74995: Holoprosencephaly Type 2	C75475: Holoprosencephaly Type 4	C75460: Holoprosencephaly Type 5	C75476: Holoprosencephaly Type 1	C75002: Split-Hand/Foot Malformation Type 5	C75045: Split-Hand/Foot Malformation Type 1	C75121: Split-Hand/Foot Malformation Type 3	C123329: Multiple Endocrine Neoplasia Type 2	C157449: Multiple Endocrine Neoplasia Type 4	C3225: Multiple Endocrine Neoplasia Type 1	C39574: Type 1a Autoimmune Lymphoproliferative Syndrome	C39575: Type 1b Autoimmune Lymphoproliferative Syndrome	C39576: Type 2 Autoimmune Lymphoproliferative Syndrome	C39577: Type 3 Autoimmune Lymphoproliferative Syndrome	C75011: Waardenburg Syndrome Type 2A	C153174: Usher Syndrome Type 2C	C120084: Familial Colorectal Cancer Type X	C153290: Rubinstein-Taybi Syndrome Type 1	C153291: Rubinstein-Taybi Syndrome Type 2	C3226: Multiple Endocrine Neoplasia Type 2A	C3227: Multiple Endocrine Neoplasia Type 2B	C162694: Severe Combined Immunodeficiency, Athabascan Type	C154314: Autosomal Recessive Cytochrome B-Positive Chronic Granulomatous Disease Type I	C154615: Leukocyte Adhesion Deficiency Type 3	C4689: Leukocyte Adhesion Deficiency Type 1	C4690: Leukocyte Adhesion Deficiency Type 2	C40464: Turcot Syndrome Type 2	C40463: Turcot Syndrome Type 1	C3273: Neurofibromatosis Type 1	C3274: Neurofibromatosis Type 2	C143014: Neurofibromatosis Type 1 with Inoperable, Progressive, Symptomatic Plexiform Neurofibromas	C155985: Recurrent Neurofibromatosis Type 1	C155986: Refractory Neurofibromatosis Type 1",outside hierarchy,"['C25284: Type', 'C43642: Kind', 'C159133: GDC Type Terminology']",type
"C116994: Lupus Anticoagulant Disorder	C120194: 46,XY Disorder of Androgen Action	C27873: Congenital Disorder of Natural Immunity	C126868: Congenital Disorder of Glycosylation Type Ia	C126869: Congenital Disorder of Glycosylation Type Ic	C126870: Congenital Disorder of Glycosylation Type Id	C126871: Congenital Disorder of Glycosylation Type Ie	C126872: Congenital Disorder of Glycosylation Type If	C126873: Congenital Disorder of Glycosylation Type Ig	C126874: Congenital Disorder of Glycosylation Type Ij",,10,0,0,"C116994: Lupus Anticoagulant Disorder	C120194: 46,XY Disorder of Androgen Action	C27873: Congenital Disorder of Natural Immunity	C126868: Congenital Disorder of Glycosylation Type Ia	C126869: Congenital Disorder of Glycosylation Type Ic	C126870: Congenital Disorder of Glycosylation Type Id	C126871: Congenital Disorder of Glycosylation Type Ie	C126872: Congenital Disorder of Glycosylation Type If	C126873: Congenital Disorder of Glycosylation Type Ig	C126874: Congenital Disorder of Glycosylation Type Ij",outside hierarchy,['C2991: Disease or Disorder'],disorder
C4065: Ectopic Hormone Secretion Syndrome Associated with Neoplasia,,1,0,0,C4065: Ectopic Hormone Secretion Syndrome Associated with Neoplasia	C3988: Syndrome of Inappropriate Antidiuretic Hormone Secretion	C4387: Ectopic ACTH Secretion Syndrome	C6790: Ectopic Parathormone Secretion Syndrome	C8439: Ectopic Renin Secretion Syndrome	C8440: Ectopic Growth Hormone Secretion Syndrome	C8441: Ectopic Prolactin Secretion Syndrome	C8442: Ectopic Aldosterone Secretion Syndrome	C8443: Ectopic Calcitonin Secretion Syndrome	C8444: Ectopic Chorionic Gonadotropin Secretion Syndrome,outside hierarchy,['C17119: Cellular Secretion'],secretion
C125711: KSHV Inflammatory Cytokine Syndrome	C78251: Cytokine Release Syndrome,,2,0,0,C125711: KSHV Inflammatory Cytokine Syndrome	C78251: Cytokine Release Syndrome,outside hierarchy,"['C20464: Cytokine', 'C1283: Recombinant Cytokine']",cytokine
C118434: Albright's Hereditary Osteodystrophy	C3940: Hereditary Benign Intraepithelial Dyskeratosis	C119043: NALP12-Associated Hereditary Periodic Fever Syndrome	C3266: Hereditary Neoplastic Syndrome,,4,0,0,C118434: Albright's Hereditary Osteodystrophy	C3940: Hereditary Benign Intraepithelial Dyskeratosis	C119043: NALP12-Associated Hereditary Periodic Fever Syndrome	C3266: Hereditary Neoplastic Syndrome	C129721: Albright Hereditary Osteodystrophy with Multiple Hormone Resistance	C129722: Albright Hereditary Osteodystrophy without Multiple Hormone Resistance	C120083: Hereditary Nonpolyposis Colorectal Cancer	C8493: Hereditary Breast and Ovarian Cancer Syndrome	C5183: Hereditary Multiple Exostoses	C51302: Hereditary Leiomyomatosis and Renal Cell Cancer,outside hierarchy,['C27998: Hereditary'],hereditary
C123729: Natural Killer Cell and Glucocorticoid Deficiency with DNA Repair Defect	C122658: DNA Ligase I Deficiency,,2,0,0,C123729: Natural Killer Cell and Glucocorticoid Deficiency with DNA Repair Defect	C122658: DNA Ligase I Deficiency,outside hierarchy,"['C449: DNA', 'C135409: Deoxyribonucleic Acid Measurement']",dna
C99267: Congenital Malformation Syndrome	C116800: Congenital Varicella Syndrome	C84647: Congenital Myasthenic Syndrome	C98889: Congenital Central Hypoventilation	C35337: Congenital Nephrotic Syndrome	C27871: Congenital Combined Immunodeficiency	C27873: Congenital Disorder of Natural Immunity	C126868: Congenital Disorder of Glycosylation Type Ia	C126869: Congenital Disorder of Glycosylation Type Ic	C126870: Congenital Disorder of Glycosylation Type Id	C126871: Congenital Disorder of Glycosylation Type Ie	C126872: Congenital Disorder of Glycosylation Type If	C126873: Congenital Disorder of Glycosylation Type Ig	C126874: Congenital Disorder of Glycosylation Type Ij	C27872: Congenital T-Cell Immunodeficiency	C61236: Congenital Pure Red Cell Aplasia,,16,0,0,C99267: Congenital Malformation Syndrome	C116800: Congenital Varicella Syndrome	C84647: Congenital Myasthenic Syndrome	C98889: Congenital Central Hypoventilation	C35337: Congenital Nephrotic Syndrome	C27871: Congenital Combined Immunodeficiency	C27873: Congenital Disorder of Natural Immunity	C126868: Congenital Disorder of Glycosylation Type Ia	C126869: Congenital Disorder of Glycosylation Type Ic	C126870: Congenital Disorder of Glycosylation Type Id	C126871: Congenital Disorder of Glycosylation Type Ie	C126872: Congenital Disorder of Glycosylation Type If	C126873: Congenital Disorder of Glycosylation Type Ig	C126874: Congenital Disorder of Glycosylation Type Ij	C129304: Congenital Myasthenic Syndrome 5	C132292: Presynaptic Congenital Myasthenic Syndrome 6	C121198: Congenital Nephrotic Syndrome - Diffuse Mesangial Sclerosis	C121200: Congenital Nephrotic Syndrome - Focal Segmental Glomerulosclerosis	C123045: Congenital Nephrotic Syndrome - Cytomegalovirus Associated	C123046: Congenital Nephrotic Syndrome - Infection Associated	C123047: Congenital Nephrotic Syndrome - Rubivirus Associated	C123048: Congenital Nephrotic Syndrome - Toxoplasma Associated	C123049: Congenital Nephrotic Syndrome - Treponema Pallidum Associated	C27872: Congenital T-Cell Immunodeficiency	C61236: Congenital Pure Red Cell Aplasia,outside hierarchy,['C99210: Congenital'],congenital
C2872: Refractory Anemia	C62505: Fanconi Anemia,,2,0,1,"C2872: Refractory Anemia	C62505: Fanconi Anemia	C125702: Fanconi Anemia, Complementation Group A	C125703: Fanconi Anemia, Complementation Group B	C125704: Fanconi Anemia, Complementation Group C	C125705: Fanconi Anemia, Complementation Group D1	C125706: Fanconi Anemia, Complementation Group D2	C125707: Fanconi Anemia, Complementation Group F	C125708: Fanconi Anemia, Complementation Group G	C125709: Fanconi Anemia, Complementation Group E	C129026: Fanconi Anemia, Complementation Group I	C129027: Fanconi Anemia, Complementation Group J",outside hierarchy,"['C2869: Anemia', 'C143283: Anemia, CTCAE']",anemia
"C35710: Triple A Syndrome	C135725: Cockayne Syndrome Type A	C123434: Immunoglobulin A Deficiency 1	C125702: Fanconi Anemia, Complementation Group A",,4,0,0,"C35710: Triple A Syndrome	C135725: Cockayne Syndrome Type A	C123434: Immunoglobulin A Deficiency 1	C125702: Fanconi Anemia, Complementation Group A",outside hierarchy,"['C64938: As', 'C17739: American Samoa', 'C118541: ASS1 wt Allele', 'C147305: Arsenic Measurement', 'C29848: Year', 'C158993: GDC AJCC Staging System Edition Terminology', 'C28131: Arsenic', 'C37348: A Mouse', 'C42536: Ampere', 'C67903: Atto', 'C68867: Acre', 'C71215: Angstrom', 'C71344: Associate of Science', 'C74924: Per Year', 'C75436: UBE3A wt Allele']",a
C99544: Left Ventricular Non-Compaction Syndrome	C98894: Hypoplastic Left Heart Syndrome,,2,0,0,C99544: Left Ventricular Non-Compaction Syndrome	C98894: Hypoplastic Left Heart Syndrome	C157266: Left Ventricular Noncompaction 7,outside hierarchy,"['C25229: Left', 'C53464: Departure', 'C79219: Leaf', 'C160200: Tumor Laterality Left']",departure
C84403: Bile Acid Synthesis Defect	C98956: Inspissated Bile Syndrome,,2,0,0,C84403: Bile Acid Synthesis Defect	C98956: Inspissated Bile Syndrome,outside hierarchy,['C13192: Bile'],bile
C148363: Recurrent Myelodysplastic Syndrome	C153296: Recurrent Hemophagocytic Lymphohistiocytosis	C153340: Recurrent Cushing Disease	C155985: Recurrent Neurofibromatosis Type 1,,4,0,0,C148363: Recurrent Myelodysplastic Syndrome	C153296: Recurrent Hemophagocytic Lymphohistiocytosis	C153340: Recurrent Cushing Disease	C138963: Recurrent High Risk Myelodysplastic Syndrome	C155985: Recurrent Neurofibromatosis Type 1,outside hierarchy,['C14173: Recurrent'],recurrent
C123021: Tubulointerstitial Nephritis and Uveitis	C50794: Uveitis Glaucoma And Hyphema Syndrome,,2,0,0,C123021: Tubulointerstitial Nephritis and Uveitis	C50794: Uveitis Glaucoma And Hyphema Syndrome,outside hierarchy,"['C26909: Uveitis', 'C55901: Uveitis, CTCAE']",uveitis
C101222: Complete Trisomy 21 Syndrome	C101223: Complete Trisomy 13 Syndrome	C101362: Complete Trisomy 18 Syndrome	C120191: Complete Androgen Insensitivity Syndrome,,4,0,0,C101222: Complete Trisomy 21 Syndrome	C101223: Complete Trisomy 13 Syndrome	C101362: Complete Trisomy 18 Syndrome	C120191: Complete Androgen Insensitivity Syndrome,outside hierarchy,"['C25250: Complete', 'C64943: Finish', 'C127315: Complete Pharyngeal Contraction', 'C70756: Study Completed']",finish
C85188: Thoracic Outlet Syndrome	C122654: Short-Rib Thoracic Dysplasia 6 with or without Polydactyly,,2,0,0,C85188: Thoracic Outlet Syndrome	C122654: Short-Rib Thoracic Dysplasia 6 with or without Polydactyly,outside hierarchy,['C13360: Thoracic'],thoracic
C131006: Wilms Tumor 1 Gene Syndromes	C97310: Myelodysplastic Syndrome with Gene Mutation,,2,0,0,C131006: Wilms Tumor 1 Gene Syndromes	C97310: Myelodysplastic Syndrome with Gene Mutation,outside hierarchy,"['C16612: Gene', 'C159044: GDC Gene Symbol Terminology']",gene
C116380: Chronic Infantile Neurological Cutaneous and Articular Syndrome	C35066: Temporomandibular Joint Dysfunction Syndrome,,2,0,0,C116380: Chronic Infantile Neurological Cutaneous and Articular Syndrome	C35066: Temporomandibular Joint Dysfunction Syndrome,outside hierarchy,"['C13044: Joint', 'C62183: Articulation', 'C50013: Joint Device']",joint
"C85073: Selective Antibody Deficiency with Normal Immunoglobulins	C61239: Severe Combined Immunodeficiency with Absence of T, Normal B Cells",,2,0,0,"C85073: Selective Antibody Deficiency with Normal Immunoglobulins	C61239: Severe Combined Immunodeficiency with Absence of T, Normal B Cells",outside hierarchy,"['C14165: Normal', 'C121439: Normal Gait', 'C140746: How Often Felt Normal', 'C148092: TP53 Gene Mutation Negative', 'C158864: Cytogenetically Normal', 'C159472: Normal Immune Presence', 'C162045: Serum CEA Level Normal', 'C162048: Serum CA 19-9 Normal', 'C48554: Normal, Unit of Concentration', 'C70457: Mean Percent of Normal', 'C74593: Normal Skin', 'C78727: Normal Reference Range']",normal
"C124842: Waardenburg Syndrome Type 4	C146899: Trichothiodystrophy 4, Nonphotosensitive	C74997: Joubert Syndrome Type 4	C75475: Holoprosencephaly Type 4	C157449: Multiple Endocrine Neoplasia Type 4",,5,0,0,"C124842: Waardenburg Syndrome Type 4	C146899: Trichothiodystrophy 4, Nonphotosensitive	C74997: Joubert Syndrome Type 4	C75475: Holoprosencephaly Type 4	C157449: Multiple Endocrine Neoplasia Type 4",outside hierarchy,"['C66835: Four', 'C137995: Gleason Grade Group 4', 'C15603: Phase IV Trial', 'C159771: Greater than or equal to Four Pregnancies', 'C159938: Intensity and Distress 4', 'C41337: Life Threatening or Disabling Adverse Event']",four
C123729: Natural Killer Cell and Glucocorticoid Deficiency with DNA Repair Defect	C130202: Constitutional Mismatch Repair Deficiency Syndrome,,2,0,0,C123729: Natural Killer Cell and Glucocorticoid Deficiency with DNA Repair Defect	C130202: Constitutional Mismatch Repair Deficiency Syndrome,outside hierarchy,['C53611: Repair'],repair
C155954: Intestinal Polyposis Syndrome	C34731: Intestinal Disaccharidase Deficiency and Disaccharide Malabsorption,,2,0,0,C155954: Intestinal Polyposis Syndrome	C34731: Intestinal Disaccharidase Deficiency and Disaccharide Malabsorption,outside hierarchy,"['C25266: Intestinal', 'C9157: Gastric Intestinal-Type Adenocarcinoma']",intestinal
"C118845: Otopalatodigital Syndrome Type 1	C124838: Orofacial Cleft 1	C130989: Immunoglobulin Superfamily Member 1 Deficiency Syndrome	C130992: Kenny-Caffey Syndrome Type 1	C131006: Wilms Tumor 1 Gene Syndromes	C133724: Brown-Vialetto-Van Laere Syndrome 1	C75015: Rieger Syndrome Type 1	C75481: Orofaciodigital Syndrome Type 1	C75119: Loeys-Dietz Syndrome Type 1	C126337: IFN-gamma Receptor 1 Deficiency	C75008: Waardenburg Syndrome Type 1	C126327: Usher Syndrome Type 1	C129727: Autoimmune Polyglandular Syndrome Type 1	C85049: Long QT Syndrome 1	C156433: Trichothiodystrophy 1, Photosensitive	C150367: Hermansky-Pudlak Syndrome 1	C75459: Noonan Syndrome 1	C75476: Holoprosencephaly Type 1	C75045: Split-Hand/Foot Malformation Type 1	C75480: Kallmann Syndrome 1	C122663: Inclusion Body Myopathy with Early-Onset Paget Disease with or without Frontotemporal Dementia 1	C3225: Multiple Endocrine Neoplasia Type 1	C153290: Rubinstein-Taybi Syndrome Type 1	C4689: Leukocyte Adhesion Deficiency Type 1	C123434: Immunoglobulin A Deficiency 1	C6725: Lynch 1 Syndrome	C40463: Turcot Syndrome Type 1	C75122: Tuberous Sclerosis 1	C3273: Neurofibromatosis Type 1",,29,0,0,"C118845: Otopalatodigital Syndrome Type 1	C124838: Orofacial Cleft 1	C130989: Immunoglobulin Superfamily Member 1 Deficiency Syndrome	C130992: Kenny-Caffey Syndrome Type 1	C131006: Wilms Tumor 1 Gene Syndromes	C133724: Brown-Vialetto-Van Laere Syndrome 1	C75015: Rieger Syndrome Type 1	C75481: Orofaciodigital Syndrome Type 1	C75119: Loeys-Dietz Syndrome Type 1	C126337: IFN-gamma Receptor 1 Deficiency	C75008: Waardenburg Syndrome Type 1	C126327: Usher Syndrome Type 1	C129727: Autoimmune Polyglandular Syndrome Type 1	C85049: Long QT Syndrome 1	C156433: Trichothiodystrophy 1, Photosensitive	C150367: Hermansky-Pudlak Syndrome 1	C75459: Noonan Syndrome 1	C75476: Holoprosencephaly Type 1	C75045: Split-Hand/Foot Malformation Type 1	C75480: Kallmann Syndrome 1	C122663: Inclusion Body Myopathy with Early-Onset Paget Disease with or without Frontotemporal Dementia 1	C3225: Multiple Endocrine Neoplasia Type 1	C153290: Rubinstein-Taybi Syndrome Type 1	C4689: Leukocyte Adhesion Deficiency Type 1	C123434: Immunoglobulin A Deficiency 1	C6725: Lynch 1 Syndrome	C40463: Turcot Syndrome Type 1	C75122: Tuberous Sclerosis 1	C3273: Neurofibromatosis Type 1	C143014: Neurofibromatosis Type 1 with Inoperable, Progressive, Symptomatic Plexiform Neurofibromas	C155985: Recurrent Neurofibromatosis Type 1	C155986: Refractory Neurofibromatosis Type 1",outside hierarchy,"['C66832: One', 'C136548: Neck Pain Score 1', 'C137992: Gleason Grade Group 1', 'C15600: Phase I Trial', 'C158695: One Hundred Percent', 'C159768: One Full Term Pregnancy', 'C159935: Intensity and Distress 1', 'C41338: Mild Adverse Event', 'C50894: NOS1 wt Allele', 'C85525: 1+ Score', 'C88126: 1+ Score, WHO']",one
C129304: Congenital Myasthenic Syndrome 5	C75460: Holoprosencephaly Type 5	C75002: Split-Hand/Foot Malformation Type 5,,3,0,0,C129304: Congenital Myasthenic Syndrome 5	C75460: Holoprosencephaly Type 5	C75002: Split-Hand/Foot Malformation Type 5,outside hierarchy,"['C66836: Five', 'C48275: Death Related to Adverse Event', 'C124828: PSA Level Less than Five', 'C136552: Neck Pain Score 5', 'C137996: Gleason Grade Group 5', 'C159939: Intensity and Distress 5', 'C36526: Loss of Chromosome 5', 'C47865: Phase V Trial']",five
C120083: Hereditary Nonpolyposis Colorectal Cancer	C8493: Hereditary Breast and Ovarian Cancer Syndrome	C51302: Hereditary Leiomyomatosis and Renal Cell Cancer,,3,0,0,C120083: Hereditary Nonpolyposis Colorectal Cancer	C8493: Hereditary Breast and Ovarian Cancer Syndrome	C51302: Hereditary Leiomyomatosis and Renal Cell Cancer	C120084: Familial Colorectal Cancer Type X,outside hierarchy,['C9305: Malignant Neoplasm'],cancer
"C75109: Trichorhinophalangeal Syndrome Type I	C85042: Complex Regional Pain Syndrome I	C8967: Brain Iron Accumulation Type I Syndrome	C125696: Ehlers-Danlos Syndrome, Type I	C99099: Type I Acrocephalosyndactyly	C122658: DNA Ligase I Deficiency	C154314: Autosomal Recessive Cytochrome B-Positive Chronic Granulomatous Disease Type I	C129026: Fanconi Anemia, Complementation Group I",,8,0,0,"C75109: Trichorhinophalangeal Syndrome Type I	C85042: Complex Regional Pain Syndrome I	C8967: Brain Iron Accumulation Type I Syndrome	C125696: Ehlers-Danlos Syndrome, Type I	C99099: Type I Acrocephalosyndactyly	C122658: DNA Ligase I Deficiency	C154314: Autosomal Recessive Cytochrome B-Positive Chronic Granulomatous Disease Type I	C129026: Fanconi Anemia, Complementation Group I",outside hierarchy,"['C68869: Are', 'C89327: Be', 'C101224: Bonaire, Sint Eustatius and Saba', 'C111138: Biospecimen Events Domain', 'C112320: Immunogenicity Specimen Assessments Domain', 'C113265: ADM wt Allele', 'C118689: Idiopathic Short Stature', 'C119671: ATF7IP wt Allele', 'C127877: International Scale for BCR-ABL1 Measurement', 'C127914: TWIST2 wt Allele', 'C133414: Pathologic Stage I Esophageal Adenocarcinoma AJCC v8', 'C134745: Stage I Hilar Cholangiocarcinoma AJCC v8', 'C134757: Stage I Intrahepatic Cholangiocarcinoma AJCC v8', 'C134813: Stage I Distal Bile Duct Cancer AJCC v8', 'C135452: Accelerator Mass Spectrometry', 'C13662: Androgen Response Element', 'C139734: Stage I Cervical Cancer AJCC v8', 'C140164: Stage I Prostate Cancer AJCC v8', 'C140419: Stage I Bladder Cancer AJCC v8', 'C140977: Stage I Thyroid Gland Papillary Carcinoma AJCC v8', 'C154196: Washo Language', 'C2891: Barrett Esophagus', 'C159060: GDC ISS Stage Terminology', 'C16306: Armenia', 'C16329: Belgium', 'C16704: Iceland', 'C17232: United Arab Emirates', 'C229: Americium', 'C43236: WAS Gene', 'C43238: Wiskott-Aldrich Syndrome Protein', 'C44338: Beryllium', 'C450: DNA Insertion Elements', 'C48500: Inch', 'C5577: Stage I Uveal Melanoma AJCC v7', 'C594: Iodine', 'C68254: Dietary Iodine', 'C68255: Iodide', 'C71212: Attometer', 'C71347: Bachelor of Engineering', 'C94812: Clark Level I']",i
C4685: Paraneoplastic Cerebellar Degeneration	C125695: Striatonigral Degeneration,,2,0,0,C4685: Paraneoplastic Cerebellar Degeneration	C125695: Striatonigral Degeneration,outside hierarchy,"['C61557: Degeneration', 'C50774: Tissue Degeneration']",degeneration
C131003: Single Central Incisor Syndrome	C82591: Myelodysplastic Syndrome with Single Lineage Dysplasia	C130037: Myelodysplastic Syndrome with Ring Sideroblasts and Single Lineage Dysplasia,,3,0,0,C131003: Single Central Incisor Syndrome	C82591: Myelodysplastic Syndrome with Single Lineage Dysplasia	C130037: Myelodysplastic Syndrome with Ring Sideroblasts and Single Lineage Dysplasia,outside hierarchy,"['C150721: Single', 'C48440: Single']",single
C116927: Acute Motor and Sensory Axonal Neuropathy	C116929: Acute Motor Axonal Neuropathy,,2,0,0,C116927: Acute Motor and Sensory Axonal Neuropathy	C116929: Acute Motor Axonal Neuropathy,outside hierarchy,['C27301: Axonal Neuropathy'],axonal,neuropathy
C123729: Natural Killer Cell and Glucocorticoid Deficiency with DNA Repair Defect	C27873: Congenital Disorder of Natural Immunity,,2,0,0,C123729: Natural Killer Cell and Glucocorticoid Deficiency with DNA Repair Defect	C27873: Congenital Disorder of Natural Immunity,outside hierarchy,['C85060: Natural'],natural
C113170: Sick Euthyroid Syndrome	C50723: Radiation Sickness Syndrome	C62244: Sick Sinus Syndrome,,3,0,0,C113170: Sick Euthyroid Syndrome	C50723: Radiation Sickness Syndrome	C62244: Sick Sinus Syndrome,outside hierarchy,['C107499: Sickness'],sickness
C116927: Acute Motor and Sensory Axonal Neuropathy	C5420: Paraneoplastic Subacute Sensory Neuronopathy,,2,0,0,C116927: Acute Motor and Sensory Axonal Neuropathy	C5420: Paraneoplastic Subacute Sensory Neuronopathy,outside hierarchy,['C28259: Sensory'],sensory
C113421: Gray Baby Syndrome	C84741: Gray Platelet Syndrome,,2,0,0,C113421: Gray Baby Syndrome	C84741: Gray Platelet Syndrome,outside hierarchy,"['C18063: Gray', 'C48324: Gray']",gray
C129722: Albright Hereditary Osteodystrophy without Multiple Hormone Resistance	C122654: Short-Rib Thoracic Dysplasia 6 with or without Polydactyly	C122663: Inclusion Body Myopathy with Early-Onset Paget Disease with or without Frontotemporal Dementia 1,,3,0,0,C129722: Albright Hereditary Osteodystrophy without Multiple Hormone Resistance	C122654: Short-Rib Thoracic Dysplasia 6 with or without Polydactyly	C122663: Inclusion Body Myopathy with Early-Onset Paget Disease with or without Frontotemporal Dementia 1,outside hierarchy,"['C25718: Without', 'C71419: NONO Gene', 'C71445: Non-POU Domain-Containing Octamer-Binding Protein']",without
C126329: Usher Syndrome Type 3	C148259: Joubert Syndrome Type 3	C75121: Split-Hand/Foot Malformation Type 3	C39577: Type 3 Autoimmune Lymphoproliferative Syndrome	C154615: Leukocyte Adhesion Deficiency Type 3,,5,0,0,C126329: Usher Syndrome Type 3	C148259: Joubert Syndrome Type 3	C75121: Split-Hand/Foot Malformation Type 3	C39577: Type 3 Autoimmune Lymphoproliferative Syndrome	C154615: Leukocyte Adhesion Deficiency Type 3,outside hierarchy,['C125396: Bristol Stool Type 3'],type,thre
C123081: Nephrotic Syndrome - Epstein-Barr Virus Associated	C123082: Nephrotic Syndrome - Hepatitis B Virus Associated	C123083: Nephrotic Syndrome - Hepatitis C Virus Associated	C123084: Nephrotic Syndrome - Human Immunodeficiency Virus Associated	C123101: Nephrotic Syndrome - Simian Virus 40 Associated,,5,0,0,C123081: Nephrotic Syndrome - Epstein-Barr Virus Associated	C123082: Nephrotic Syndrome - Hepatitis B Virus Associated	C123083: Nephrotic Syndrome - Hepatitis C Virus Associated	C123084: Nephrotic Syndrome - Human Immunodeficiency Virus Associated	C123101: Nephrotic Syndrome - Simian Virus 40 Associated,outside hierarchy,['C14283: Virus'],virus
C84403: Bile Acid Synthesis Defect	C123729: Natural Killer Cell and Glucocorticoid Deficiency with DNA Repair Defect	C61243: Neutrophil Actin Defect,,3,0,0,C84403: Bile Acid Synthesis Defect	C123729: Natural Killer Cell and Glucocorticoid Deficiency with DNA Repair Defect	C61243: Neutrophil Actin Defect,outside hierarchy,['C43429: Defect'],defect
"C119048: Pain Amplification Syndrome	C121572: Complex Regional Pain Syndrome II	C125390: Episodic Pain Syndrome, Familial, 3	C85042: Complex Regional Pain Syndrome I",,4,0,0,"C119048: Pain Amplification Syndrome	C121572: Complex Regional Pain Syndrome II	C125390: Episodic Pain Syndrome, Familial, 3	C85042: Complex Regional Pain Syndrome I",outside hierarchy,"['C3303: Pain', 'C104600: Frequency of Pain', 'C124175: Pain Distress', 'C125299: Usual Severity Pain', 'C125331: How Much Distress Pain', 'C141521: Feel Pain', 'C143725: Pain, CTCAE', 'C53794: Adverse Event Associated with Pain', 'C53837: Pain by Anatomic Descriptor, CTCAE', 'C91126: Have Pain']",pain
C6867: Myelodysplastic Syndrome with Isolated del(5q)	C94830: Familial Isolated Hyperparathyroidism,,2,0,0,C6867: Myelodysplastic Syndrome with Isolated del(5q)	C94830: Familial Isolated Hyperparathyroidism,outside hierarchy,"['C25549: Isolation', 'C53471: Isolate', 'C128947: Specimen Isolation']",isolation
C152065: Telomere Syndrome	C75478: 22q Telomere Deletion Syndrome,,2,0,0,C152065: Telomere Syndrome	C75478: 22q Telomere Deletion Syndrome,outside hierarchy,['C13295: Telomere'],telomere
C118310: Insufficient Breast Milk Syndrome	C8493: Hereditary Breast and Ovarian Cancer Syndrome,,2,0,0,C118310: Insufficient Breast Milk Syndrome	C8493: Hereditary Breast and Ovarian Cancer Syndrome,outside hierarchy,['C12971: Breast'],breast
C138179: Acute Chest Syndrome	C3353: Acute Respiratory Distress Syndrome	C53652: Acute Coronary Syndrome	C116926: Acute Inflammatory Demyelinating Polyradiculoneuropathy	C116927: Acute Motor and Sensory Axonal Neuropathy	C116929: Acute Motor Axonal Neuropathy,,6,0,0,C138179: Acute Chest Syndrome	C3353: Acute Respiratory Distress Syndrome	C53652: Acute Coronary Syndrome	C116926: Acute Inflammatory Demyelinating Polyradiculoneuropathy	C116927: Acute Motor and Sensory Axonal Neuropathy	C116929: Acute Motor Axonal Neuropathy,outside hierarchy,"['C14140: Acute', 'C150754: Inpatient Acute Care Encounter']",acute
C27873: Congenital Disorder of Natural Immunity	C4799: Deficiency of Humoral Immunity,,2,0,0,C27873: Congenital Disorder of Natural Immunity	C4799: Deficiency of Humoral Immunity,outside hierarchy,['C16710: Immunity'],immunity
C87093: Meconium Aspiration Syndrome	C98980: Meconium Plug Syndrome,,2,0,0,C87093: Meconium Aspiration Syndrome	C98980: Meconium Plug Syndrome,outside hierarchy,"['C78743: Meconium', 'C147391: Meconium Measurement']",meconium
C115787: Vascular Access Steal Syndrome	C35044: Subclavian Steal Syndrome,C28193: Syndrome,2,1,0,C115787: Vascular Access Steal Syndrome	C35044: Subclavian Steal Syndrome,inside sysnonym,['C115787: Vascular Access Steal Syndrome'],steal,syndrome
"C130990: Insulin Receptor Mutation - Associated Insulin Resistance Syndromes	C131008: Hyperandrogenism, Insulin Resistance, Acanthosis Nigricans Syndrome	C113169: Insulin Resistance Syndrome	C129721: Albright Hereditary Osteodystrophy with Multiple Hormone Resistance	C129722: Albright Hereditary Osteodystrophy without Multiple Hormone Resistance",,5,0,0,"C130990: Insulin Receptor Mutation - Associated Insulin Resistance Syndromes	C131008: Hyperandrogenism, Insulin Resistance, Acanthosis Nigricans Syndrome	C113169: Insulin Resistance Syndrome	C129721: Albright Hereditary Osteodystrophy with Multiple Hormone Resistance	C129722: Albright Hereditary Osteodystrophy without Multiple Hormone Resistance",outside hierarchy,['C41546: Resistance Process'],resistance
C115787: Vascular Access Steal Syndrome	C129869: Multiple Vascular Disruption Syndrome,,2,0,0,C115787: Vascular Access Steal Syndrome	C129869: Multiple Vascular Disruption Syndrome,outside hierarchy,"['C13311: Vascular', 'C53809: Adverse Event Associated with the Vascular System']",vascular
C120409: Maternal Uniparental Disomy Chromosome 14 Syndrome	C130996: Maternal Diabetes and Deafness Syndrome,,2,0,0,C120409: Maternal Uniparental Disomy Chromosome 14 Syndrome	C130996: Maternal Diabetes and Deafness Syndrome,outside hierarchy,"['C89336: Maternal', 'C71383: Maternal Relative']",maternal
C116379: Cerebellar Mutism	C4685: Paraneoplastic Cerebellar Degeneration,,2,0,0,C116379: Cerebellar Mutism	C4685: Paraneoplastic Cerebellar Degeneration,outside hierarchy,['C12445: Cerebellum'],cerebellum
"C125712: Immune Reconstitution Inflammatory Syndrome Associated with Kaposi Sarcoma	C131009: Immune Dysregulation, Polyendocrinopathy, and Enteropathy X-Linked Syndrome",,2,0,0,"C125712: Immune Reconstitution Inflammatory Syndrome Associated with Kaposi Sarcoma	C131009: Immune Dysregulation, Polyendocrinopathy, and Enteropathy X-Linked Syndrome",outside hierarchy,['C17997: Immune'],immune
C111814: Griscelli Syndrome Type 2	C130993: Kenny-Caffey Syndrome Type 2	C158135: Infantile Liver Failure Syndrome 2	C114768: Loeys-Dietz Syndrome Type 2	C75009: Waardenburg Syndrome Type 2	C126328: Usher Syndrome Type 2	C129728: Autoimmune Polyglandular Syndrome Type 2	C137957: Long QT Syndrome 2	C150368: Hermansky-Pudlak Syndrome 2	C74985: Stickler Syndrome Type 2	C74995: Holoprosencephaly Type 2	C123329: Multiple Endocrine Neoplasia Type 2	C39576: Type 2 Autoimmune Lymphoproliferative Syndrome	C153291: Rubinstein-Taybi Syndrome Type 2	C4690: Leukocyte Adhesion Deficiency Type 2	C6726: Lynch 2 Syndrome	C40464: Turcot Syndrome Type 2	C75331: Tuberous Sclerosis 2	C3274: Neurofibromatosis Type 2,,19,0,0,C111814: Griscelli Syndrome Type 2	C130993: Kenny-Caffey Syndrome Type 2	C158135: Infantile Liver Failure Syndrome 2	C114768: Loeys-Dietz Syndrome Type 2	C75009: Waardenburg Syndrome Type 2	C126328: Usher Syndrome Type 2	C129728: Autoimmune Polyglandular Syndrome Type 2	C137957: Long QT Syndrome 2	C150368: Hermansky-Pudlak Syndrome 2	C74985: Stickler Syndrome Type 2	C74995: Holoprosencephaly Type 2	C123329: Multiple Endocrine Neoplasia Type 2	C39576: Type 2 Autoimmune Lymphoproliferative Syndrome	C153291: Rubinstein-Taybi Syndrome Type 2	C4690: Leukocyte Adhesion Deficiency Type 2	C6726: Lynch 2 Syndrome	C40464: Turcot Syndrome Type 2	C75331: Tuberous Sclerosis 2	C3274: Neurofibromatosis Type 2,outside hierarchy,"['C66833: Two', 'C136415: PSA Level Less than Two', 'C137993: Gleason Grade Group 2', 'C15601: Phase II Trial', 'C159769: Two Full Term Pregnancies', 'C159936: Intensity and Distress 2', 'C41339: Moderate Adverse Event', 'C84264: Moderate Adverse Event', 'C85526: 2+ Score', 'C88128: 2+ Score, WHO']",two
C120408: Chromosome 16p11.2 Deletion Syndrome	C129021: Chromosome 2q37 Deletion Syndrome	C129875: Chromosome 16p12.1 Deletion Syndrome	C130982: 10p13-p14 Deletion Syndrome	C130986: Distal 18q Deletion Syndrome	C74983: 1p36 Deletion Syndrome	C75478: 22q Telomere Deletion Syndrome	C84521: Deletion 18p Syndrome	C84522: Deletion 18q Syndrome	C27141: Immunoglobulin Heavy Chain Deletion,,10,0,0,C120408: Chromosome 16p11.2 Deletion Syndrome	C129021: Chromosome 2q37 Deletion Syndrome	C129875: Chromosome 16p12.1 Deletion Syndrome	C130982: 10p13-p14 Deletion Syndrome	C130986: Distal 18q Deletion Syndrome	C74983: 1p36 Deletion Syndrome	C75478: 22q Telomere Deletion Syndrome	C84521: Deletion 18p Syndrome	C84522: Deletion 18q Syndrome	C27141: Immunoglobulin Heavy Chain Deletion,outside hierarchy,"['C61330: Deletion', 'C45583: Gene Deletion Abnormality', 'C19296: Deletion Mutation']",deletion
C101321: Neonatal Drug Withdrawal	C87101: Neonatal Abstinence Syndrome	C99255: Neonatal Opiate Withdrawal Syndrome,,3,0,0,C101321: Neonatal Drug Withdrawal	C87101: Neonatal Abstinence Syndrome	C99255: Neonatal Opiate Withdrawal Syndrome,outside hierarchy,['C16731: Newborn'],newborn
"C95993: Di Guglielmo Syndrome	C125705: Fanconi Anemia, Complementation Group D1",,2,0,0,"C95993: Di Guglielmo Syndrome	C125705: Fanconi Anemia, Complementation Group D1",outside hierarchy,"['C102618: Device Identifiers Domain', 'C105065: SLC4A1 wt Allele', 'C114661: BBS9 wt Allele', 'C17001: Ploidy', 'C25484: Discontinue']",d1
C35046: Substance Withdrawal Syndrome,,1,0,0,C35046: Substance Withdrawal Syndrome	C101321: Neonatal Drug Withdrawal	C103170: Postnatal Drug Withdrawal	C103183: In Utero Drug Withdrawal	C7698: Nicotine Withdrawal	C98998: Opiate Withdrawal Syndrome	C99258: Perinatal Drug Withdrawal	C99255: Neonatal Opiate Withdrawal Syndrome,outside hierarchy,"['C41341: Withdrawal', 'C38061: Withdraw', 'C121294: Withdrawal Scale', 'C49634: Withdrawal by Subject']",withdraw
"C125708: Fanconi Anemia, Complementation Group G	C27024: Selective Immunoglobulin G Subclass Deficiency",,2,0,0,"C125708: Fanconi Anemia, Complementation Group G	C27024: Selective Immunoglobulin G Subclass Deficiency",outside hierarchy,"['C158211: Gaoshan Chinese', 'C20111: South Georgia and the South Sandwich Islands', 'C48155: Gram', 'C48162: G Force', 'C52458: APC wt Allele', 'C64783: Gram per Deciliter', 'C67896: Giga', 'C68783: Gravitational Constant', 'C68915: Gauss', 'C71443: PRNP wt Allele', 'C73772: Unit of Gravity']",g
C3131: Immunodeficiency Syndrome	C123084: Nephrotic Syndrome - Human Immunodeficiency Virus Associated,,2,0,0,"C3131: Immunodeficiency Syndrome	C123084: Nephrotic Syndrome - Human Immunodeficiency Virus Associated	C126296: Immunodeficiency of Unknown Origin	C27871: Congenital Combined Immunodeficiency	C152105: Primary Immunodeficiency Syndrome	C27145: T-Cell Immunodeficiency	C84783: Immunodeficiency With Hyper-IgM	C3472: Severe Combined Immunodeficiency	C2851: Acquired Immunodeficiency Syndrome	C27872: Congenital T-Cell Immunodeficiency	C162694: Severe Combined Immunodeficiency, Athabascan Type	C162695: Severe Combined Immunodeficiency due to NHEJ1 Deficiency	C4682: X-Linked Severe Combined Immunodeficiency	C61238: Severe Combined Immunodeficiency with Absence of T and B Cells	C61239: Severe Combined Immunodeficiency with Absence of T, Normal B Cells	C26964: Selective IgA Immunodeficiency	C26965: Selective IgM Immunodeficiency	C27142: Selective IgG Immunodeficiency	C27143: Selective IgE Immunodeficiency	C27144: Selective IgD Immunodeficiency	C26725: Common Variable Immunodeficiency",inside sysnonym,"['C39725: Immunodeficiency', 'C3131: Immunodeficiency Syndrome']",immunodeficiency
C129726: Autoimmune Polyglandular Syndrome	C84576: Autoimmune Polyendocrinopathy Syndrome	C37864: Autoimmune Lymphoproliferative Syndrome	C94694: Autoimmune Enteropathy,,4,0,0,C129726: Autoimmune Polyglandular Syndrome	C84576: Autoimmune Polyendocrinopathy Syndrome	C37864: Autoimmune Lymphoproliferative Syndrome	C129727: Autoimmune Polyglandular Syndrome Type 1	C129728: Autoimmune Polyglandular Syndrome Type 2	C94694: Autoimmune Enteropathy	C39574: Type 1a Autoimmune Lymphoproliferative Syndrome	C39575: Type 1b Autoimmune Lymphoproliferative Syndrome	C39576: Type 2 Autoimmune Lymphoproliferative Syndrome	C39577: Type 3 Autoimmune Lymphoproliferative Syndrome,outside hierarchy,"['C37916: Autoimmune', 'C16313: Autoimmune Process']",autoimmune
C125711: KSHV Inflammatory Cytokine Syndrome	C125712: Immune Reconstitution Inflammatory Syndrome Associated with Kaposi Sarcoma	C94832: Systemic Inflammatory Response Syndrome	C116926: Acute Inflammatory Demyelinating Polyradiculoneuropathy,,4,0,0,C125711: KSHV Inflammatory Cytokine Syndrome	C125712: Immune Reconstitution Inflammatory Syndrome Associated with Kaposi Sarcoma	C94832: Systemic Inflammatory Response Syndrome	C116926: Acute Inflammatory Demyelinating Polyradiculoneuropathy,outside hierarchy,['C25535: Inflammatory'],inflammatory
C27564: Endocrine Syndrome	C6432: Multiple Endocrine Neoplasia,,2,0,0,C27564: Endocrine Syndrome	C6432: Multiple Endocrine Neoplasia	C123329: Multiple Endocrine Neoplasia Type 2	C157449: Multiple Endocrine Neoplasia Type 4	C3225: Multiple Endocrine Neoplasia Type 1	C3226: Multiple Endocrine Neoplasia Type 2A	C3227: Multiple Endocrine Neoplasia Type 2B,outside hierarchy,"['C41064: Endocrine', 'C53801: Adverse Event Associated with the Endocrine System']",endocrin
C123229: Primary Fanconi Syndrome	C116985: Primary Sjogren Syndrome	C117297: Juvenile Primary Fibromyalgia Syndrome	C152105: Primary Immunodeficiency Syndrome,,4,0,0,C123229: Primary Fanconi Syndrome	C116985: Primary Sjogren Syndrome	C117297: Juvenile Primary Fibromyalgia Syndrome	C152105: Primary Immunodeficiency Syndrome,outside hierarchy,['C25251: Primary'],primary
C131003: Single Central Incisor Syndrome	C27169: Central Sleep Apnea Syndrome	C98889: Congenital Central Hypoventilation,,3,0,0,C131003: Single Central Incisor Syndrome	C27169: Central Sleep Apnea Syndrome	C98889: Congenital Central Hypoventilation,outside hierarchy,"['C25445: Center', 'C67055: Central Minus']",center
C99054: Sacral Agenesis	C61236: Congenital Pure Red Cell Aplasia,,2,0,0,C99054: Sacral Agenesis	C61236: Congenital Pure Red Cell Aplasia,outside hierarchy,['C120864: Agenesis'],agenesis
C4686: Opsoclonus Myoclonus Syndrome	C8966: Paraneoplastic Opsoclonus Ataxia,,2,0,0,C4686: Opsoclonus Myoclonus Syndrome	C8966: Paraneoplastic Opsoclonus Ataxia,outside hierarchy,['C118720: Opsoclonus'],opsoclonus
C116916: Progressive Hemifacial Atrophy	C84909: Multiple System Atrophy,,2,0,0,C116916: Progressive Hemifacial Atrophy	C84909: Multiple System Atrophy,outside hierarchy,['C79748: Atrophy'],atrophy
C124842: Waardenburg Syndrome Type 4	C74997: Joubert Syndrome Type 4	C75475: Holoprosencephaly Type 4	C157449: Multiple Endocrine Neoplasia Type 4,,4,0,0,C124842: Waardenburg Syndrome Type 4	C74997: Joubert Syndrome Type 4	C75475: Holoprosencephaly Type 4	C157449: Multiple Endocrine Neoplasia Type 4,outside hierarchy,['C125397: Bristol Stool Type 4'],type,four
C120187: Contrasexual Sexual Development,,1,0,0,C120187: Contrasexual Sexual Development	C131863: Iatrogenic Contrasexual Pubertal Development,outside hierarchy,"['C17770: Maturation', 'C18732: Development', 'C84377: Development', 'C133991: Development Batch', 'C96110: Development Lot']",maturation
C130995: Low T3 Syndrome	C160144: Low Anterior Resection Syndrome,,2,0,0,C130995: Low T3 Syndrome	C160144: Low Anterior Resection Syndrome,outside hierarchy,"['C25309: Lower', 'C43517: Lowest', 'C54722: Low', 'C86568: Lower', 'C118955: Low Mitosis-Karyorrhexis Index', 'C129476: Low Level', 'C139301: IPSS Risk Category Low', 'C162046: Serum CEA Level Low', 'C162049: Serum CA 19-9 Low', 'C162102: Low LDH Level', 'C162104: Low Calcium Level', 'C162106: Low Hemoglobin Level', 'C162108: Low Platelet Count', 'C162110: Low Leukocyte Count', 'C162681: IPSS-R Risk Category Low', 'C78801: Value Below Reference Range']",low
C129867: Growth Hormone Insensitivity Syndrome	C8440: Ectopic Growth Hormone Secretion Syndrome,,2,0,0,C129867: Growth Hormone Insensitivity Syndrome	C8440: Ectopic Growth Hormone Secretion Syndrome,outside hierarchy,"['C2288: Somatotropin', 'C80360: Somatotrophin Measurement']",growth,hormone
"C116917: Periodic Fever, Aphthous Stomatitis, Pharyngitis, Adenitis Syndrome	C118240: Periodic Fever Syndrome	C84657: Cryopyrin-Associated Periodic Syndrome	C119051: Tumor Necrosis Factor Receptor 1-Associated Periodic Syndrome",,4,0,0,"C116917: Periodic Fever, Aphthous Stomatitis, Pharyngitis, Adenitis Syndrome	C118240: Periodic Fever Syndrome	C84657: Cryopyrin-Associated Periodic Syndrome	C119043: NALP12-Associated Hereditary Periodic Fever Syndrome	C119051: Tumor Necrosis Factor Receptor 1-Associated Periodic Syndrome",outside hierarchy,['C53578: Periodic Report'],periodic
C130989: Immunoglobulin Superfamily Member 1 Deficiency Syndrome	C85073: Selective Antibody Deficiency with Normal Immunoglobulins	C126873: Congenital Disorder of Glycosylation Type Ig	C27870: Selective Immunoglobulin Isotype Deficiency	C27141: Immunoglobulin Heavy Chain Deletion,,5,0,0,C130989: Immunoglobulin Superfamily Member 1 Deficiency Syndrome	C85073: Selective Antibody Deficiency with Normal Immunoglobulins	C126873: Congenital Disorder of Glycosylation Type Ig	C27870: Selective Immunoglobulin Isotype Deficiency	C27141: Immunoglobulin Heavy Chain Deletion	C123434: Immunoglobulin A Deficiency 1	C27024: Selective Immunoglobulin G Subclass Deficiency,outside hierarchy,"['C572: Immunoglobulin', 'C81869: Immunoglobulin Measurement']",immunoglobulin
C123018: Renal Cysts and Diabetes Syndrome	C123230: Renal Coloboma Syndrome	C51302: Hereditary Leiomyomatosis and Renal Cell Cancer,,3,0,0,C123018: Renal Cysts and Diabetes Syndrome	C123230: Renal Coloboma Syndrome	C51302: Hereditary Leiomyomatosis and Renal Cell Cancer,outside hierarchy,['C25225: Renal'],renal
"C123729: Natural Killer Cell and Glucocorticoid Deficiency with DNA Repair Defect	C28516: Sickle Cell Dactylitis	C157461: Glucagon Cell Hyperplasia and Neoplasia	C51302: Hereditary Leiomyomatosis and Renal Cell Cancer	C61236: Congenital Pure Red Cell Aplasia	C2892: Nevoid Basal Cell Carcinoma Syndrome	C61238: Severe Combined Immunodeficiency with Absence of T and B Cells	C61239: Severe Combined Immunodeficiency with Absence of T, Normal B Cells",,8,0,0,"C123729: Natural Killer Cell and Glucocorticoid Deficiency with DNA Repair Defect	C28516: Sickle Cell Dactylitis	C157461: Glucagon Cell Hyperplasia and Neoplasia	C51302: Hereditary Leiomyomatosis and Renal Cell Cancer	C61236: Congenital Pure Red Cell Aplasia	C2892: Nevoid Basal Cell Carcinoma Syndrome	C61238: Severe Combined Immunodeficiency with Absence of T and B Cells	C61239: Severe Combined Immunodeficiency with Absence of T, Normal B Cells",outside hierarchy,"['C12508: Cell', 'C48694: Cell', 'C48938: Cell Count', 'C111153: Cellularity Measurement', 'C49867: Cell Device', 'C60787: Cellular Telephone']",cell
C84683: Ectodermal Dysplasia	C75020: Cleidocranial Dysplasia	C85063: Septo-Optic Dysplasia	C122654: Short-Rib Thoracic Dysplasia 6 with or without Polydactyly	C82591: Myelodysplastic Syndrome with Single Lineage Dysplasia	C8574: Myelodysplastic Syndrome with Multilineage Dysplasia	C7584: Dysplastic Nevus Syndrome	C130037: Myelodysplastic Syndrome with Ring Sideroblasts and Single Lineage Dysplasia	C27726: Myelodysplastic Syndrome with Ring Sideroblasts and Multilineage Dysplasia,,9,0,0,C84683: Ectodermal Dysplasia	C75020: Cleidocranial Dysplasia	C85063: Septo-Optic Dysplasia	C122654: Short-Rib Thoracic Dysplasia 6 with or without Polydactyly	C122656: Cleft Lip/Palate-Ectodermal Dysplasia Syndrome	C82591: Myelodysplastic Syndrome with Single Lineage Dysplasia	C8574: Myelodysplastic Syndrome with Multilineage Dysplasia	C7584: Dysplastic Nevus Syndrome	C130037: Myelodysplastic Syndrome with Ring Sideroblasts and Single Lineage Dysplasia	C27726: Myelodysplastic Syndrome with Ring Sideroblasts and Multilineage Dysplasia,outside hierarchy,['C4086: Dysplasia'],dysplasia
"C125390: Episodic Pain Syndrome, Familial, 3	C126329: Usher Syndrome Type 3	C137959: Long QT Syndrome 3	C148259: Joubert Syndrome Type 3	C75121: Split-Hand/Foot Malformation Type 3	C39577: Type 3 Autoimmune Lymphoproliferative Syndrome	C154615: Leukocyte Adhesion Deficiency Type 3",,7,0,0,"C125390: Episodic Pain Syndrome, Familial, 3	C126329: Usher Syndrome Type 3	C137959: Long QT Syndrome 3	C148259: Joubert Syndrome Type 3	C75121: Split-Hand/Foot Malformation Type 3	C39577: Type 3 Autoimmune Lymphoproliferative Syndrome	C154615: Leukocyte Adhesion Deficiency Type 3",outside hierarchy,"['C66834: Three', 'C104840: NANOS3 wt Allele', 'C136550: Neck Pain Score 3', 'C137994: Gleason Grade Group 3', 'C15602: Phase III Trial', 'C159770: Three Full Term Pregnancies', 'C159937: Intensity and Distress 3', 'C41340: Severe Adverse Event', 'C85527: 3+ Score', 'C88130: 3+ Score, WHO']",thre
C120408: Chromosome 16p11.2 Deletion Syndrome	C120409: Maternal Uniparental Disomy Chromosome 14 Syndrome	C126692: Chromosome 15q11-q13 Duplication Syndrome	C129021: Chromosome 2q37 Deletion Syndrome	C129875: Chromosome 16p12.1 Deletion Syndrome,,5,0,0,C120408: Chromosome 16p11.2 Deletion Syndrome	C120409: Maternal Uniparental Disomy Chromosome 14 Syndrome	C126692: Chromosome 15q11-q13 Duplication Syndrome	C129021: Chromosome 2q37 Deletion Syndrome	C129875: Chromosome 16p12.1 Deletion Syndrome,outside hierarchy,"['C13202: Chromosome', 'C159014: GDC Chromosome Terminology']",chromosome
C120083: Hereditary Nonpolyposis Colorectal Cancer,,1,0,1,C120083: Hereditary Nonpolyposis Colorectal Cancer	C120084: Familial Colorectal Cancer Type X,outside hierarchy,"['C91466: Colorectal Cancer Pathway', 'C103063: NCI CTEP SDC Colorectal Cancer Sub-Category Terminology', 'C2955: Colorectal Carcinoma']",colorectal,cancer
C34868: Organic Brain Syndrome	C8967: Brain Iron Accumulation Type I Syndrome,,2,0,0,C34868: Organic Brain Syndrome	C8967: Brain Iron Accumulation Type I Syndrome,outside hierarchy,['C12439: Brain'],brain
C84530: Acquired Hyperostosis Syndrome	C78296: Acquired Fanconi Syndrome	C78299: Acquired Feminization	C2851: Acquired Immunodeficiency Syndrome,,4,0,0,C84530: Acquired Hyperostosis Syndrome	C78296: Acquired Fanconi Syndrome	C78299: Acquired Feminization	C2851: Acquired Immunodeficiency Syndrome,outside hierarchy,"['C43384: Acquisition', 'C52349: Obtain', 'C85869: Acquired']",acquisition
C34868: Organic Brain Syndrome,,1,0,0,C34868: Organic Brain Syndrome	C34869: Organic Delusional Syndrome	C34871: Organic Affective Syndrome	C34872: Organic Personality Syndrome,outside hierarchy,['C63848: Organic'],organic
C84869: Malignant Hyperthermia Syndrome	C94829: Neuroleptic Malignant Syndrome,,2,0,0,C84869: Malignant Hyperthermia Syndrome	C94829: Neuroleptic Malignant Syndrome,outside hierarchy,['C14143: Malignant'],malignant
C130990: Insulin Receptor Mutation - Associated Insulin Resistance Syndromes	C97310: Myelodysplastic Syndrome with Gene Mutation,,2,0,0,C130990: Insulin Receptor Mutation - Associated Insulin Resistance Syndromes	C97310: Myelodysplastic Syndrome with Gene Mutation,outside hierarchy,['C45576: Mutation Abnormality'],mutation
C35561: Rare Neoplastic Syndrome	C128110: Nephrotic Syndrome - Infrequently Relapsing,,2,0,0,C35561: Rare Neoplastic Syndrome	C128110: Nephrotic Syndrome - Infrequently Relapsing,outside hierarchy,"['C64954: Infrequent', 'C13634: Retinoic Acid Response Element']",infrequent
C112202: Red Man Syndrome	C61236: Congenital Pure Red Cell Aplasia,,2,0,0,C112202: Red Man Syndrome	C61236: Congenital Pure Red Cell Aplasia,outside hierarchy,"['C48326: Red', 'C120579: Radiological Exposure Device']",red
"C123228: Familial Atypical Hemolytic Uremic Syndrome	C125390: Episodic Pain Syndrome, Familial, 3	C126650: Infantile Convulsions and Paroxysmal Choreoathetosis, Familial	C74998: Familial Juvenile Nephronophthisis	C84453: Progressive Familial Intrahepatic Cholestasis	C48300: Familial Paraganglioma-Pheochromocytoma Syndrome	C119053: Familial Cold Autoinflammatory Syndrome	C3339: Familial Adenomatous Polyposis	C6729: Attenuated Familial Adenomatous Polyposis	C27264: Familial Atypical Mole Melanoma Syndrome	C94830: Familial Isolated Hyperparathyroidism	C61276: Familial Hemophagocytic Lymphohistiocytosis	C120084: Familial Colorectal Cancer Type X",,13,0,0,"C123228: Familial Atypical Hemolytic Uremic Syndrome	C125390: Episodic Pain Syndrome, Familial, 3	C126650: Infantile Convulsions and Paroxysmal Choreoathetosis, Familial	C74998: Familial Juvenile Nephronophthisis	C84453: Progressive Familial Intrahepatic Cholestasis	C48300: Familial Paraganglioma-Pheochromocytoma Syndrome	C119053: Familial Cold Autoinflammatory Syndrome	C3339: Familial Adenomatous Polyposis	C6729: Attenuated Familial Adenomatous Polyposis	C27264: Familial Atypical Mole Melanoma Syndrome	C94830: Familial Isolated Hyperparathyroidism	C61276: Familial Hemophagocytic Lymphohistiocytosis	C120084: Familial Colorectal Cancer Type X",outside hierarchy,"['C25173: Family', 'C45290: Family', 'C79273: Family Collection']",family
"C121572: Complex Regional Pain Syndrome II	C75118: Trichorhinophalangeal Syndrome Type II	C99081: Arakawa Syndrome II	C116986: Secondary Sjogren Syndrome	C125697: Ehlers-Danlos Syndrome, Type II	C98873: Type II Acrocephalopolysyndactyly	C75007: Marfan Syndrome Type II	C27280: Secondary Myelodysplastic Syndrome	C121184: Secondary Hemophagocytic Lymphohistiocytosis",,9,0,0,"C121572: Complex Regional Pain Syndrome II	C75118: Trichorhinophalangeal Syndrome Type II	C99081: Arakawa Syndrome II	C116986: Secondary Sjogren Syndrome	C125697: Ehlers-Danlos Syndrome, Type II	C98873: Type II Acrocephalopolysyndactyly	C75007: Marfan Syndrome Type II	C27280: Secondary Myelodysplastic Syndrome	C121184: Secondary Hemophagocytic Lymphohistiocytosis",outside hierarchy,"['C25666: Second', 'C25667: Secondary', 'C42535: Second', 'C49463: Second', 'C133418: Pathologic Stage II Esophageal Adenocarcinoma AJCC v8', 'C134519: Stage II Hepatocellular Carcinoma AJCC v8', 'C134746: Stage II Hilar Cholangiocarcinoma AJCC v8', 'C134760: Stage II Intrahepatic Cholangiocarcinoma AJCC v8', 'C134814: Stage II Distal Bile Duct Cancer AJCC v8', 'C139743: Stage II Cervical Cancer AJCC v8', 'C140420: Stage II Bladder Cancer AJCC v8', 'C140980: Stage II Thyroid Gland Papillary Carcinoma AJCC v8', 'C51482: VIPR1 wt Allele', 'C52611: TAF8 wt Allele', 'C68861: Second Unit of Plane Angle', 'C94813: Clark Level II', 'C95664: Instance Identifier Data Type', 'C97419: CD74 wt Allele', 'C97420: HLA Class II Histocompatibility Antigen Gamma Chain']",second
C159653: Joubert Syndrome Type 7	C157266: Left Ventricular Noncompaction 7,,2,0,0,C159653: Joubert Syndrome Type 7	C157266: Left Ventricular Noncompaction 7,outside hierarchy,"['C66838: Seven', 'C36524: Loss of Chromosome 7', 'C136554: Neck Pain Score 7']",seven
C133743: Cortical Dysplasia-Focal Epilepsy Syndrome	C84889: Myoclonic Epilepsy Associated with Ragged-Red Fibers,,2,0,0,C133743: Cortical Dysplasia-Focal Epilepsy Syndrome	C84889: Myoclonic Epilepsy Associated with Ragged-Red Fibers,outside hierarchy,['C3020: Seizure Disorder'],epilepsy
C155954: Intestinal Polyposis Syndrome	C162484: Polymerase Proofreading Associated Polyposis	C3339: Familial Adenomatous Polyposis	C6729: Attenuated Familial Adenomatous Polyposis	C7754: Juvenile Polyposis Syndrome	C96520: MUTYH-Associated Polyposis,,6,0,0,C155954: Intestinal Polyposis Syndrome	C162484: Polymerase Proofreading Associated Polyposis	C3339: Familial Adenomatous Polyposis	C6729: Attenuated Familial Adenomatous Polyposis	C7754: Juvenile Polyposis Syndrome	C96520: MUTYH-Associated Polyposis,outside hierarchy,['C4089: Polyposis'],polyposis
C116380: Chronic Infantile Neurological Cutaneous and Articular Syndrome	C3037: Chronic Fatigue Syndrome	C26788: Chronic Granulomatous Disease,,3,0,0,C116380: Chronic Infantile Neurological Cutaneous and Articular Syndrome	C3037: Chronic Fatigue Syndrome	C26788: Chronic Granulomatous Disease	C154314: Autosomal Recessive Cytochrome B-Positive Chronic Granulomatous Disease Type I	C154315: X-linked Chronic Granulomatous Disease,outside hierarchy,['C14141: Chronic'],chronic
