Potential Subtype(s),Potential Supertype(s),# of Potential Subtype(s),# of Potential Supertype(s),If Inside the Given Hierarchy,Mapped Existing Concept,Newly Formalized Concepts
C35470: Behavioral Disorder,,1,0,outside hierarchy,['C2991: Disease or Disorder'],disorder
C35046: Substance Withdrawal Syndrome	C34868: Organic Brain Syndrome,,2,0,outside hierarchy,"['C28193: Syndrome', 'C53799: Adverse Event Associated with Syndromes']",syndrome
C35046: Substance Withdrawal Syndrome,C41341: Withdrawal,1,1,inside sysnonym,['C35046: Substance Withdrawal Syndrome'],withdraw,syndrome
C35470: Behavioral Disorder,,1,0,outside hierarchy,"['C16326: Behavior', 'C95084: Behavioral Domain']",behavior
C101321: Neonatal Drug Withdrawal	C103170: Postnatal Drug Withdrawal	C103183: In Utero Drug Withdrawal	C99258: Perinatal Drug Withdrawal,C41341: Withdrawal,4,1,inside sysnonym,['C35046: Substance Withdrawal Syndrome'],medication,withdraw
C7698: Nicotine Withdrawal	C54203: Nicotine Dependence,,2,0,outside hierarchy,"['C691: Nicotine', 'C147403: Nicotine Measurement']",nicotine
"C35074: Tobacco Use Disorder	C35386: Cannabis Dependence, Continuous Use	C35387: Cannabis Dependence, Episodic Use	C35388: Cocaine Dependence, Continuous Use	C35389: Cocaine Dependence, Episodic Use	C35384: Hallucinogen Dependence, Continuous Use	C35385: Hallucinogen Dependence, Episodic Use",,7,0,outside hierarchy,"['C25340: Use', 'C62753: Use_For', 'C95018: Use']",use
C35074: Tobacco Use Disorder,,1,0,outside hierarchy,['C891: Tobacco'],tobacco
C101321: Neonatal Drug Withdrawal	C87101: Neonatal Abstinence Syndrome	C99255: Neonatal Opiate Withdrawal Syndrome,,3,0,outside hierarchy,['C16731: Newborn'],newborn
C34868: Organic Brain Syndrome,,1,0,outside hierarchy,['C63848: Organic'],organic
C101321: Neonatal Drug Withdrawal	C103170: Postnatal Drug Withdrawal	C103183: In Utero Drug Withdrawal	C99258: Perinatal Drug Withdrawal	C3894: Drug Dependence,,5,0,outside hierarchy,"['C459: Medication', 'C16833: Medicine', 'C1909: Pharmacologic Substance']",medication
C27927: Alcohol-Related Carcinoma	C27236: Tobacco-Related Carcinoma,,2,0,outside hierarchy,['C2916: Carcinoma'],carcinoma
