Potential Subtype(s),Potential Supertype(s),# of Potential Subtype(s),# of Potential Supertype(s),Newly Formalized Concepts
C35470: Behavioral Disorder,,1,0,disorder
C35046: Substance Withdrawal Syndrome	C34868: Organic Brain Syndrome,,2,0,syndrome
C35046: Substance Withdrawal Syndrome,C41341: Withdrawal,1,1,withdraw,syndrome
C35470: Behavioral Disorder,,1,0,behavior
C101321: Neonatal Drug Withdrawal	C103170: Postnatal Drug Withdrawal	C103183: In Utero Drug Withdrawal	C99258: Perinatal Drug Withdrawal,C41341: Withdrawal,4,1,medication,withdraw
C7698: Nicotine Withdrawal	C54203: Nicotine Dependence,,2,0,nicotine
"C35074: Tobacco Use Disorder	C35386: Cannabis Dependence, Continuous Use	C35387: Cannabis Dependence, Episodic Use	C35388: Cocaine Dependence, Continuous Use	C35389: Cocaine Dependence, Episodic Use	C35384: Hallucinogen Dependence, Continuous Use	C35385: Hallucinogen Dependence, Episodic Use",,7,0,use
C35074: Tobacco Use Disorder,,1,0,tobacco
C27927: Alcohol-Related Carcinoma,,1,0,alcohol relate
C101321: Neonatal Drug Withdrawal	C87101: Neonatal Abstinence Syndrome	C99255: Neonatal Opiate Withdrawal Syndrome,,3,0,newborn
"C35387: Cannabis Dependence, Episodic Use	C35389: Cocaine Dependence, Episodic Use	C35385: Hallucinogen Dependence, Episodic Use",C35458: Dependence,3,1,dependancy,episodic,use
C34868: Organic Brain Syndrome,,1,0,organic
C101321: Neonatal Drug Withdrawal	C103170: Postnatal Drug Withdrawal	C103183: In Utero Drug Withdrawal	C99258: Perinatal Drug Withdrawal	C3894: Drug Dependence,,5,0,medication
C27927: Alcohol-Related Carcinoma	C27236: Tobacco-Related Carcinoma,,2,0,carcinoma
"C35386: Cannabis Dependence, Continuous Use	C35388: Cocaine Dependence, Continuous Use	C35384: Hallucinogen Dependence, Continuous Use",C35458: Dependence,3,1,dependancy,continue,use
