Potential Subtype(s),Potential Supertype(s),# of Potential Subtype(s),# of Potential Supertype(s),If Inside the Given Hierarchy,Mapped Existing Concept,Newly Formalized Concepts
C3311: Paraneoplastic Syndrome	C3425: Tumor Lysis Syndrome	C3396: Superior Vena Cava Syndrome	C3223: Meigs Syndrome	C6728: Gardner Syndrome,,5,0,outside hierarchy,"['C28193: Syndrome', 'C53799: Adverse Event Associated with Syndromes']",syndrome
C37266: Bladder Urothelial Carcinoma In Situ	C6188: Stage 0 Bladder Urothelial Carcinoma AJCC v6 and v7,,2,0,outside hierarchy,['C39851: Bladder Urothelial Carcinoma'],bladder,urothelial,carcinoma
"C40036: Borderline Ovarian Mucinous Tumor	C40108: Borderline Fallopian Tube Mucinous Tumor	C136717: Lung Mucinous Adenocarcinoma In Situ	C4186: Borderline Papillary Mucinous Cystadenoma	C96836: Bile Duct Mucinous Cystic Neoplasm with Low Grade Intraepithelial Neoplasia	C96837: Bile Duct Mucinous Cystic Neoplasm with Intermediate Grade Intraepithelial Neoplasia	C96838: Bile Duct Mucinous Cystic Neoplasm with High Grade Intraepithelial Neoplasia	C96883: Gallbladder Mucinous Cystic Neoplasm with Low Grade Intraepithelial Neoplasia	C96884: Gallbladder Mucinous Cystic Neoplasm with Intermediate Grade Intraepithelial Neoplasia	C96886: Gallbladder Mucinous Cystic Neoplasm with High Grade Intraepithelial Neoplasia	C39888: High Grade Prostatic Intraepithelial Neoplasia, Mucinous Variant",,11,0,outside hierarchy,['C14163: Mucinous'],mucinous
C8278: Cancer-Related Condition,,1,0,outside hierarchy,"['C25457: Condition', 'C41258: Conditioning', 'C2991: Disease or Disorder', 'C154631: Condition Domain', 'C156597: Conditioning Clinical Trial Setting', 'C47953: Logical Condition']",condition
C27788: Female Reproductive System Precancerous Condition	C7659: Digestive System Precancerous Condition	C38164: Male Reproductive System Precancerous Condition,,3,0,outside hierarchy,"['C25700: System', 'C17423: Drug Delivery System', 'C154465: Drug Delivery System Category', 'C149975: System Dosing Unit', 'C40568: System, LOINC Axis 4', 'C50311: Device System']",system
C8367: Low Grade Intraepithelial Neoplasia	C41249: Pancreatic Intraductal Papillary-Mucinous Neoplasm with Low Grade Dysplasia	C9457: Low Grade Ductal Breast Carcinoma In Situ	C122585: Borderline Ovarian Serous Tumor-Micropapillary Variant/Non-Invasive Low Grade Ovarian Serous Carcinoma	C95483: Pancreatic Mucinous-Cystic Neoplasm with Low Grade Dysplasia	C96807: Bile Duct Papillary Neoplasm with Low Grade Intraepithelial Neoplasia	C96836: Bile Duct Mucinous Cystic Neoplasm with Low Grade Intraepithelial Neoplasia	C96877: Gallbladder Papillary Neoplasm with Low Grade Intraepithelial Neoplasia	C96883: Gallbladder Mucinous Cystic Neoplasm with Low Grade Intraepithelial Neoplasia	C96770: Low Grade Liver Dysplastic Nodule	C95914: Ampullary Noninvasive Pancreatobiliary Papillary Neoplasm with Low Grade Dysplasia,,11,0,outside hierarchy,"['C14161: Low Grade', 'C140260: Enneking Low Surgical Grade']",low,grade
C4123: Adenocarcinoma In Situ,,1,0,outside hierarchy,"['C2852: Adenocarcinoma', 'C3512: Lung Adenocarcinoma', 'C4029: Cervical Adenocarcinoma', 'C4025: Esophageal Adenocarcinoma', 'C4004: Gastric Adenocarcinoma', 'C27813: Bile Duct Adenocarcinoma']",adenocarcinoma
C8436: Atypical Ductal Breast Hyperplasia	C4730: Atypical Lobular Breast Hyperplasia,,2,0,outside hierarchy,['C4804: Breast Hyperplasia'],breast,hyperplasia
"C7199: Type C Lymphomatoid Papulosis	C114770: Xeroderma Pigmentosum, Complementation Group C",,2,0,outside hierarchy,"['C105482: Centisecond', 'C135177: Cortical Cataract', 'C158172: Chosen Chinese', 'C42550: Coulomb', 'C42559: Degree Celsius', 'C53664: CS Term Type', 'C62355: With', 'C62575: Collaborative Staging', 'C63654: Cianidanol', 'C67194: Calorie', 'C67900: Centi', 'C88109: Centesimal Series of Attenuation', 'C92969: SPANXC wt Allele', 'C95634: Coded Simple Value Data Type']",c
C4783: Borderline Ovarian Epithelial Tumor,,1,0,outside hierarchy,['C3709: Epithelial Neoplasm'],epithelial,neoplasm
C2952: Ulcerative Colitis	C27110: Colitis of Indeterminate Type	C35211: Crohn Colitis,,3,0,outside hierarchy,"['C26723: Colitis', 'C57134: Colitis, CTCAE']",colitis
"C7198: Type B Lymphomatoid Papulosis	C3966: Xeroderma Pigmentosum, Complementation Group B	C122926: Type B Tylosis",,3,0,outside hierarchy,"['C111137: Biospecimen Domain', 'C120354: Bug Search Subtest (WPPSI-IV)', 'C122234: Black Swiss Mouse', 'C126547: GP1BA wt Allele', 'C16321: Bahamas', 'C49406: BLM wt Allele', 'C61481: Boron', 'C68866: Barn', 'C71200: Bel', 'C71351: Bachelor of Science']",b
C4018: Lobular Breast Carcinoma In Situ	C4195: Ductal Breast Carcinoma In Situ and Lobular Carcinoma In Situ	C4730: Atypical Lobular Breast Hyperplasia,,3,0,outside hierarchy,['C25557: Lobular'],lobular
C27881: Transitional Cell Intraepithelial Neoplasia	C40088: Borderline Ovarian Transitional Cell Tumor,,2,0,outside hierarchy,['C12866: Transitional Cell'],transitional,cell
C41249: Pancreatic Intraductal Papillary-Mucinous Neoplasm with Low Grade Dysplasia	C41251: Pancreatic Intraductal Papillary-Mucinous Neoplasm with High Grade Dysplasia	C5719: Pancreatic Intraductal Papillary-Mucinous Neoplasm with Intermediate Grade Dysplasia	C54184: Columnar Cell Hyperplasia of the Breast with Atypia	C139017: Lymphomatoid Papulosis with Chromosome 6p25 Rearrangement	C6883: Pancreatic Mucinous-Cystic Neoplasm with Intermediate Grade Dysplasia	C95483: Pancreatic Mucinous-Cystic Neoplasm with Low Grade Dysplasia	C95493: Pancreatic Mucinous-Cystic Neoplasm with High Grade Dysplasia	C4702: Palmoplantar Keratoderma with Leukoplakia	C35560: Complex Endometrial Hyperplasia with Atypia	C6991: Simple Endometrial Hyperplasia with Atypia	C96807: Bile Duct Papillary Neoplasm with Low Grade Intraepithelial Neoplasia	C96808: Bile Duct Papillary Neoplasm with Intermediate Grade Intraepithelial Neoplasia	C96809: Bile Duct Papillary Neoplasm with High Grade Intraepithelial Neoplasia	C96836: Bile Duct Mucinous Cystic Neoplasm with Low Grade Intraepithelial Neoplasia	C96837: Bile Duct Mucinous Cystic Neoplasm with Intermediate Grade Intraepithelial Neoplasia	C96838: Bile Duct Mucinous Cystic Neoplasm with High Grade Intraepithelial Neoplasia	C96877: Gallbladder Papillary Neoplasm with Low Grade Intraepithelial Neoplasia	C96878: Gallbladder Papillary Neoplasm with Intermediate Grade Intraepithelial Neoplasia	C96879: Gallbladder Papillary Neoplasm with High Grade Intraepithelial Neoplasia	C96883: Gallbladder Mucinous Cystic Neoplasm with Low Grade Intraepithelial Neoplasia	C96884: Gallbladder Mucinous Cystic Neoplasm with Intermediate Grade Intraepithelial Neoplasia	C96886: Gallbladder Mucinous Cystic Neoplasm with High Grade Intraepithelial Neoplasia	C159312: Borderline Ovarian Mucinous Tumor/Atypical Proliferative Ovarian Mucinous Tumor with Intraepithelial Carcinoma	C95914: Ampullary Noninvasive Pancreatobiliary Papillary Neoplasm with Low Grade Dysplasia	C95915: Ampullary Noninvasive Pancreatobiliary Papillary Neoplasm with High Grade Dysplasia	C40082: Borderline Ovarian Clear Cell Tumor/Atypical Proliferative Ovarian Clear Cell Tumor with Intraepithelial Carcinoma,,27,0,outside hierarchy,['C62355: With'],with
C96418: Appendix Intraepithelial Neoplasia	C134118: Stage 0 Appendix Carcinoma AJCC v8	C4593: Stage 0 Appendix Carcinoma AJCC v7,,3,0,outside hierarchy,['C12380: Appendix'],appendix
C3063: Graft Versus Host Disease	C8301: Veno-Occlusive Disease	C62571: Bowen Disease of the Skin	C122927: Unna-Thost Disease	C3056: Castleman Disease	C3138: Inflammatory Bowel Disease,,6,0,outside hierarchy,['C2991: Disease or Disorder'],disease
C27789: Endometrial Intraepithelial Neoplasia	C4654: Atypical Endometrial Hyperplasia,,2,0,outside hierarchy,['C13322: Endometrial'],endometrial
C27269: Glandular Cell Intraepithelial Neoplasia	C132783: Stage 0 Major Salivary Gland Cancer AJCC v8	C155978: Thyroid Gland Follicular Tumor of Uncertain Malignant Potential	C27729: Thyroid Gland Well-Differentiated Tumor of Uncertain Malignant Potential	C8356: Atypical Glandular Hyperplasia	C39873: Urethral Glandular Metaplasia,,6,0,outside hierarchy,['C13319: Gland'],gland
C3646: Neoplasm of Uncertain Malignant Potential	C158547: Clonal Hematopoiesis of Indeterminate Potential,,2,0,outside hierarchy,['C62230: Potential'],potential
C134291: Stage 0 Rectal Cancer AJCC v8	C4853: Stage 0 Rectal Cancer AJCC v6 and v7	C96480: Rectal Adenomatous Polyp,,3,0,outside hierarchy,"['C25224: Rectal', 'C69046: Rectal Dosage Form', 'C38295: Rectal Route of Administration']",rectal
C3425: Tumor Lysis Syndrome	C8323: Soft Tissue Amyloid Neoplasm	C8366: Intraepithelial Neoplasia	C3646: Neoplasm of Uncertain Malignant Potential	C95909: Preinvasive Neoplasm of the Ampullary Region	C96807: Bile Duct Papillary Neoplasm with Low Grade Intraepithelial Neoplasia	C96808: Bile Duct Papillary Neoplasm with Intermediate Grade Intraepithelial Neoplasia	C96809: Bile Duct Papillary Neoplasm with High Grade Intraepithelial Neoplasia	C96836: Bile Duct Mucinous Cystic Neoplasm with Low Grade Intraepithelial Neoplasia	C96837: Bile Duct Mucinous Cystic Neoplasm with Intermediate Grade Intraepithelial Neoplasia	C96838: Bile Duct Mucinous Cystic Neoplasm with High Grade Intraepithelial Neoplasia	C96877: Gallbladder Papillary Neoplasm with Low Grade Intraepithelial Neoplasia	C96878: Gallbladder Papillary Neoplasm with Intermediate Grade Intraepithelial Neoplasia	C96879: Gallbladder Papillary Neoplasm with High Grade Intraepithelial Neoplasia	C96883: Gallbladder Mucinous Cystic Neoplasm with Low Grade Intraepithelial Neoplasia	C96884: Gallbladder Mucinous Cystic Neoplasm with Intermediate Grade Intraepithelial Neoplasia	C96886: Gallbladder Mucinous Cystic Neoplasm with High Grade Intraepithelial Neoplasia,,17,0,outside hierarchy,"['C3262: Neoplasm', 'C88025: CDISC SEND Tumor Findings Results Terminology', 'C6283: Childhood Neoplasm', 'C98275: Tumor Mass']",neoplasm
C5719: Pancreatic Intraductal Papillary-Mucinous Neoplasm with Intermediate Grade Dysplasia	C9456: Intermediate Grade Ductal Breast Carcinoma In Situ	C6883: Pancreatic Mucinous-Cystic Neoplasm with Intermediate Grade Dysplasia	C96808: Bile Duct Papillary Neoplasm with Intermediate Grade Intraepithelial Neoplasia	C96837: Bile Duct Mucinous Cystic Neoplasm with Intermediate Grade Intraepithelial Neoplasia	C96878: Gallbladder Papillary Neoplasm with Intermediate Grade Intraepithelial Neoplasia	C96884: Gallbladder Mucinous Cystic Neoplasm with Intermediate Grade Intraepithelial Neoplasia,,7,0,outside hierarchy,['C28083: Intermediate Grade'],intermediate,grade
"C66933: Ductal Breast Carcinoma In Situ, Solid Type	C40037: Borderline Ovarian Mucinous Tumor, Intestinal Type	C139014: Type D Lymphomatoid Papulosis	C139015: Type E Lymphomatoid Papulosis	C7197: Type A Lymphomatoid Papulosis	C7198: Type B Lymphomatoid Papulosis	C7199: Type C Lymphomatoid Papulosis	C141367: Xeroderma Pigmentosum Variant Type	C122925: Type A Tylosis	C122926: Type B Tylosis	C37272: Vulvar Intraepithelial Neoplasia, Differentiated Type	C95913: Ampullary Noninvasive Papillary Neoplasm, Pancreatobiliary Type	C27853: Castleman Disease, Hyaline-Vascular Type	C27854: Castleman Disease, Plasma Cell Type	C27110: Colitis of Indeterminate Type",,15,0,outside hierarchy,"['C25284: Type', 'C43642: Kind', 'C159133: GDC Type Terminology']",type
C140361: Stage 0is Renal Pelvis and Ureter Cancer AJCC v8	C140358: Stage 0a Renal Pelvis and Ureter Cancer AJCC v8	C39850: Stage 0 Renal Pelvis and Ureter Cancer AJCC v7,,3,0,outside hierarchy,['C12887: Renal Pelvis'],renal,pelvis
C91741: Middle Ear Carcinoma In Situ	C5971: Ear Polyp	C6080: External Ear Actinic Keratosis,,3,0,outside hierarchy,['C12394: Ear'],ear
C133732: Recurrent Primary Amyloidosis	C115352: Recurrent Borderline Ovarian Surface Epithelial-Stromal Tumor	C7934: Recurrent Lymphomatoid Granulomatosis	C157476: Recurrent Polymorphic Post-Transplant Lymphoproliferative Disorder,,4,0,outside hierarchy,['C14173: Recurrent'],recurrent
C7068: Neoplastic Polyp	C7681: Carcinoma In Situ in a Polyp,,2,0,outside hierarchy,['C3340: Polyp'],polyp
C4711: Borderline Cystadenoma,,1,0,outside hierarchy,['C2972: Cystadenoma'],cystadenoma
C91741: Middle Ear Carcinoma In Situ	C6933: Middle Ear Polyp,,2,0,outside hierarchy,['C12274: Middle Ear'],middle,ear
"C8334: Squamous Cell Intraepithelial Neoplasia	C6039: Stage 0 Oropharyngeal Squamous Cell Carcinoma AJCC v6 and v7	C6036: Stage 0 Nasopharyngeal Keratinizing Squamous Cell Carcinoma AJCC v6, v7, and v8	C6048: Stage 0 Hypopharyngeal Squamous Cell Carcinoma AJCC v6, v7, and v8",,4,0,outside hierarchy,['C12849: Squamous Cell'],squamous,cell
C139021: Indolent T-Cell Lymphoproliferative Disorder of the Gastrointestinal Tract	C130041: Indolent T-Lymphoblastic Proliferation,,2,0,outside hierarchy,['C14145: Indolent'],indolent
C7348: High Grade Intraepithelial Neoplasia	C41251: Pancreatic Intraductal Papillary-Mucinous Neoplasm with High Grade Dysplasia	C95493: Pancreatic Mucinous-Cystic Neoplasm with High Grade Dysplasia	C96809: Bile Duct Papillary Neoplasm with High Grade Intraepithelial Neoplasia	C96838: Bile Duct Mucinous Cystic Neoplasm with High Grade Intraepithelial Neoplasia	C96879: Gallbladder Papillary Neoplasm with High Grade Intraepithelial Neoplasia	C96886: Gallbladder Mucinous Cystic Neoplasm with High Grade Intraepithelial Neoplasia	C96768: High Grade Liver Dysplastic Nodule	C95915: Ampullary Noninvasive Pancreatobiliary Papillary Neoplasm with High Grade Dysplasia,,9,0,outside hierarchy,"['C14158: High Grade', 'C162674: Highest Grade', 'C140261: Enneking High Surgical Grade', 'C159309: Highest Grade Pancreatic Intraepithelial Neoplasia']",high,grade
C136719: Lung Squamous Cell Carcinoma In Situ,,1,0,outside hierarchy,['C3493: Lung Squamous Cell Carcinoma'],lung,squamous,cell,carcinoma
C139534: Anatomic Stage 0 Breast Cancer AJCC v8	C139555: Prognostic Stage 0 Breast Cancer AJCC v8	C3641: Stage 0 Breast Cancer AJCC v6 and v7	C5195: Atypical Hyperplasia of the Breast	C36086: Flat Ductal Epithelial Atypia of the Breast	C5316: Borderline Breast Phyllodes Tumor,,6,0,outside hierarchy,['C12971: Breast'],breast
C9436: Radiation Fibrosis	C34866: Oral Cavity Submucous Fibrosis,,2,0,outside hierarchy,"['C3044: Fibrosis', 'C127765: Fibrosis Assessment']",fibrose
C96942: Extrahepatic Bile Duct Biliary Intraepithelial Neoplasia	C5857: Extrahepatic Bile Duct Adenoma,,2,0,outside hierarchy,['C32573: Extrahepatic Bile Duct'],extrahepatic,bile,duct
C27467: Stage 0 Lung Cancer AJCC v6 and v7	C5665: Atypical Adenomatous Lung Hyperplasia	C136719: Lung Squamous Cell Carcinoma In Situ	C136486: Lung Adenocarcinoma In Situ,,4,0,outside hierarchy,['C12468: Lung'],lung
C3341: Precancerous Condition,,1,0,outside hierarchy,['C25624: Premalignant'],premalignant
C4064: Prostatic Intraepithelial Neoplasia	C5595: Prostatic Atypical Adenomatous Hyperplasia,,2,0,outside hierarchy,['C27959: Prostatic'],prostatic
C43602: Gallbladder Papillary Adenoma	C5849: Extrahepatic Bile Duct Papillary Adenoma,,2,0,outside hierarchy,['C79951: Papillary Adenoma'],papillary,adenoma
"C27093: Stage 0 Squamous Cell Carcinoma	C6039: Stage 0 Oropharyngeal Squamous Cell Carcinoma AJCC v6 and v7	C6036: Stage 0 Nasopharyngeal Keratinizing Squamous Cell Carcinoma AJCC v6, v7, and v8	C6048: Stage 0 Hypopharyngeal Squamous Cell Carcinoma AJCC v6, v7, and v8",,4,0,outside hierarchy,['C2929: Squamous Cell Carcinoma'],squamous,cell,carcinoma
C7794: Stage 0 Anal Canal Cancer AJCC v6 and v7	C7490: Anal Canal Squamous Intraepithelial Neoplasia,,2,0,outside hierarchy,['C12375: Anal Canal'],ani,canal
C158622: Borderline Serous Cystadenofibroma	C40024: Primary Peritoneal Serous Borderline Tumor/ Primary Peritoneal Atypical Proliferative Serous Tumor	C5226: Borderline Ovarian Serous Tumor	C126469: Serous Borderline Broad Ligament Tumor/Atypical Proliferative Serous Broad Ligament Tumor	C40107: Borderline Fallopian Tube Serous Tumor/Atypical Proliferative Serous Tumor	C4177: Borderline Serous Cystadenoma	C126449: Serous Tubal Intraepithelial Carcinoma,,7,0,outside hierarchy,['C14168: Serous'],serous
C4521: Vaginal Intraepithelial Neoplasia	C3663: Vaginal Leukoplakia,,2,0,outside hierarchy,"['C13309: Vaginal', 'C69048: Vaginal Dosage Form', 'C38313: Vaginal Route of Administration']",vaginal
C27531: Pre-Malignant Skin Epithelial Lesion	C4761: Vulvar High Grade Squamous Intraepithelial Lesion,,2,0,outside hierarchy,['C3824: Lesion'],lesion
C140361: Stage 0is Renal Pelvis and Ureter Cancer AJCC v8	C4524: Multilocular Cystic Renal Neoplasm of Low Malignant Potential	C157343: Monoclonal Gammopathy of Renal Significance	C140358: Stage 0a Renal Pelvis and Ureter Cancer AJCC v8	C39850: Stage 0 Renal Pelvis and Ureter Cancer AJCC v7,,5,0,outside hierarchy,['C25225: Renal'],renal
C43601: Gallbladder Tubular Adenoma	C7036: Gastric Tubular Adenoma	C7679: Adenocarcinoma In Situ in Tubular Adenoma	C6659: Ampulla of Vater Tubular Adenoma	C5850: Extrahepatic Bile Duct Tubular Adenoma,,5,0,outside hierarchy,['C4133: Tubular Adenoma'],tubular,adenoma
"C9100: Stage 0 Laryngeal Cancer AJCC v6, v7, and V8	C7411: Laryngeal Precancerous Condition",,2,0,outside hierarchy,"['C13305: Laryngeal', 'C38282: Laryngeal Route of Administration']",laryngeal
"C7437: Diffuse Idiopathic Pulmonary Neuroendocrine Cell Hyperplasia	C39891: High Grade Prostatic Intraepithelial Neoplasia, Small Cell Neuroendocrine Variant",,2,0,outside hierarchy,['C12945: Neuroendocrine System'],neuroendocrine
C36086: Flat Ductal Epithelial Atypia of the Breast	C8436: Atypical Ductal Breast Hyperplasia	C2924: Ductal Breast Carcinoma In Situ	C4195: Ductal Breast Carcinoma In Situ and Lobular Carcinoma In Situ,,4,0,outside hierarchy,['C25732: Ductal'],ductal
C27701: Secondary Myelofibrosis,,1,0,outside hierarchy,"['C3248: Myelofibrosis', 'C154803: Myelofibrosis Assessment']",myelofibrosis
C8355: Atypical Hyperplasia	C40024: Primary Peritoneal Serous Borderline Tumor/ Primary Peritoneal Atypical Proliferative Serous Tumor	C36086: Flat Ductal Epithelial Atypia of the Breast	C127048: Atypical Endometriosis	C7764: Atypical Lymphoproliferative Disorder,,5,0,outside hierarchy,"['C9478: Atypia', 'C25428: Atypical']",atypia
"C140361: Stage 0is Renal Pelvis and Ureter Cancer AJCC v8	C27467: Stage 0 Lung Cancer AJCC v6 and v7	C3641: Stage 0 Breast Cancer AJCC v6 and v7	C7939: Stage 0 Lip and Oral Cavity Cancer AJCC v6 and v7	C9100: Stage 0 Laryngeal Cancer AJCC v6, v7, and V8	C27642: Head and Neck Precancerous Condition	C4590: Stage 0 Oropharyngeal Carcinoma AJCC v6 and v7	C9099: Stage 0 Nasopharyngeal Carcinoma AJCC v6, v7, and v8	C9101: Stage 0 Hypopharyngeal Carcinoma AJCC v6, v7, and v8	C133255: Stage 0 Cutaneous Squamous Cell Carcinoma of the Head and Neck AJCC v8	C8903: Stage 0 Bladder Squamous Cell Carcinoma AJCC v6 and v7	C7794: Stage 0 Anal Canal Cancer AJCC v6 and v7	C8932: Stage 0 Colorectal Cancer AJCC v6 and v7	C7788: Stage 0 Gastric Cancer AJCC v6 and v7	C4439: Stage 0 Gallbladder Cancer AJCC v6 and v7	C5729: Stage 0 Pancreatic Cancer AJCC v6 and v7	C8894: Stage 0 Bladder Adenocarcinoma AJCC v6 and v7	C140358: Stage 0a Renal Pelvis and Ureter Cancer AJCC v8	C6188: Stage 0 Bladder Urothelial Carcinoma AJCC v6 and v7	C39850: Stage 0 Renal Pelvis and Ureter Cancer AJCC v7	C8763: Stage 0 Lung Squamous Cell Carcinoma AJCC v6 and v7",,21,0,outside hierarchy,"['C16289: Andorra', 'C37912: And', 'C45768: AD Term Type', 'C49563: Analysis Dataset Domain', 'C64643: Up to', 'C95816: Address Data Type']",andorra
C7068: Neoplastic Polyp	C46101: Neoplastic C-Cell Hyperplasia,,2,0,outside hierarchy,['C45315: Neoplastic'],neoplastic
C5226: Borderline Ovarian Serous Tumor,,1,0,outside hierarchy,['C8431: Ovarian Serous Tumor'],ovarian,serous,neoplasm
C27897: T-Cell Proliferation of Uncertain Malignant Potential,,1,0,outside hierarchy,"['C12476: T-Lymphocyte', 'C122157: T-Lymphocyte Count']",lymphocyte t
C66851: Diffuse Hyperplastic Perilobar Nephroblastomatosis	C7437: Diffuse Idiopathic Pulmonary Neuroendocrine Cell Hyperplasia,,2,0,outside hierarchy,"['C14175: Diffuse', 'C9159: Gastric Diffuse Adenocarcinoma']",diffuse
C4783: Borderline Ovarian Epithelial Tumor	C36086: Flat Ductal Epithelial Atypia of the Breast	C27531: Pre-Malignant Skin Epithelial Lesion,,3,0,outside hierarchy,['C13315: Epithelial'],epithelial
C140361: Stage 0is Renal Pelvis and Ureter Cancer AJCC v8	C140459: Stage 0is Urethral Cancer AJCC v8	C7518: Stage 0is Renal Pelvis and Ureter Cancer AJCC v7	C4531: Stage 0is Urethral Cancer AJCC v7	C140418: Stage 0is Bladder Cancer AJCC v8	C3644: Stage 0is Bladder Urothelial Carcinoma AJCC v6 and v7,,6,0,outside hierarchy,['C27965: Stage 0is'],faze,0is
C35560: Complex Endometrial Hyperplasia with Atypia	C6991: Simple Endometrial Hyperplasia with Atypia,,2,0,inside sysnonym,['C4654: Atypical Endometrial Hyperplasia'],endometrial,hyperplasia,with,atypia
C7405: Chronic Atrophic Gastritis	C27836: Persistent Superficial Gastritis	C95752: Autoimmune Gastritis,,3,0,outside hierarchy,"['C26780: Gastritis', 'C57812: Gastritis, CTCAE']",gastritis
C7348: High Grade Intraepithelial Neoplasia	C8367: Low Grade Intraepithelial Neoplasia	C41249: Pancreatic Intraductal Papillary-Mucinous Neoplasm with Low Grade Dysplasia	C41251: Pancreatic Intraductal Papillary-Mucinous Neoplasm with High Grade Dysplasia	C5719: Pancreatic Intraductal Papillary-Mucinous Neoplasm with Intermediate Grade Dysplasia	C122585: Borderline Ovarian Serous Tumor-Micropapillary Variant/Non-Invasive Low Grade Ovarian Serous Carcinoma	C7933: Grade III Lymphomatoid Granulomatosis	C7931: Grade I Lymphomatoid Granulomatosis	C7932: Grade II Lymphomatoid Granulomatosis	C6883: Pancreatic Mucinous-Cystic Neoplasm with Intermediate Grade Dysplasia	C95483: Pancreatic Mucinous-Cystic Neoplasm with Low Grade Dysplasia	C95493: Pancreatic Mucinous-Cystic Neoplasm with High Grade Dysplasia	C96807: Bile Duct Papillary Neoplasm with Low Grade Intraepithelial Neoplasia	C96808: Bile Duct Papillary Neoplasm with Intermediate Grade Intraepithelial Neoplasia	C96809: Bile Duct Papillary Neoplasm with High Grade Intraepithelial Neoplasia	C96836: Bile Duct Mucinous Cystic Neoplasm with Low Grade Intraepithelial Neoplasia	C96837: Bile Duct Mucinous Cystic Neoplasm with Intermediate Grade Intraepithelial Neoplasia	C96838: Bile Duct Mucinous Cystic Neoplasm with High Grade Intraepithelial Neoplasia	C96877: Gallbladder Papillary Neoplasm with Low Grade Intraepithelial Neoplasia	C96878: Gallbladder Papillary Neoplasm with Intermediate Grade Intraepithelial Neoplasia	C96879: Gallbladder Papillary Neoplasm with High Grade Intraepithelial Neoplasia	C96883: Gallbladder Mucinous Cystic Neoplasm with Low Grade Intraepithelial Neoplasia	C96884: Gallbladder Mucinous Cystic Neoplasm with Intermediate Grade Intraepithelial Neoplasia	C96886: Gallbladder Mucinous Cystic Neoplasm with High Grade Intraepithelial Neoplasia	C96768: High Grade Liver Dysplastic Nodule	C96770: Low Grade Liver Dysplastic Nodule	C95914: Ampullary Noninvasive Pancreatobiliary Papillary Neoplasm with Low Grade Dysplasia	C95915: Ampullary Noninvasive Pancreatobiliary Papillary Neoplasm with High Grade Dysplasia,,28,0,outside hierarchy,"['C48309: Grade', 'C18000: Histologic Grade']",grade
C27642: Head and Neck Precancerous Condition	C133255: Stage 0 Cutaneous Squamous Cell Carcinoma of the Head and Neck AJCC v8,,2,0,outside hierarchy,['C12418: Head and Neck'],head,andorra,neck
"C96807: Bile Duct Papillary Neoplasm with Low Grade Intraepithelial Neoplasia	C96808: Bile Duct Papillary Neoplasm with Intermediate Grade Intraepithelial Neoplasia	C96809: Bile Duct Papillary Neoplasm with High Grade Intraepithelial Neoplasia	C96877: Gallbladder Papillary Neoplasm with Low Grade Intraepithelial Neoplasia	C96878: Gallbladder Papillary Neoplasm with Intermediate Grade Intraepithelial Neoplasia	C96879: Gallbladder Papillary Neoplasm with High Grade Intraepithelial Neoplasia	C95913: Ampullary Noninvasive Papillary Neoplasm, Pancreatobiliary Type",,7,0,outside hierarchy,['C36031: Papillary Neoplasm'],papillary,neoplasm
"C5106: Intestinal Graft Versus Host Disease	C133894: Stage 0 Small Intestinal Adenocarcinoma AJCC v8	C4892: Stage 0 Small Intestinal Cancer AJCC v7	C39841: Intestinal Metaplasia of Bladder Urothelium	C39846: Intestinal Metaplasia of Bladder Urachal Epithelium	C7657: Intestinal Precancerous Condition	C40037: Borderline Ovarian Mucinous Tumor, Intestinal Type",,7,0,outside hierarchy,"['C25266: Intestinal', 'C9157: Gastric Intestinal-Type Adenocarcinoma']",intestinal
C158622: Borderline Serous Cystadenofibroma	C27289: Borderline Ovarian Endometrioid Cystadenofibroma	C40083: Borderline Ovarian Clear Cell Cystadenofibroma,,3,0,outside hierarchy,['C8985: Cystadenofibroma'],cystadenofibroma
"C132783: Stage 0 Major Salivary Gland Cancer AJCC v8	C4942: Stage 0 Pharyngeal Cancer	C139534: Anatomic Stage 0 Breast Cancer AJCC v8	C139555: Prognostic Stage 0 Breast Cancer AJCC v8	C140361: Stage 0is Renal Pelvis and Ureter Cancer AJCC v8	C140459: Stage 0is Urethral Cancer AJCC v8	C27467: Stage 0 Lung Cancer AJCC v6 and v7	C3640: Stage 0 Skin Cancer	C3641: Stage 0 Breast Cancer AJCC v6 and v7	C4000: Stage 0 Cervical Cancer AJCC v6	C89550: Stage 0 Cervical Cancer AJCC v7	C4522: Stage 0 Vulvar Cancer AJCC v6	C4531: Stage 0is Urethral Cancer AJCC v7	C7939: Stage 0 Lip and Oral Cavity Cancer AJCC v6 and v7	C9100: Stage 0 Laryngeal Cancer AJCC v6, v7, and V8	C7855: Stage 0 Vaginal Cancer AJCC v6	C89445: Stage 0 Vulvar Cancer AJCC v7	C89476: Stage 0 Vaginal Cancer AJCC v7	C133647: Clinical Stage 0 Gastric Cancer AJCC v8	C133654: Pathologic Stage 0 Gastric Cancer AJCC v8	C133795: Stage 0 Anal Cancer AJCC v8	C134182: Stage 0 Colorectal Cancer AJCC v8	C134663: Stage 0 Gallbladder Cancer AJCC v8	C134865: Stage 0 Ampulla of Vater Cancer AJCC v8	C134914: Stage 0 Pancreatic Cancer AJCC v8	C7794: Stage 0 Anal Canal Cancer AJCC v6 and v7	C3637: Stage 0 Esophageal Cancer AJCC v6	C8932: Stage 0 Colorectal Cancer AJCC v6 and v7	C7788: Stage 0 Gastric Cancer AJCC v6 and v7	C4439: Stage 0 Gallbladder Cancer AJCC v6 and v7	C4444: Stage 0 Ampulla of Vater Cancer AJCC v7	C4892: Stage 0 Small Intestinal Cancer AJCC v7	C89771: Stage 0 Esophageal Cancer AJCC v7	C5729: Stage 0 Pancreatic Cancer AJCC v6 and v7	C140418: Stage 0is Bladder Cancer AJCC v8	C140358: Stage 0a Renal Pelvis and Ureter Cancer AJCC v8	C39850: Stage 0 Renal Pelvis and Ureter Cancer AJCC v7	C40105: Stage 0 Fallopian Tube Cancer AJCC v7",,38,0,outside hierarchy,['C9305: Malignant Neoplasm'],cancer
"C141367: Xeroderma Pigmentosum Variant Type	C39887: High Grade Prostatic Intraepithelial Neoplasia, Signet Ring Variant	C39888: High Grade Prostatic Intraepithelial Neoplasia, Mucinous Variant	C39889: High Grade Prostatic Intraepithelial Neoplasia, Foamy Variant	C39890: High Grade Prostatic Intraepithelial Neoplasia, Inverted Variant	C39891: High Grade Prostatic Intraepithelial Neoplasia, Small Cell Neuroendocrine Variant",,6,0,outside hierarchy,"['C25713: Variation', 'C50996: Protocol Deviation']",variation
C96943: Intrahepatic Bile Duct Biliary Intraepithelial Neoplasia	C7126: Intrahepatic Bile Duct Adenoma,,2,0,outside hierarchy,['C12677: Intrahepatic Bile Duct'],intrahepatic,bile,duct
C95488: Non-Invasive Pancreatic Mucinous-Cystic Neoplasm,,1,0,outside hierarchy,['C41247: Pancreatic Mucinous-Cystic Neoplasm'],pancreatic,cystic mucinous,neoplasm
C3782: Cervical Intraepithelial Neoplasia	C27642: Head and Neck Precancerous Condition	C133255: Stage 0 Cutaneous Squamous Cell Carcinoma of the Head and Neck AJCC v8	C3976: Cervical Leukoplakia	C6856: Cervical Microglandular Polyp,,5,0,outside hierarchy,"['C13063: Neck', 'C12844: Cervical', 'C12336: Bladder Neck', 'C158551: Neck of the Pancreas']",neck
C160874: Chronic Cutaneous Graft Versus Host Disease	C8957: Cutaneous Precancerous Condition	C133255: Stage 0 Cutaneous Squamous Cell Carcinoma of the Head and Neck AJCC v8,,3,0,outside hierarchy,"['C13316: Cutaneous', 'C38675: Cutaneous Route of Administration']",cutaneous
C126449: Serous Tubal Intraepithelial Carcinoma	C159312: Borderline Ovarian Mucinous Tumor/Atypical Proliferative Ovarian Mucinous Tumor with Intraepithelial Carcinoma	C40082: Borderline Ovarian Clear Cell Tumor/Atypical Proliferative Ovarian Clear Cell Tumor with Intraepithelial Carcinoma,,3,0,inside sysnonym,['C2917: Carcinoma In Situ'],intraepithelial,carcinoma
"C139014: Type D Lymphomatoid Papulosis	C3967: Xeroderma Pigmentosum, Complementation Group D",,2,0,outside hierarchy,"['C447: Disulfiram', 'C112519: Disease Steps Clinical Classification', 'C25301: Day', 'C25473: Daily', 'C41127: Unified Atomic Mass Unit', 'C44375: Diethyl Sulfate', 'C49576: Disposition Domain', 'C50950: DHPS wt Allele', 'C67899: Deci', 'C75865: NR0B1 wt Allele', 'C75901: PMP22 wt Allele', 'C81212: Day Imputed']",d
C39841: Intestinal Metaplasia of Bladder Urothelium	C39846: Intestinal Metaplasia of Bladder Urachal Epithelium	C39873: Urethral Glandular Metaplasia,,3,0,outside hierarchy,['C3236: Metaplasia'],metaplasia
C95752: Autoimmune Gastritis	C156076: Autoimmune Atrophic Chronic Gastritis,,2,0,outside hierarchy,"['C37916: Autoimmune', 'C16313: Autoimmune Process']",autoimmune
C40036: Borderline Ovarian Mucinous Tumor,,1,0,outside hierarchy,['C5242: Ovarian Mucinous Tumor'],ovarian,mucinous,neoplasm
"C27269: Glandular Cell Intraepithelial Neoplasia	C8334: Squamous Cell Intraepithelial Neoplasia	C27881: Transitional Cell Intraepithelial Neoplasia	C9104: Stage 0 Lung Non-Small Cell Cancer AJCC v6 and v7	C5893: Stage 0 Lip Basal Cell Carcinoma AJCC v6 and v7	C40080: Borderline Ovarian Clear Cell Tumor	C40088: Borderline Ovarian Transitional Cell Tumor	C138191: In Situ Mantle Cell Neoplasia	C7437: Diffuse Idiopathic Pulmonary Neuroendocrine Cell Hyperplasia	C54184: Columnar Cell Hyperplasia of the Breast with Atypia	C6039: Stage 0 Oropharyngeal Squamous Cell Carcinoma AJCC v6 and v7	C6036: Stage 0 Nasopharyngeal Keratinizing Squamous Cell Carcinoma AJCC v6, v7, and v8	C6048: Stage 0 Hypopharyngeal Squamous Cell Carcinoma AJCC v6, v7, and v8	C7200: Anaplastic Large Cell Lymphoma, Lymphomatoid Papulosis-Like Histology	C82891: Hepatocellular Large Cell Change	C96765: Hepatocellular Small Cell Change	C27854: Castleman Disease, Plasma Cell Type",,17,0,outside hierarchy,"['C12508: Cell', 'C48694: Cell', 'C48938: Cell Count', 'C111153: Cellularity Measurement', 'C49867: Cell Device', 'C60787: Cellular Telephone']",cell
C37266: Bladder Urothelial Carcinoma In Situ	C27880: Bladder Urothelial Proliferation of Uncertain Malignant Potential	C8903: Stage 0 Bladder Squamous Cell Carcinoma AJCC v6 and v7	C8894: Stage 0 Bladder Adenocarcinoma AJCC v6 and v7	C39841: Intestinal Metaplasia of Bladder Urothelium	C39846: Intestinal Metaplasia of Bladder Urachal Epithelium	C6188: Stage 0 Bladder Urothelial Carcinoma AJCC v6 and v7,,7,0,outside hierarchy,"['C12414: Bladder', 'C131917: Bladder Continence']",bladder
C6877: Grade III Glandular Intraepithelial Neoplasia	C7933: Grade III Lymphomatoid Granulomatosis,,2,0,outside hierarchy,"['C28079: Grade 3', 'C121449: Clavien-Dindo Grade III', 'C128619: Simpson Grade 3', 'C62396: WHO Central Nervous System Grade III']",grade,third
C4679: Laryngeal Keratosis	C3148: Actinic (Solar) Keratosis	C4697: Smoker's Keratosis,,3,0,outside hierarchy,['C34747: Keratosis'],keratosis
"C132783: Stage 0 Major Salivary Gland Cancer AJCC v8	C139534: Anatomic Stage 0 Breast Cancer AJCC v8	C139555: Prognostic Stage 0 Breast Cancer AJCC v8	C140361: Stage 0is Renal Pelvis and Ureter Cancer AJCC v8	C140459: Stage 0is Urethral Cancer AJCC v8	C27467: Stage 0 Lung Cancer AJCC v6 and v7	C3641: Stage 0 Breast Cancer AJCC v6 and v7	C4000: Stage 0 Cervical Cancer AJCC v6	C89550: Stage 0 Cervical Cancer AJCC v7	C4522: Stage 0 Vulvar Cancer AJCC v6	C4531: Stage 0is Urethral Cancer AJCC v7	C7939: Stage 0 Lip and Oral Cavity Cancer AJCC v6 and v7	C9100: Stage 0 Laryngeal Cancer AJCC v6, v7, and V8	C7855: Stage 0 Vaginal Cancer AJCC v6	C89445: Stage 0 Vulvar Cancer AJCC v7	C89476: Stage 0 Vaginal Cancer AJCC v7	C133550: Clinical Stage 0 Gastroesophageal Junction Adenocarcinoma AJCC v8	C133564: Pathologic Stage 0 Gastroesophageal Junction Adenocarcinoma AJCC v8	C132995: Stage 0 Oropharyngeal (p16-Negative) Carcinoma AJCC v8	C4590: Stage 0 Oropharyngeal Carcinoma AJCC v6 and v7	C9099: Stage 0 Nasopharyngeal Carcinoma AJCC v6, v7, and v8	C9101: Stage 0 Hypopharyngeal Carcinoma AJCC v6, v7, and v8	C133255: Stage 0 Cutaneous Squamous Cell Carcinoma of the Head and Neck AJCC v8	C133447: Clinical Stage 0 Esophageal Squamous Cell Carcinoma AJCC v8	C133519: Pathologic Stage 0 Esophageal Squamous Cell Carcinoma AJCC v8	C8903: Stage 0 Bladder Squamous Cell Carcinoma AJCC v6 and v7	C133402: Clinical Stage 0 Esophageal Adenocarcinoma AJCC v8	C133413: Pathologic Stage 0 Esophageal Adenocarcinoma AJCC v8	C133647: Clinical Stage 0 Gastric Cancer AJCC v8	C133654: Pathologic Stage 0 Gastric Cancer AJCC v8	C133795: Stage 0 Anal Cancer AJCC v8	C133894: Stage 0 Small Intestinal Adenocarcinoma AJCC v8	C134118: Stage 0 Appendix Carcinoma AJCC v8	C134182: Stage 0 Colorectal Cancer AJCC v8	C134663: Stage 0 Gallbladder Cancer AJCC v8	C134865: Stage 0 Ampulla of Vater Cancer AJCC v8	C134914: Stage 0 Pancreatic Cancer AJCC v8	C7794: Stage 0 Anal Canal Cancer AJCC v6 and v7	C3637: Stage 0 Esophageal Cancer AJCC v6	C8932: Stage 0 Colorectal Cancer AJCC v6 and v7	C7788: Stage 0 Gastric Cancer AJCC v6 and v7	C4439: Stage 0 Gallbladder Cancer AJCC v6 and v7	C4444: Stage 0 Ampulla of Vater Cancer AJCC v7	C4593: Stage 0 Appendix Carcinoma AJCC v7	C4892: Stage 0 Small Intestinal Cancer AJCC v7	C89771: Stage 0 Esophageal Cancer AJCC v7	C5729: Stage 0 Pancreatic Cancer AJCC v6 and v7	C8894: Stage 0 Bladder Adenocarcinoma AJCC v6 and v7	C140418: Stage 0is Bladder Cancer AJCC v8	C140358: Stage 0a Renal Pelvis and Ureter Cancer AJCC v8	C6188: Stage 0 Bladder Urothelial Carcinoma AJCC v6 and v7	C39850: Stage 0 Renal Pelvis and Ureter Cancer AJCC v7	C8763: Stage 0 Lung Squamous Cell Carcinoma AJCC v6 and v7	C40105: Stage 0 Fallopian Tube Cancer AJCC v7",,54,0,outside hierarchy,['C39315: American Joint Committee on Cancer'],ajcc
C89550: Stage 0 Cervical Cancer AJCC v7	C4531: Stage 0is Urethral Cancer AJCC v7	C89445: Stage 0 Vulvar Cancer AJCC v7	C89476: Stage 0 Vaginal Cancer AJCC v7	C4444: Stage 0 Ampulla of Vater Cancer AJCC v7	C4593: Stage 0 Appendix Carcinoma AJCC v7	C4892: Stage 0 Small Intestinal Cancer AJCC v7	C89771: Stage 0 Esophageal Cancer AJCC v7	C39850: Stage 0 Renal Pelvis and Ureter Cancer AJCC v7	C40105: Stage 0 Fallopian Tube Cancer AJCC v7,,10,0,outside hierarchy,['C125755: AJCC Cancer Staging Manual 7th Edition'],ajcc,v7
C8368: Grade II Intraepithelial Neoplasia	C7932: Grade II Lymphomatoid Granulomatosis,,2,0,outside hierarchy,"['C28078: Grade 2', 'C121448: Clavien-Dindo Grade II', 'C128618: Simpson Grade 2', 'C62395: WHO Central Nervous System Grade II']",grade,second
C84555: Familial Amyloidosis	C3339: Familial Adenomatous Polyposis,,2,0,outside hierarchy,"['C25173: Family', 'C45290: Family', 'C79273: Family Collection']",family
"C132783: Stage 0 Major Salivary Gland Cancer AJCC v8	C4942: Stage 0 Pharyngeal Cancer	C27093: Stage 0 Squamous Cell Carcinoma	C139534: Anatomic Stage 0 Breast Cancer AJCC v8	C139555: Prognostic Stage 0 Breast Cancer AJCC v8	C27467: Stage 0 Lung Cancer AJCC v6 and v7	C3640: Stage 0 Skin Cancer	C3641: Stage 0 Breast Cancer AJCC v6 and v7	C4000: Stage 0 Cervical Cancer AJCC v6	C89550: Stage 0 Cervical Cancer AJCC v7	C4522: Stage 0 Vulvar Cancer AJCC v6	C7939: Stage 0 Lip and Oral Cavity Cancer AJCC v6 and v7	C9100: Stage 0 Laryngeal Cancer AJCC v6, v7, and V8	C7855: Stage 0 Vaginal Cancer AJCC v6	C89445: Stage 0 Vulvar Cancer AJCC v7	C89476: Stage 0 Vaginal Cancer AJCC v7	C133550: Clinical Stage 0 Gastroesophageal Junction Adenocarcinoma AJCC v8	C133564: Pathologic Stage 0 Gastroesophageal Junction Adenocarcinoma AJCC v8	C4116: Stage 0 Transitional Cell Carcinoma	C133402: Clinical Stage 0 Esophageal Adenocarcinoma AJCC v8	C133413: Pathologic Stage 0 Esophageal Adenocarcinoma AJCC v8	C133647: Clinical Stage 0 Gastric Cancer AJCC v8	C133654: Pathologic Stage 0 Gastric Cancer AJCC v8	C133795: Stage 0 Anal Cancer AJCC v8	C133894: Stage 0 Small Intestinal Adenocarcinoma AJCC v8	C134118: Stage 0 Appendix Carcinoma AJCC v8	C134182: Stage 0 Colorectal Cancer AJCC v8	C134663: Stage 0 Gallbladder Cancer AJCC v8	C134865: Stage 0 Ampulla of Vater Cancer AJCC v8	C134914: Stage 0 Pancreatic Cancer AJCC v8	C7794: Stage 0 Anal Canal Cancer AJCC v6 and v7	C3637: Stage 0 Esophageal Cancer AJCC v6	C8932: Stage 0 Colorectal Cancer AJCC v6 and v7	C7788: Stage 0 Gastric Cancer AJCC v6 and v7	C4439: Stage 0 Gallbladder Cancer AJCC v6 and v7	C4444: Stage 0 Ampulla of Vater Cancer AJCC v7	C4593: Stage 0 Appendix Carcinoma AJCC v7	C4892: Stage 0 Small Intestinal Cancer AJCC v7	C89771: Stage 0 Esophageal Cancer AJCC v7	C5729: Stage 0 Pancreatic Cancer AJCC v6 and v7	C8894: Stage 0 Bladder Adenocarcinoma AJCC v6 and v7	C40105: Stage 0 Fallopian Tube Cancer AJCC v7",,42,0,outside hierarchy,"['C28051: Stage 0', 'C137662: Pathologic Stage 0 Cutaneous Melanoma AJCC v8', 'C54721: Phase 0 Trial']",faze,zero
"C35758: Stage 0 Lung Large Cell Carcinoma AJCC v6 and v7	C7200: Anaplastic Large Cell Lymphoma, Lymphomatoid Papulosis-Like Histology	C82891: Hepatocellular Large Cell Change",,3,0,outside hierarchy,['C37162: Neoplastic Large Cell'],large,cell
C7182: B-Cell Proliferation of Uncertain Malignant Potential	C27897: T-Cell Proliferation of Uncertain Malignant Potential	C27880: Bladder Urothelial Proliferation of Uncertain Malignant Potential	C130041: Indolent T-Lymphoblastic Proliferation,,4,0,outside hierarchy,['C28378: Proliferation'],proliferation
C4654: Atypical Endometrial Hyperplasia,,1,0,outside hierarchy,['C3013: Endometrial Hyperplasia'],endometrial,hyperplasia
C8366: Intraepithelial Neoplasia	C96807: Bile Duct Papillary Neoplasm with Low Grade Intraepithelial Neoplasia	C96808: Bile Duct Papillary Neoplasm with Intermediate Grade Intraepithelial Neoplasia	C96809: Bile Duct Papillary Neoplasm with High Grade Intraepithelial Neoplasia	C96836: Bile Duct Mucinous Cystic Neoplasm with Low Grade Intraepithelial Neoplasia	C96837: Bile Duct Mucinous Cystic Neoplasm with Intermediate Grade Intraepithelial Neoplasia	C96838: Bile Duct Mucinous Cystic Neoplasm with High Grade Intraepithelial Neoplasia	C96877: Gallbladder Papillary Neoplasm with Low Grade Intraepithelial Neoplasia	C96878: Gallbladder Papillary Neoplasm with Intermediate Grade Intraepithelial Neoplasia	C96879: Gallbladder Papillary Neoplasm with High Grade Intraepithelial Neoplasia	C96883: Gallbladder Mucinous Cystic Neoplasm with Low Grade Intraepithelial Neoplasia	C96884: Gallbladder Mucinous Cystic Neoplasm with Intermediate Grade Intraepithelial Neoplasia	C96886: Gallbladder Mucinous Cystic Neoplasm with High Grade Intraepithelial Neoplasia	C159312: Borderline Ovarian Mucinous Tumor/Atypical Proliferative Ovarian Mucinous Tumor with Intraepithelial Carcinoma	C40082: Borderline Ovarian Clear Cell Tumor/Atypical Proliferative Ovarian Clear Cell Tumor with Intraepithelial Carcinoma,,15,0,outside hierarchy,"['C13807: Intraepithelial', 'C38244: Intraepithelial Route of Administration']",intraepithelial
C41249: Pancreatic Intraductal Papillary-Mucinous Neoplasm with Low Grade Dysplasia	C41251: Pancreatic Intraductal Papillary-Mucinous Neoplasm with High Grade Dysplasia	C5719: Pancreatic Intraductal Papillary-Mucinous Neoplasm with Intermediate Grade Dysplasia	C95506: Pancreatic Intraductal Tubulopapillary Neoplasm	C5137: Intraductal Non-Comedo Breast Adenocarcinoma	C5138: Intraductal Cribriform Breast Adenocarcinoma,,6,0,outside hierarchy,['C38240: Intraductal Route of Administration'],intraductal
C140358: Stage 0a Renal Pelvis and Ureter Cancer AJCC v8	C9267: Stage 0a Bladder Urothelial Carcinoma AJCC v6 and v7	C7517: Stage 0a Renal Pelvis and Ureter Cancer AJCC v7,,3,0,outside hierarchy,['C27964: Stage 0a'],faze,0a
"C133894: Stage 0 Small Intestinal Adenocarcinoma AJCC v8	C4892: Stage 0 Small Intestinal Cancer AJCC v7	C27462: Small Intestinal Intraepithelial Neoplasia	C3921: Small Plaque Parapsoriasis	C96765: Hepatocellular Small Cell Change	C39891: High Grade Prostatic Intraepithelial Neoplasia, Small Cell Neuroendocrine Variant	C35210: Crohn Disease of Small Intestine",,7,0,outside hierarchy,"['C25376: Small', 'C75908: Smallest']",small
C8390: Anal Leukoplakia	C133795: Stage 0 Anal Cancer AJCC v8	C7794: Stage 0 Anal Canal Cancer AJCC v6 and v7	C7407: Anal Precancerous Condition,,4,0,outside hierarchy,['C43362: Anus'],ani
C123392: Childhood Lymphomatoid Granulomatosis,,1,0,outside hierarchy,"['C89345: Childhood', 'C39299: Pediatric']",pediatric
"C35758: Stage 0 Lung Large Cell Carcinoma AJCC v6 and v7	C7200: Anaplastic Large Cell Lymphoma, Lymphomatoid Papulosis-Like Histology	C3670: Large Plaque Parapsoriasis	C82891: Hepatocellular Large Cell Change",,4,0,outside hierarchy,"['C25550: Largest', 'C49508: Large']",large
C3380: Spinal Cord Compression	C3935: Leukoplakia of Vocal Cords,,2,0,outside hierarchy,"['C61540: Cord', 'C49890: Cord Device']",cord
C136486: Lung Adenocarcinoma In Situ	C8758: Stage 0 Lung Adenocarcinoma AJCC v6 and v7,,2,0,outside hierarchy,['C3512: Lung Adenocarcinoma'],lung,adenocarcinoma
C7659: Digestive System Precancerous Condition,,1,0,outside hierarchy,['C12378: Digestive System'],digestion,system
C3646: Neoplasm of Uncertain Malignant Potential	C5195: Atypical Hyperplasia of the Breast	C36086: Flat Ductal Epithelial Atypia of the Breast	C133255: Stage 0 Cutaneous Squamous Cell Carcinoma of the Head and Neck AJCC v8	C28292: Squamous Cell Carcinoma In Situ of the Nipple	C134865: Stage 0 Ampulla of Vater Cancer AJCC v8	C4444: Stage 0 Ampulla of Vater Cancer AJCC v7	C39841: Intestinal Metaplasia of Bladder Urothelium	C39846: Intestinal Metaplasia of Bladder Urachal Epithelium	C95909: Preinvasive Neoplasm of the Ampullary Region	C3951: Leukoplakia of Lip	C3935: Leukoplakia of Vocal Cords	C62571: Bowen Disease of the Skin	C158547: Clonal Hematopoiesis of Indeterminate Potential	C3881: Leukoplakia of Gingiva	C3886: Leukoplakia of Tongue	C8425: Leukoplakia of Buccal Mucosa	C27110: Colitis of Indeterminate Type	C35210: Crohn Disease of Small Intestine,,19,0,outside hierarchy,"['C52602: TAF1 wt Allele', 'C52874: SPI1 wt Allele', 'C63527: BRIP1 wt Allele']",of
C147114: Steroid Refractory Graft Versus Host Disease	C133731: Refractory Primary Amyloidosis	C157477: Refractory Polymorphic Post-Transplant Lymphoproliferative Disorder	C157606: Refractory Barrett Esophagus,,4,0,outside hierarchy,"['C38014: Refractory', 'C86933: Unresponsive']",refractary
C8355: Atypical Hyperplasia	C27879: Papillary Urothelial Hyperplasia	C66851: Diffuse Hyperplastic Perilobar Nephroblastomatosis	C7437: Diffuse Idiopathic Pulmonary Neuroendocrine Cell Hyperplasia	C9472: Atypical Gastric Lymphoid Hyperplasia,,5,0,outside hierarchy,"['C3113: Hyperplasia', 'C3013: Endometrial Hyperplasia']",hyperplasia
"C7681: Carcinoma In Situ in a Polyp	C7197: Type A Lymphomatoid Papulosis	C3965: Xeroderma Pigmentosum, Complementation Group A	C122925: Type A Tylosis",,4,0,outside hierarchy,"['C64938: As', 'C17739: American Samoa', 'C118541: ASS1 wt Allele', 'C147305: Arsenic Measurement', 'C29848: Year', 'C158993: GDC AJCC Staging System Edition Terminology', 'C28131: Arsenic', 'C37348: A Mouse', 'C42536: Ampere', 'C67903: Atto', 'C68867: Acre', 'C71215: Angstrom', 'C71344: Associate of Science', 'C74924: Per Year', 'C75436: UBE3A wt Allele']",a
C134865: Stage 0 Ampulla of Vater Cancer AJCC v8	C4444: Stage 0 Ampulla of Vater Cancer AJCC v7	C6657: Ampulla of Vater Intestinal-Type Adenoma,,3,0,outside hierarchy,['C13011: Ampulla of Vater'],ampulla,of,vater
C3138: Inflammatory Bowel Disease,,1,0,outside hierarchy,"['C12736: Intestine', 'C124186: Pattern of Bowel Movements', 'C131916: Bowel Continence']",intestine
C115352: Recurrent Borderline Ovarian Surface Epithelial-Stromal Tumor	C94821: Stage I Borderline Ovarian Surface Epithelial-Stromal Tumor	C94822: Stage II Borderline Ovarian Surface Epithelial-Stromal Tumor	C94824: Stage III Borderline Ovarian Surface Epithelial-Stromal Tumor	C94825: Stage IV Borderline Ovarian Surface Epithelial-Stromal Tumor,,5,0,inside sysnonym,['C4783: Borderline Ovarian Epithelial Tumor'],borderline,ovarian,surface,epithelial stromal,neoplasm
C85039: Pulmonary Veno-Occlusive Disease	C7435: Pulmonary Precancerous Condition,,2,0,outside hierarchy,['C13304: Pulmonary'],pulmonary
C94821: Stage I Borderline Ovarian Surface Epithelial-Stromal Tumor	C7931: Grade I Lymphomatoid Granulomatosis,,2,0,inside sysnonym,"['C68869: Are', 'C89327: Be', 'C101224: Bonaire, Sint Eustatius and Saba', 'C111138: Biospecimen Events Domain', 'C112320: Immunogenicity Specimen Assessments Domain', 'C113265: ADM wt Allele', 'C118689: Idiopathic Short Stature', 'C119671: ATF7IP wt Allele', 'C127877: International Scale for BCR-ABL1 Measurement', 'C127914: TWIST2 wt Allele', 'C133414: Pathologic Stage I Esophageal Adenocarcinoma AJCC v8', 'C134745: Stage I Hilar Cholangiocarcinoma AJCC v8', 'C134757: Stage I Intrahepatic Cholangiocarcinoma AJCC v8', 'C134813: Stage I Distal Bile Duct Cancer AJCC v8', 'C135452: Accelerator Mass Spectrometry', 'C13662: Androgen Response Element', 'C139734: Stage I Cervical Cancer AJCC v8', 'C140164: Stage I Prostate Cancer AJCC v8', 'C140419: Stage I Bladder Cancer AJCC v8', 'C140977: Stage I Thyroid Gland Papillary Carcinoma AJCC v8', 'C154196: Washo Language', 'C2891: Barrett Esophagus', 'C159060: GDC ISS Stage Terminology', 'C16306: Armenia', 'C16329: Belgium', 'C16704: Iceland', 'C17232: United Arab Emirates', 'C229: Americium', 'C43236: WAS Gene', 'C43238: Wiskott-Aldrich Syndrome Protein', 'C44338: Beryllium', 'C450: DNA Insertion Elements', 'C48500: Inch', 'C5577: Stage I Uveal Melanoma AJCC v7', 'C594: Iodine', 'C68254: Dietary Iodine', 'C68255: Iodide', 'C71212: Attometer', 'C71347: Bachelor of Engineering', 'C94812: Clark Level I']",i
C7939: Stage 0 Lip and Oral Cavity Cancer AJCC v6 and v7	C7425: Oral Cavity and Lip Precancerous Condition,,2,0,outside hierarchy,"['C25311: Oral', 'C12421: Oral Cavity', 'C42744: Oral Dosage Form', 'C38288: Oral Route of Administration']",oral
C136719: Lung Squamous Cell Carcinoma In Situ	C28292: Squamous Cell Carcinoma In Situ of the Nipple	C2906: Skin Squamous Cell Carcinoma In Situ	C7347: Cervical Squamous Cell Carcinoma In Situ,C2917: Carcinoma In Situ,4,1,inside sysnonym,['C27093: Stage 0 Squamous Cell Carcinoma'],squamous,cell,carcinoma,in,situ
C4783: Borderline Ovarian Epithelial Tumor	C40140: Borderline Uterine Ligament Neoplasm	C158622: Borderline Serous Cystadenofibroma	C40024: Primary Peritoneal Serous Borderline Tumor/ Primary Peritoneal Atypical Proliferative Serous Tumor	C40106: Borderline Fallopian Tube Neoplasm	C5716: Borderline Exocrine Pancreatic Neoplasm	C4711: Borderline Cystadenoma	C7503: Borderline Phyllodes Tumor	C7196: Borderline Primary Cutaneous CD30-Positive T-Cell Lymphoproliferative Disorder,,9,0,outside hierarchy,['C14157: Borderline'],borderline
C132783: Stage 0 Major Salivary Gland Cancer AJCC v8	C139534: Anatomic Stage 0 Breast Cancer AJCC v8	C139555: Prognostic Stage 0 Breast Cancer AJCC v8	C140361: Stage 0is Renal Pelvis and Ureter Cancer AJCC v8	C140459: Stage 0is Urethral Cancer AJCC v8	C133550: Clinical Stage 0 Gastroesophageal Junction Adenocarcinoma AJCC v8	C133564: Pathologic Stage 0 Gastroesophageal Junction Adenocarcinoma AJCC v8	C132995: Stage 0 Oropharyngeal (p16-Negative) Carcinoma AJCC v8	C133255: Stage 0 Cutaneous Squamous Cell Carcinoma of the Head and Neck AJCC v8	C133447: Clinical Stage 0 Esophageal Squamous Cell Carcinoma AJCC v8	C133519: Pathologic Stage 0 Esophageal Squamous Cell Carcinoma AJCC v8	C133402: Clinical Stage 0 Esophageal Adenocarcinoma AJCC v8	C133413: Pathologic Stage 0 Esophageal Adenocarcinoma AJCC v8	C133647: Clinical Stage 0 Gastric Cancer AJCC v8	C133654: Pathologic Stage 0 Gastric Cancer AJCC v8	C133795: Stage 0 Anal Cancer AJCC v8	C133894: Stage 0 Small Intestinal Adenocarcinoma AJCC v8	C134118: Stage 0 Appendix Carcinoma AJCC v8	C134182: Stage 0 Colorectal Cancer AJCC v8	C134663: Stage 0 Gallbladder Cancer AJCC v8	C134865: Stage 0 Ampulla of Vater Cancer AJCC v8	C134914: Stage 0 Pancreatic Cancer AJCC v8	C140418: Stage 0is Bladder Cancer AJCC v8	C140358: Stage 0a Renal Pelvis and Ureter Cancer AJCC v8,,24,0,outside hierarchy,['C146985: AJCC Cancer Staging Manual 8th Edition'],ajcc,v8
C7983: Borderline Ovarian Endometrioid Tumor/Atypical Proliferative Ovarian Endometrioid Tumor	C40110: Borderline Fallopian Tube Endometrioid Tumor,,2,0,outside hierarchy,['C7113: Endometrioid Tumor'],endometrioid,neoplasm
C26793: Liver Veno-Occlusive Disease	C7656: Liver Dysplastic Nodule,,2,0,outside hierarchy,"['C12392: Liver', 'C73399: Liver Flavor']",liver
"C65163: Papillary Carcinoma In Situ	C4178: Borderline Papillary Cystadenoma	C27879: Papillary Urothelial Hyperplasia	C96807: Bile Duct Papillary Neoplasm with Low Grade Intraepithelial Neoplasia	C96808: Bile Duct Papillary Neoplasm with Intermediate Grade Intraepithelial Neoplasia	C96809: Bile Duct Papillary Neoplasm with High Grade Intraepithelial Neoplasia	C96877: Gallbladder Papillary Neoplasm with Low Grade Intraepithelial Neoplasia	C96878: Gallbladder Papillary Neoplasm with Intermediate Grade Intraepithelial Neoplasia	C96879: Gallbladder Papillary Neoplasm with High Grade Intraepithelial Neoplasia	C95913: Ampullary Noninvasive Papillary Neoplasm, Pancreatobiliary Type	C43602: Gallbladder Papillary Adenoma	C43609: Gallbladder Papillary Biliary Intraepithelial Neoplasia	C5849: Extrahepatic Bile Duct Papillary Adenoma",,13,0,outside hierarchy,['C14166: Papillary'],papillary
"C139015: Type E Lymphomatoid Papulosis	C114771: Xeroderma Pigmentosum, Complementation Group E",,2,0,outside hierarchy,"['C103517: Epworth Sleepiness Scale Questionnaire', 'C4817: Ewing Sarcoma', 'C3714: Epithelioid Sarcoma', 'C17152: Spain', 'C38206: Endosinusial Route of Administration', 'C8973: Endometrioid Stromal Sarcoma', 'C67893: Exa', 'C68800: Elementary Charge', 'C75586: STS wt Allele']",e
C7939: Stage 0 Lip and Oral Cavity Cancer AJCC v6 and v7	C7425: Oral Cavity and Lip Precancerous Condition,,2,0,outside hierarchy,['C12421: Oral Cavity'],oral,caries
C3819: Primary Amyloidosis	C40024: Primary Peritoneal Serous Borderline Tumor/ Primary Peritoneal Atypical Proliferative Serous Tumor	C7196: Borderline Primary Cutaneous CD30-Positive T-Cell Lymphoproliferative Disorder	C4828: Primary Sclerosing Cholangitis,,4,0,outside hierarchy,['C25251: Primary'],primary
C7038: Gastric Villous Adenoma	C8376: Adenocarcinoma In Situ in Villous Adenoma	C6658: Ampulla of Vater Villous Adenoma,,3,0,outside hierarchy,['C7399: Villous Adenoma'],villose,adenoma
C134663: Stage 0 Gallbladder Cancer AJCC v8	C4439: Stage 0 Gallbladder Cancer AJCC v6 and v7	C7720: Gallbladder Adenoma	C43606: Gallbladder Biliary Intraepithelial Neoplasia	C96877: Gallbladder Papillary Neoplasm with Low Grade Intraepithelial Neoplasia	C96878: Gallbladder Papillary Neoplasm with Intermediate Grade Intraepithelial Neoplasia	C96879: Gallbladder Papillary Neoplasm with High Grade Intraepithelial Neoplasia	C96883: Gallbladder Mucinous Cystic Neoplasm with Low Grade Intraepithelial Neoplasia	C96884: Gallbladder Mucinous Cystic Neoplasm with Intermediate Grade Intraepithelial Neoplasia	C96886: Gallbladder Mucinous Cystic Neoplasm with High Grade Intraepithelial Neoplasia,,10,0,outside hierarchy,"['C12377: Gallbladder', 'C22520: Mouse Gallbladder']",gallbladder
C3694: Dysplastic Nevus,,1,0,outside hierarchy,['C7570: Melanocytic Nevus'],nevus
C40036: Borderline Ovarian Mucinous Tumor	C40108: Borderline Fallopian Tube Mucinous Tumor,,2,0,outside hierarchy,['C7070: Mucinous Neoplasm'],mucinous,neoplasm
C41249: Pancreatic Intraductal Papillary-Mucinous Neoplasm with Low Grade Dysplasia	C41251: Pancreatic Intraductal Papillary-Mucinous Neoplasm with High Grade Dysplasia	C5719: Pancreatic Intraductal Papillary-Mucinous Neoplasm with Intermediate Grade Dysplasia	C3694: Dysplastic Nevus	C38383: Aneuploid Dysplastic Oral Leukoplakia	C6883: Pancreatic Mucinous-Cystic Neoplasm with Intermediate Grade Dysplasia	C95483: Pancreatic Mucinous-Cystic Neoplasm with Low Grade Dysplasia	C95493: Pancreatic Mucinous-Cystic Neoplasm with High Grade Dysplasia	C7656: Liver Dysplastic Nodule	C95914: Ampullary Noninvasive Pancreatobiliary Papillary Neoplasm with Low Grade Dysplasia	C95915: Ampullary Noninvasive Pancreatobiliary Papillary Neoplasm with High Grade Dysplasia,,11,0,outside hierarchy,['C4086: Dysplasia'],dysplasia
C2917: Carcinoma In Situ	C138181: In Situ Follicular Neoplasia	C138191: In Situ Mantle Cell Neoplasia,,3,0,outside hierarchy,['C14160: In Situ'],in,situ
C27701: Secondary Myelofibrosis	C3818: Secondary Amyloidosis	C8368: Grade II Intraepithelial Neoplasia	C94822: Stage II Borderline Ovarian Surface Epithelial-Stromal Tumor	C7932: Grade II Lymphomatoid Granulomatosis,,5,0,outside hierarchy,"['C25666: Second', 'C25667: Secondary', 'C42535: Second', 'C49463: Second', 'C133418: Pathologic Stage II Esophageal Adenocarcinoma AJCC v8', 'C134519: Stage II Hepatocellular Carcinoma AJCC v8', 'C134746: Stage II Hilar Cholangiocarcinoma AJCC v8', 'C134760: Stage II Intrahepatic Cholangiocarcinoma AJCC v8', 'C134814: Stage II Distal Bile Duct Cancer AJCC v8', 'C139743: Stage II Cervical Cancer AJCC v8', 'C140420: Stage II Bladder Cancer AJCC v8', 'C140980: Stage II Thyroid Gland Papillary Carcinoma AJCC v8', 'C51482: VIPR1 wt Allele', 'C52611: TAF8 wt Allele', 'C68861: Second Unit of Plane Angle', 'C94813: Clark Level II', 'C95664: Instance Identifier Data Type', 'C97419: CD74 wt Allele', 'C97420: HLA Class II Histocompatibility Antigen Gamma Chain']",second
C4981: Chronic Graft Versus Host Disease	C7405: Chronic Atrophic Gastritis,,2,0,outside hierarchy,['C14141: Chronic'],chronic
C126806: Myelofibrosis Transformation in Essential Thrombocythemia	C2917: Carcinoma In Situ	C138181: In Situ Follicular Neoplasia	C138191: In Situ Mantle Cell Neoplasia	C95613: Intraepithelial Neoplasia in Barrett Esophagus,,5,0,outside hierarchy,"['C43483: Indiana', 'C24514: INS Gene', 'C115651: Clinical Trial Insurance Documentation', 'C16727: India', 'C20855: Informatics Nurse Specialist', 'C25626: Present', 'C6828: Chromosomal Insertion', 'C48500: Inch', 'C51123: CD44 wt Allele', 'C52420: INS wt Allele', 'C66827: Indium', 'C85416: International Neuroblastoma Staging System']",in
C40140: Borderline Uterine Ligament Neoplasm	C40177: Uterine Corpus Smooth Muscle Tumor of Uncertain Malignant Potential,,2,0,outside hierarchy,"['C12405: Uterus', 'C22671: Mouse Uterus']",uterus
C4783: Borderline Ovarian Epithelial Tumor,,1,0,outside hierarchy,['C28047: Ovarian'],ovarian
C6877: Grade III Glandular Intraepithelial Neoplasia	C94824: Stage III Borderline Ovarian Surface Epithelial-Stromal Tumor	C7933: Grade III Lymphomatoid Granulomatosis,,3,0,outside hierarchy,"['C25260: Third', 'C49464: Third', 'C133421: Pathologic Stage III Esophageal Adenocarcinoma AJCC v8', 'C134747: Stage III Hilar Cholangiocarcinoma AJCC v8', 'C134761: Stage III Intrahepatic Cholangiocarcinoma AJCC v8', 'C134817: Stage III Distal Bile Duct Cancer AJCC v8', 'C139749: Stage III Cervical Cancer AJCC v8', 'C140169: Stage III Prostate Cancer AJCC v8', 'C140983: Stage III Thyroid Gland Papillary Carcinoma AJCC v8', 'C153956: Nuosu Language', 'C94814: Clark Level III']",third
C2917: Carcinoma In Situ	C4116: Stage 0 Transitional Cell Carcinoma	C122585: Borderline Ovarian Serous Tumor-Micropapillary Variant/Non-Invasive Low Grade Ovarian Serous Carcinoma	C159312: Borderline Ovarian Mucinous Tumor/Atypical Proliferative Ovarian Mucinous Tumor with Intraepithelial Carcinoma	C40082: Borderline Ovarian Clear Cell Tumor/Atypical Proliferative Ovarian Clear Cell Tumor with Intraepithelial Carcinoma,,5,0,outside hierarchy,['C2916: Carcinoma'],carcinoma
C3640: Stage 0 Skin Cancer	C27531: Pre-Malignant Skin Epithelial Lesion,,2,0,outside hierarchy,['C12470: Skin'],skin
C4177: Borderline Serous Cystadenoma,,1,0,outside hierarchy,['C3783: Serous Cystadenoma'],serous,cystadenoma
C7037: Gastric Tubulovillous Adenoma	C4144: Adenocarcinoma In Situ in Tubulovillous Adenoma	C27412: Ampulla of Vater Tubulovillous Adenoma,,3,0,outside hierarchy,['C4143: Tubulovillous Adenoma'],tubulovillous,adenoma
C4366: External Ear Polyp	C6080: External Ear Actinic Keratosis,,2,0,outside hierarchy,['C12292: External Ear'],external,ear
C40106: Borderline Fallopian Tube Neoplasm	C40115: Fallopian Tube Endometrioid Polyp	C40105: Stage 0 Fallopian Tube Cancer AJCC v7,,3,0,outside hierarchy,['C12403: Fallopian Tube'],fallopian,tube
C7503: Borderline Phyllodes Tumor,,1,0,outside hierarchy,['C2977: Phyllodes Tumor'],phyllode,neoplasm
C3646: Neoplasm of Uncertain Malignant Potential,,1,0,outside hierarchy,['C160575: Potential for Malignancy'],malignant,potential
C7720: Gallbladder Adenoma	C2942: Bile Duct Adenoma	C6657: Ampulla of Vater Intestinal-Type Adenoma	C7036: Gastric Tubular Adenoma	C7037: Gastric Tubulovillous Adenoma	C7038: Gastric Villous Adenoma	C4144: Adenocarcinoma In Situ in Tubulovillous Adenoma	C7679: Adenocarcinoma In Situ in Tubular Adenoma	C8376: Adenocarcinoma In Situ in Villous Adenoma,,9,0,outside hierarchy,['C2855: Adenoma'],adenoma
C3953: Esophageal Leukoplakia	C7423: Esophageal Precancerous Condition,,2,0,outside hierarchy,['C37950: Esophageal'],esophageal
C7939: Stage 0 Lip and Oral Cavity Cancer AJCC v6 and v7	C7425: Oral Cavity and Lip Precancerous Condition,,2,0,outside hierarchy,"['C12220: Lip', 'C116679: SMG1 wt Allele', 'C159069: GDC Lymphatic Invasion Present Terminology', 'C27558: Lymphocytic Interstitial Pneumonia']",lip
C133647: Clinical Stage 0 Gastric Cancer AJCC v8	C133654: Pathologic Stage 0 Gastric Cancer AJCC v8	C7788: Stage 0 Gastric Cancer AJCC v6 and v7	C7424: Gastric Precancerous Condition	C95773: Gastric Adenomatous Polyp,,5,0,outside hierarchy,"['C12391: Stomach', 'C13307: Gastric']",stomach
C5137: Intraductal Non-Comedo Breast Adenocarcinoma	C5138: Intraductal Cribriform Breast Adenocarcinoma,,2,0,outside hierarchy,['C5214: Breast Adenocarcinoma'],breast,adenocarcinoma
C40080: Borderline Ovarian Clear Cell Tumor,,1,0,outside hierarchy,['C40076: Ovarian Clear Cell Tumor'],ovarian,clear,cell,neoplasm
C140459: Stage 0is Urethral Cancer AJCC v8	C4531: Stage 0is Urethral Cancer AJCC v7	C39873: Urethral Glandular Metaplasia,,3,0,outside hierarchy,"['C69052: Urethral Dosage Form', 'C38271: Intraurethral Route of Administration']",urethral
C134182: Stage 0 Colorectal Cancer AJCC v8	C8932: Stage 0 Colorectal Cancer AJCC v6 and v7	C96478: Colorectal Adenomatous Polyp	C27459: Colorectal Intraepithelial Neoplasia,,4,0,outside hierarchy,['C13363: Colorectal'],colorectal
C54000: Gastrointestinal Stromal Tumor of Uncertain Malignant Potential	C139021: Indolent T-Cell Lymphoproliferative Disorder of the Gastrointestinal Tract,,2,0,outside hierarchy,"['C13359: Gastrointestinal', 'C53802: Adverse Event Associated with the Gastrointestinal System']",gastrointestinal
C96945: Bile Duct Biliary Intraepithelial Neoplasia	C2942: Bile Duct Adenoma	C96807: Bile Duct Papillary Neoplasm with Low Grade Intraepithelial Neoplasia	C96808: Bile Duct Papillary Neoplasm with Intermediate Grade Intraepithelial Neoplasia	C96809: Bile Duct Papillary Neoplasm with High Grade Intraepithelial Neoplasia	C96836: Bile Duct Mucinous Cystic Neoplasm with Low Grade Intraepithelial Neoplasia	C96837: Bile Duct Mucinous Cystic Neoplasm with Intermediate Grade Intraepithelial Neoplasia	C96838: Bile Duct Mucinous Cystic Neoplasm with High Grade Intraepithelial Neoplasia,,8,0,outside hierarchy,['C12376: Bile Duct'],bile,duct
"C6035: Stage 0 Nasopharyngeal Undifferentiated Carcinoma AJCC v6, v7, and v8	C162542: Basaloid (Undifferentiated) Penile Intraepithelial Neoplasia",,2,0,outside hierarchy,"['C14176: Undifferentiated', 'C28082: Grade 4', 'C14144: Anaplastic', 'C41438: Undifferentiated Sex', 'C45908: Intersex', 'C62431: Fuhrman Grade 4']",undifferentiated
C7183: Polymorphic Post-Transplant Lymphoproliferative Disorder	C139021: Indolent T-Cell Lymphoproliferative Disorder of the Gastrointestinal Tract	C7196: Borderline Primary Cutaneous CD30-Positive T-Cell Lymphoproliferative Disorder	C7764: Atypical Lymphoproliferative Disorder,,4,0,outside hierarchy,['C9308: Lymphoproliferative Disorder'],lymphoproliferative,disorder
C40024: Primary Peritoneal Serous Borderline Tumor/ Primary Peritoneal Atypical Proliferative Serous Tumor	C5226: Borderline Ovarian Serous Tumor	C40107: Borderline Fallopian Tube Serous Tumor/Atypical Proliferative Serous Tumor,,3,0,outside hierarchy,['C7074: Serous Neoplasm'],serous,neoplasm
C4686: Opsoclonus Myoclonus Syndrome	C8966: Paraneoplastic Opsoclonus Ataxia,,2,0,outside hierarchy,['C118720: Opsoclonus'],opsoclonus
C2924: Ductal Breast Carcinoma In Situ	C4018: Lobular Breast Carcinoma In Situ	C4195: Ductal Breast Carcinoma In Situ and Lobular Carcinoma In Situ,C2917: Carcinoma In Situ,3,1,inside sysnonym,['C3641: Stage 0 Breast Cancer AJCC v6 and v7'],breast,carcinoma,in,situ
"C132783: Stage 0 Major Salivary Gland Cancer AJCC v8	C4942: Stage 0 Pharyngeal Cancer	C27093: Stage 0 Squamous Cell Carcinoma	C139534: Anatomic Stage 0 Breast Cancer AJCC v8	C139555: Prognostic Stage 0 Breast Cancer AJCC v8	C140459: Stage 0is Urethral Cancer AJCC v8	C27467: Stage 0 Lung Cancer AJCC v6 and v7	C3640: Stage 0 Skin Cancer	C3641: Stage 0 Breast Cancer AJCC v6 and v7	C4000: Stage 0 Cervical Cancer AJCC v6	C89550: Stage 0 Cervical Cancer AJCC v7	C4522: Stage 0 Vulvar Cancer AJCC v6	C4531: Stage 0is Urethral Cancer AJCC v7	C7939: Stage 0 Lip and Oral Cavity Cancer AJCC v6 and v7	C9100: Stage 0 Laryngeal Cancer AJCC v6, v7, and V8	C7855: Stage 0 Vaginal Cancer AJCC v6	C89445: Stage 0 Vulvar Cancer AJCC v7	C89476: Stage 0 Vaginal Cancer AJCC v7	C133550: Clinical Stage 0 Gastroesophageal Junction Adenocarcinoma AJCC v8	C133564: Pathologic Stage 0 Gastroesophageal Junction Adenocarcinoma AJCC v8	C4116: Stage 0 Transitional Cell Carcinoma	C133402: Clinical Stage 0 Esophageal Adenocarcinoma AJCC v8	C133413: Pathologic Stage 0 Esophageal Adenocarcinoma AJCC v8	C133647: Clinical Stage 0 Gastric Cancer AJCC v8	C133654: Pathologic Stage 0 Gastric Cancer AJCC v8	C133795: Stage 0 Anal Cancer AJCC v8	C133894: Stage 0 Small Intestinal Adenocarcinoma AJCC v8	C134118: Stage 0 Appendix Carcinoma AJCC v8	C134182: Stage 0 Colorectal Cancer AJCC v8	C134663: Stage 0 Gallbladder Cancer AJCC v8	C134865: Stage 0 Ampulla of Vater Cancer AJCC v8	C134914: Stage 0 Pancreatic Cancer AJCC v8	C7794: Stage 0 Anal Canal Cancer AJCC v6 and v7	C3637: Stage 0 Esophageal Cancer AJCC v6	C8932: Stage 0 Colorectal Cancer AJCC v6 and v7	C7788: Stage 0 Gastric Cancer AJCC v6 and v7	C4439: Stage 0 Gallbladder Cancer AJCC v6 and v7	C4444: Stage 0 Ampulla of Vater Cancer AJCC v7	C4593: Stage 0 Appendix Carcinoma AJCC v7	C4892: Stage 0 Small Intestinal Cancer AJCC v7	C89771: Stage 0 Esophageal Cancer AJCC v7	C5729: Stage 0 Pancreatic Cancer AJCC v6 and v7	C8894: Stage 0 Bladder Adenocarcinoma AJCC v6 and v7	C140418: Stage 0is Bladder Cancer AJCC v8	C94821: Stage I Borderline Ovarian Surface Epithelial-Stromal Tumor	C94822: Stage II Borderline Ovarian Surface Epithelial-Stromal Tumor	C94824: Stage III Borderline Ovarian Surface Epithelial-Stromal Tumor	C94825: Stage IV Borderline Ovarian Surface Epithelial-Stromal Tumor	C40105: Stage 0 Fallopian Tube Cancer AJCC v7",,49,0,outside hierarchy,"['C25257: Phase', 'C15608: Staging', 'C16899: Stage', 'C48308: Stage', 'C48281: Trial Phase']",faze
C8367: Low Grade Intraepithelial Neoplasia	C4524: Multilocular Cystic Renal Neoplasm of Low Malignant Potential	C41249: Pancreatic Intraductal Papillary-Mucinous Neoplasm with Low Grade Dysplasia	C9457: Low Grade Ductal Breast Carcinoma In Situ	C122585: Borderline Ovarian Serous Tumor-Micropapillary Variant/Non-Invasive Low Grade Ovarian Serous Carcinoma	C95483: Pancreatic Mucinous-Cystic Neoplasm with Low Grade Dysplasia	C96807: Bile Duct Papillary Neoplasm with Low Grade Intraepithelial Neoplasia	C96836: Bile Duct Mucinous Cystic Neoplasm with Low Grade Intraepithelial Neoplasia	C96877: Gallbladder Papillary Neoplasm with Low Grade Intraepithelial Neoplasia	C96883: Gallbladder Mucinous Cystic Neoplasm with Low Grade Intraepithelial Neoplasia	C96770: Low Grade Liver Dysplastic Nodule	C95914: Ampullary Noninvasive Pancreatobiliary Papillary Neoplasm with Low Grade Dysplasia,,12,0,outside hierarchy,"['C25309: Lower', 'C43517: Lowest', 'C54722: Low', 'C86568: Lower', 'C118955: Low Mitosis-Karyorrhexis Index', 'C129476: Low Level', 'C139301: IPSS Risk Category Low', 'C162046: Serum CEA Level Low', 'C162049: Serum CA 19-9 Low', 'C162102: Low LDH Level', 'C162104: Low Calcium Level', 'C162106: Low Hemoglobin Level', 'C162108: Low Platelet Count', 'C162110: Low Leukocyte Count', 'C162681: IPSS-R Risk Category Low', 'C78801: Value Below Reference Range']",low
C40024: Primary Peritoneal Serous Borderline Tumor/ Primary Peritoneal Atypical Proliferative Serous Tumor	C6536: Peritoneal Multicystic Mesothelioma,,2,0,outside hierarchy,['C25313: Peritoneal'],peritoneal
C134914: Stage 0 Pancreatic Cancer AJCC v8	C5729: Stage 0 Pancreatic Cancer AJCC v6 and v7	C7412: Pancreatic Precancerous Condition,,3,0,outside hierarchy,['C25726: Pancreatic'],pancreatic
C134271: Stage 0 Colon Cancer AJCC v8	C3638: Stage 0 Colon Cancer AJCC v6 and v7	C96479: Colon Adenomatous Polyp,,3,0,outside hierarchy,"['C12382: Colon', 'C73381: Cola Flavor']",cola
