Potential Subtype(s),Potential Supertype(s),# of Potential Subtype(s),# of Potential Supertype(s),Supporting Path,Semantic Type(s) of Potential Subtype(s),Semantic Type(s) of Mapped CUI,Mapped Atoms,Newly Formalized Concepts
"C8334: Squamous Cell Intraepithelial Neoplasia	C6039: Stage 0 Oropharyngeal Squamous Cell Carcinoma AJCC v6 and v7	C6036: Stage 0 Nasopharyngeal Keratinizing Squamous Cell Carcinoma AJCC v6, v7, and v8	C6048: Stage 0 Hypopharyngeal Squamous Cell Carcinoma AJCC v6, v7, and v8",,4,0,,Neoplastic Process,Qualitative Concept,"['(A18207959, LNC)--C1182670: Squamous', '(A2667029, UWDA)--C1182670: Squamous', '(A15444405, FMA)--C1182670: Squamous', '(A18663193, CHV)--C1182670: squamous']",squamous
"C132783: Stage 0 Major Salivary Gland Cancer AJCC v8	C139534: Anatomic Stage 0 Breast Cancer AJCC v8	C139555: Prognostic Stage 0 Breast Cancer AJCC v8	C140361: Stage 0is Renal Pelvis and Ureter Cancer AJCC v8	C140459: Stage 0is Urethral Cancer AJCC v8	C9100: Stage 0 Laryngeal Cancer AJCC v6, v7, and V8	C133550: Clinical Stage 0 Gastroesophageal Junction Adenocarcinoma AJCC v8	C133564: Pathologic Stage 0 Gastroesophageal Junction Adenocarcinoma AJCC v8	C132995: Stage 0 Oropharyngeal (p16-Negative) Carcinoma AJCC v8	C9099: Stage 0 Nasopharyngeal Carcinoma AJCC v6, v7, and v8	C9101: Stage 0 Hypopharyngeal Carcinoma AJCC v6, v7, and v8	C133255: Stage 0 Cutaneous Squamous Cell Carcinoma of the Head and Neck AJCC v8	C133447: Clinical Stage 0 Esophageal Squamous Cell Carcinoma AJCC v8	C133519: Pathologic Stage 0 Esophageal Squamous Cell Carcinoma AJCC v8	C133402: Clinical Stage 0 Esophageal Adenocarcinoma AJCC v8	C133413: Pathologic Stage 0 Esophageal Adenocarcinoma AJCC v8	C133647: Clinical Stage 0 Gastric Cancer AJCC v8	C133654: Pathologic Stage 0 Gastric Cancer AJCC v8	C133795: Stage 0 Anal Cancer AJCC v8	C133894: Stage 0 Small Intestinal Adenocarcinoma AJCC v8	C134118: Stage 0 Appendix Carcinoma AJCC v8	C134182: Stage 0 Colorectal Cancer AJCC v8	C134663: Stage 0 Gallbladder Cancer AJCC v8	C134865: Stage 0 Ampulla of Vater Cancer AJCC v8	C134914: Stage 0 Pancreatic Cancer AJCC v8	C140418: Stage 0is Bladder Cancer AJCC v8	C140358: Stage 0a Renal Pelvis and Ureter Cancer AJCC v8",,27,0,,Neoplastic Process,"Body Part, Organ, or Organ Component* Gene or Genome","['(A2670756, UWDA)--C0507130: V8', '(A15464444, FMA)--C0507130: V8', '(A20738542, HGNC)--C1416372: V8']",v8
"C6128: Stage 0 Laryngeal Verrucous Carcinoma AJCC v6, v7, and v8	C4696: Proliferative Verrucous Leukoplakia",,2,0,,Neoplastic Process,Functional Concept,"['(A0816801, RCD)--C0334104: Verrucous', '(A0816802, SNMI)--C0334104: Verrucous', '(A3082371, SNOMEDCT_US)--C0334104: Verrucous', '(A18656010, CHV)--C0334104: verrucous']",verrucous
C40024: Primary Peritoneal Serous Borderline Tumor/ Primary Peritoneal Atypical Proliferative Serous Tumor	C158616: Borderline Ovarian Mixed Epithelial Tumor/Atypical Proliferative Ovarian Mixed Epithelial Tumor	C7983: Borderline Ovarian Endometrioid Tumor/Atypical Proliferative Ovarian Endometrioid Tumor	C126469: Serous Borderline Broad Ligament Tumor/Atypical Proliferative Serous Broad Ligament Tumor	C40107: Borderline Fallopian Tube Serous Tumor/Atypical Proliferative Serous Tumor	C4696: Proliferative Verrucous Leukoplakia	C122584: Borderline Ovarian Serous Tumor/Atypical Proliferative Ovarian Serous Tumor	C122586: Borderline Ovarian Mucinous Tumor/Atypical Proliferative Ovarian Mucinous Tumor	C9459: Borderline Ovarian Brenner Tumor/Atypical Proliferative Ovarian Brenner Tumor	C126308: Borderline Ovarian Clear Cell Tumor/Atypical Proliferative Ovarian Clear Cell Tumor,,10,0,,Neoplastic Process,Pathologic Function,"['(A18692940, CHV)--C0334094: proliferative', '(A0777404, SNMI)--C0334094: Proliferative']",proliferative
C7197: Type A Lymphomatoid Papulosis	C122925: Type A Tylosis,,2,0,,Neoplastic Process* Disease or Syndrome,Classification,"['(A27116137, LNC)--C4264487: Type A']",type,a
C155978: Thyroid Gland Follicular Tumor of Uncertain Malignant Potential	C138181: In Situ Follicular Neoplasia,,2,0,,Neoplastic Process,Neoplastic Process,"['(A3465269, SNOMEDCT_US)--C0474808: Follicular neoplasm', '(A18570630, CHV)--C0474808: follicular neoplasm', '(A18626436, CHV)--C0474808: follicular neoplasms', '(A0945263, RCDAE)--C0474808: Follicular tumor', '(A3133196, SNOMEDCT_US)--C0474808: Follicular tumor', '(A18695143, CHV)--C0474808: follicular tumor', '(A0945264, RCD)--C0474808: Follicular tumour', '(A3133197, SNOMEDCT_US)--C0474808: Follicular tumour', '(A18676727, CHV)--C0474808: follicular tumors']",follicle,neoplasm
C123393: Recurrent Childhood Lymphomatoid Granulomatosis,,1,0,,Neoplastic Process,Neoplastic Process,"['(A18599440, CHV)--C0278519: recurrent pediatric', '(A18673724, CHV)--C0278519: recurrent childhood']",recurrent,pediatric
C39840: Urinary Tract Precancerous Condition	C139021: Indolent T-Cell Lymphoproliferative Disorder of the Gastrointestinal Tract,,2,0,,Neoplastic Process* Disease or Syndrome,"Body Part, Organ, or Organ Component","['(A2668366, UWDA)--C1185740: Tract', '(A15388500, FMA)--C1185740: Tract', '(A18663206, CHV)--C1185740: tract', '(A18607535, CHV)--C1185740: tracts']",tract
"C95918: Ampullary Flat Intraepithelial Neoplasia, High Grade	C36086: Flat Ductal Epithelial Atypia of the Breast	C43607: Gallbladder Flat Biliary Intraepithelial Neoplasia",,3,0,,Neoplastic Process,Spatial Concept* Manufactured Object,"['(A0358601, RCD)--C0205324: Flat', '(A0358602, SNMI)--C0205324: Flat', '(A26506200, LNC)--C0205324: Flat', '(A2921212, SNOMEDCT_US)--C0205324: Flat', '(A18578505, CHV)--C0205324: flat', '(A0358600, RCD)--C0457933: Flat', '(A7873365, SNOMEDCT_US)--C0457933: Flat']",flat
C2965: Crohn Disease,,1,0,,Disease or Syndrome,Disease or Syndrome,"[""(A18553658, CHV)--C0010346: Crohn's"", ""(A25717970, MDR)--C0010346: Crohn's"", ""(A18627925, CHV)--C0010346: crohns's"", '(A4465091, ICPC2ICD10ENG)--C0010346: Crohn']",crohn
C3311: Paraneoplastic Syndrome,,1,0,,Neoplastic Process,Immunologic Factor,"['(A18129624, LNC)--C1441055: Paraneoplastic']",paraneoplastic
C133894: Stage 0 Small Intestinal Adenocarcinoma AJCC v8	C4892: Stage 0 Small Intestinal Cancer AJCC v7	C27462: Small Intestinal Intraepithelial Neoplasia,,3,0,,Neoplastic Process,"Body Part, Organ, or Organ Component","['(A1087399, RCD)--C0021852: Small intestinal', '(A1087400, SNMI)--C0021852: Small intestinal', '(A3202028, SNOMEDCT_US)--C0021852: Small intestinal']",small,intestinal
C27723: Vulvar Lichen Sclerosus	C4756: Vulvar Intraepithelial Neoplasia	C40334: Vulvar Dysplastic Melanocytic Nevus,,3,0,,Neoplastic Process* Disease or Syndrome,"Body Part, Organ, or Organ Component","['(A0358078, SNMI)--C0042993: Vulvar', '(A1623269, CCPSS)--C0042993: VULVAR']",vulvar
C3722: Oral Cavity Hairy Leukoplakia,C3186: Leukoplakia,1,1,['C0206186'],Neoplastic Process,Neoplastic Process,"['(A0713155, ICD10AM)--C0206186: Hairy leukoplakia', '(A0713156, RCD)--C0206186: Hairy leukoplakia', '(A17852130, ICD10CM)--C0206186: Hairy leukoplakia', '(A20152595, ICD10CM)--C0206186: Hairy leukoplakia', '(A0713154, ICD10)--C0206186: Hairy leukoplakia', '(A1411996, BI)--C0206186: hairy leukoplakia', '(A18615792, CHV)--C0206186: hairy leukoplakia', '(A4418926, ICPC2ICD10ENG)--C0206186: hairy; leukoplakia', '(A0362105, MSH)--C0206186: Hairy Leukoplakias', '(A18690027, CHV)--C0206186: hairy leucoplakia', '(A7875411, SNOMEDCT_US)--C0206186: Hairy leucoplakia', '(A0362103, MSH)--C0206186: Hairy Leukoplakia']",hairy,leucoplakia
C4524: Multilocular Cystic Renal Neoplasm of Low Malignant Potential	C96836: Bile Duct Mucinous Cystic Neoplasm with Low Grade Intraepithelial Neoplasia	C96837: Bile Duct Mucinous Cystic Neoplasm with Intermediate Grade Intraepithelial Neoplasia	C96838: Bile Duct Mucinous Cystic Neoplasm with High Grade Intraepithelial Neoplasia	C96883: Gallbladder Mucinous Cystic Neoplasm with Low Grade Intraepithelial Neoplasia	C96884: Gallbladder Mucinous Cystic Neoplasm with Intermediate Grade Intraepithelial Neoplasia	C96886: Gallbladder Mucinous Cystic Neoplasm with High Grade Intraepithelial Neoplasia,,7,0,,Neoplastic Process,Qualitative Concept,"['(A0358412, RCD)--C0205207: Cystic', '(A0358413, SNMI)--C0205207: Cystic', '(A2921074, SNOMEDCT_US)--C0205207: Cystic', '(A29392331, LNC)--C0205207: Cystic', '(A12926285, MTH)--C0205207: Cystic', '(A18560070, CHV)--C0205207: cystic']",cystic
C158622: Borderline Serous Cystadenofibroma,,1,0,,,Neoplastic Process,"['(A0794721, RCD)--C0334498: Serous cystadenofibroma', '(A0794722, SNM)--C0334498: Serous cystadenofibroma', '(A0794723, SNMI)--C0334498: Serous cystadenofibroma', '(A3070229, SNOMEDCT_US)--C0334498: Serous cystadenofibroma']",serous,cystadenofibroma
"C27467: Stage 0 Lung Cancer AJCC v6 and v7	C3641: Stage 0 Breast Cancer AJCC v6 and v7	C89550: Stage 0 Cervical Cancer AJCC v7	C4531: Stage 0is Urethral Cancer AJCC v7	C7939: Stage 0 Lip and Oral Cavity Cancer AJCC v6 and v7	C9100: Stage 0 Laryngeal Cancer AJCC v6, v7, and V8	C89445: Stage 0 Vulvar Cancer AJCC v7	C89476: Stage 0 Vaginal Cancer AJCC v7	C4590: Stage 0 Oropharyngeal Carcinoma AJCC v6 and v7	C9099: Stage 0 Nasopharyngeal Carcinoma AJCC v6, v7, and v8	C9101: Stage 0 Hypopharyngeal Carcinoma AJCC v6, v7, and v8	C8903: Stage 0 Bladder Squamous Cell Carcinoma AJCC v6 and v7	C7794: Stage 0 Anal Canal Cancer AJCC v6 and v7	C8932: Stage 0 Colorectal Cancer AJCC v6 and v7	C7788: Stage 0 Gastric Cancer AJCC v6 and v7	C4439: Stage 0 Gallbladder Cancer AJCC v6 and v7	C4444: Stage 0 Ampulla of Vater Cancer AJCC v7	C4593: Stage 0 Appendix Carcinoma AJCC v7	C4892: Stage 0 Small Intestinal Cancer AJCC v7	C89771: Stage 0 Esophageal Cancer AJCC v7	C5729: Stage 0 Pancreatic Cancer AJCC v6 and v7	C8894: Stage 0 Bladder Adenocarcinoma AJCC v6 and v7	C6188: Stage 0 Bladder Urothelial Carcinoma AJCC v6 and v7	C39850: Stage 0 Renal Pelvis and Ureter Cancer AJCC v7	C8763: Stage 0 Lung Squamous Cell Carcinoma AJCC v6 and v7	C40105: Stage 0 Fallopian Tube Cancer AJCC v7",,26,0,,Neoplastic Process,"Body Part, Organ, or Organ Component* Gene or Genome","['(A2670755, UWDA)--C0507129: V7', '(A15378151, FMA)--C0507129: V7', '(A20752155, HGNC)--C1416371: V7', '(A24588050, OMIM)--C1416371: V7']",v7
C7405: Chronic Atrophic Gastritis,,1,0,,Disease or Syndrome,Disease or Syndrome* Pathologic Function,"['(A0649320, CST)--C0151514: Atrophic', '(A0649322, RCD)--C0333641: Atrophic', '(A0649323, SNMI)--C0333641: Atrophic', '(A2994126, SNOMEDCT_US)--C0333641: Atrophic', '(A0649321, MTH)--C0333641: Atrophic', '(A18608660, CHV)--C0333641: atrophic', '(A18618717, CHV)--C0333641: atrophic']",atropic
C4596: Penile Intraepithelial Neoplasia	C3151: Penile Leukoplakia,,2,0,,Neoplastic Process* Disease or Syndrome,"Body Part, Organ, or Organ Component","['(A0358100, SNMI)--C0030851: Penile', '(A18574618, CHV)--C0030851: penile']",penile
C133550: Clinical Stage 0 Gastroesophageal Junction Adenocarcinoma AJCC v8	C133447: Clinical Stage 0 Esophageal Squamous Cell Carcinoma AJCC v8	C133402: Clinical Stage 0 Esophageal Adenocarcinoma AJCC v8	C133647: Clinical Stage 0 Gastric Cancer AJCC v8,,4,0,,Neoplastic Process,Qualitative Concept,"['(A1169647, SNM)--C0544468: Clinical stage 0', '(A27170345, SNOMEDCT_US)--C0544468: Clinical stage 0']",clinical,faze,zero
C3148: Actinic (Solar) Keratosis,,1,0,,Neoplastic Process,Qualitative Concept,"['(A0857922, RCD)--C0439681: Actinic', '(A3091940, SNOMEDCT_US)--C0439681: Actinic', '(A18564651, CHV)--C0439681: actinic']",actinic
