Potential Subtype(s),Potential Supertype(s),# of Potential Subtype(s),# of Potential Supertype(s),Newly Formalized Concepts
C3273: Neurofibromatosis Type 1	C3274: Neurofibromatosis Type 2,C6727: Neurofibromatosis,2,1,neurofibromatosis,type
C3266: Hereditary Neoplastic Syndrome	C9460: Cockayne Syndrome	C27579: Hyperimmunoglobulin Syndrome	C2993: Down Syndrome	C3034: Fanconi Syndrome	C34760: Laurence-Moon Syndrome	C4692: Nijmegen Breakage Syndrome	C2941: Chediak-Higashi Syndrome	C2989: DiGeorge Syndrome	C3895: Bare Lymphocyte Syndrome	C61240: Omenn Syndrome,,11,0,syndrome
"C27873: Congenital Disorder of Natural Immunity	C4461: Multiple Self Healing Epithelioma of Ferguson-Smith	C61238: Severe Combined Immunodeficiency with Absence of T and B Cells	C61239: Severe Combined Immunodeficiency with Absence of T, Normal B Cells",,4,0,of
C34634: Congenital Leucocyte Abnormality	C27874: Leukocyte Adhesion Deficiency,,2,0,leucocyte
C27579: Hyperimmunoglobulin Syndrome,,1,0,hyperimmunoglobulin
"C3968: Xeroderma Pigmentosum, Complementation Group F	C125707: Fanconi Anemia, Complementation Group F",,2,0,complementation,group,f
C123265: X-linked Hypophosphatemic Rickets	C85865: X-Linked Inherited Disorder	C3822: X-Linked Agammaglobulinemia	C4682: X-Linked Severe Combined Immunodeficiency	C154315: X-linked Chronic Granulomatous Disease	C158531: X-Linked Hyper-IgM Syndrome,,6,0,link x
"C3965: Xeroderma Pigmentosum, Complementation Group A	C125702: Fanconi Anemia, Complementation Group A",,2,0,complementation,group,a
C135725: Cockayne Syndrome Type A	C135726: Cockayne Syndrome Type B,C9460: Cockayne Syndrome,2,1,cockayne,syndrome,type
C123260: Dent Disease	C34806: Maple Syrup Urine Disease	C26788: Chronic Granulomatous Disease,,3,0,disease
"C3144: Hyperimmunoglobulin E Syndrome	C114771: Xeroderma Pigmentosum, Complementation Group E	C125709: Fanconi Anemia, Complementation Group E",,3,0,e
C3034: Fanconi Syndrome	C62505: Fanconi Anemia,,2,0,fanconi
C35064: Hereditary Hemorrhagic Telangiectasia	C2887: Ataxia Telangiectasia Syndrome,,2,0,telangiectasia
C123158: Primary Hyperoxaluria	C123263: Familial Primary Hypomagnesemia,,2,0,primary
C123212: Primary Hyperoxaluria Type I	C154314: Autosomal Recessive Cytochrome B-Positive Chronic Granulomatous Disease Type I,,2,0,type,i
C135725: Cockayne Syndrome Type A	C135726: Cockayne Syndrome Type B	C40464: Turcot Syndrome Type 2	C40463: Turcot Syndrome Type 1,,4,0,syndrome,type
C122804: Wilms Tumor-Aniridia-Genitourinary Anomalies-Mental Retardation-Obesity Syndrome	C3718: Wilms Tumor-Aniridia-Genitourinary Anomalies-Mental Retardation Syndrome,,2,0,wilm,aniridia genitourinary tumor,anomaly mental
C157461: Glucagon Cell Hyperplasia and Neoplasia	C93268: Rhabdoid Tumor Predisposition Syndrome	C48287: Hyperparathyroidism-Jaw Tumor Syndrome,,3,0,neoplasm
C123262: Familial Hypocalciuric Hypercalcemia	C129734: Autosomal Recessive Infantile Hypercalcemia,,2,0,hypercalcemia
C120113: Short Stature Homeobox Deficiency	C153467: PTEN Deficiency	C3964: Dihydrouracil Dehydrogenase Deficiency	C130202: Constitutional Mismatch Repair Deficiency Syndrome	C27874: Leukocyte Adhesion Deficiency	C162695: Severe Combined Immunodeficiency due to NHEJ1 Deficiency	C3962: Adenosine Deaminase Deficiency	C3963: Purine-Nucleoside Phosphorylase Deficiency	C126342: STAT3 Deficiency	C126343: DOCK8 Deficiency,,10,0,deficiency
C4690: Leukocyte Adhesion Deficiency Type 2	C40464: Turcot Syndrome Type 2	C3274: Neurofibromatosis Type 2,,3,0,type,two
C123212: Primary Hyperoxaluria Type I	C123213: Primary Hyperoxaluria Type II	C123214: Primary Hyperoxaluria Type III,C123158: Primary Hyperoxaluria,3,1,primary,hyperoxaluria,type
C5183: Hereditary Multiple Exostoses	C4461: Multiple Self Healing Epithelioma of Ferguson-Smith,,2,0,many
"C123212: Primary Hyperoxaluria Type I	C123213: Primary Hyperoxaluria Type II	C123214: Primary Hyperoxaluria Type III	C135725: Cockayne Syndrome Type A	C135726: Cockayne Syndrome Type B	C120084: Familial Colorectal Cancer Type X	C162694: Severe Combined Immunodeficiency, Athabascan Type	C141367: Xeroderma Pigmentosum Variant Type	C154314: Autosomal Recessive Cytochrome B-Positive Chronic Granulomatous Disease Type I	C154615: Leukocyte Adhesion Deficiency Type 3	C4689: Leukocyte Adhesion Deficiency Type 1	C4690: Leukocyte Adhesion Deficiency Type 2	C40464: Turcot Syndrome Type 2	C40463: Turcot Syndrome Type 1	C3273: Neurofibromatosis Type 1	C3274: Neurofibromatosis Type 2",,16,0,type
C3101: Genetic Disorder,,1,0,disorder
C157461: Glucagon Cell Hyperplasia and Neoplasia	C8493: Hereditary Breast and Ovarian Cancer Syndrome	C51302: Hereditary Leiomyomatosis and Renal Cell Cancer	C61238: Severe Combined Immunodeficiency with Absence of T and B Cells,,4,0,andorra
C3266: Hereditary Neoplastic Syndrome	C35064: Hereditary Hemorrhagic Telangiectasia,,2,0,hereditary
C27871: Congenital Combined Immunodeficiency	C27873: Congenital Disorder of Natural Immunity	C27872: Congenital T-Cell Immunodeficiency	C34634: Congenital Leucocyte Abnormality	C61236: Congenital Pure Red Cell Aplasia,,5,0,congenital
"C61238: Severe Combined Immunodeficiency with Absence of T and B Cells	C61239: Severe Combined Immunodeficiency with Absence of T, Normal B Cells",C3472: Severe Combined Immunodeficiency,2,1,severe,combine,immunodeficiency,with,absence,of,t
C4689: Leukocyte Adhesion Deficiency Type 1	C40463: Turcot Syndrome Type 1	C3273: Neurofibromatosis Type 1,,3,0,type,one
"C3966: Xeroderma Pigmentosum, Complementation Group B	C125703: Fanconi Anemia, Complementation Group B",,2,0,complementation,group,b
"C157461: Glucagon Cell Hyperplasia and Neoplasia	C51302: Hereditary Leiomyomatosis and Renal Cell Cancer	C61236: Congenital Pure Red Cell Aplasia	C2892: Nevoid Basal Cell Carcinoma Syndrome	C61238: Severe Combined Immunodeficiency with Absence of T and B Cells	C61239: Severe Combined Immunodeficiency with Absence of T, Normal B Cells",,6,0,cell
"C135725: Cockayne Syndrome Type A	C3965: Xeroderma Pigmentosum, Complementation Group A	C125702: Fanconi Anemia, Complementation Group A",,3,0,a
C129734: Autosomal Recessive Infantile Hypercalcemia	C85866: Autosomal Recessive Disorder	C98829: Autosomal Dominant Disorder	C154314: Autosomal Recessive Cytochrome B-Positive Chronic Granulomatous Disease Type I,,4,0,autosome
C120083: Hereditary Nonpolyposis Colorectal Cancer,,1,0,colorectal,cancer
"C114770: Xeroderma Pigmentosum, Complementation Group C	C125704: Fanconi Anemia, Complementation Group C",,2,0,complementation,group,c
C120113: Short Stature Homeobox Deficiency	C92206: Short Limb Dwarfism-Saddle Nose-Spinal Alterations-Metaphyseal Striation Syndrome,,2,0,short
"C114771: Xeroderma Pigmentosum, Complementation Group E	C125709: Fanconi Anemia, Complementation Group E",,2,0,complementation,group,e
"C114770: Xeroderma Pigmentosum, Complementation Group C	C114771: Xeroderma Pigmentosum, Complementation Group E	C3965: Xeroderma Pigmentosum, Complementation Group A	C3967: Xeroderma Pigmentosum, Complementation Group D	C3966: Xeroderma Pigmentosum, Complementation Group B	C3969: Xeroderma Pigmentosum, Complementation Group G	C3968: Xeroderma Pigmentosum, Complementation Group F",C3452: Xeroderma Pigmentosum,7,1,xeroderma,pigmentosum,complementation,group
C129734: Autosomal Recessive Infantile Hypercalcemia	C85866: Autosomal Recessive Disorder	C154314: Autosomal Recessive Cytochrome B-Positive Chronic Granulomatous Disease Type I,,3,0,autosome,recessive
C154615: Leukocyte Adhesion Deficiency Type 3	C4689: Leukocyte Adhesion Deficiency Type 1	C4690: Leukocyte Adhesion Deficiency Type 2,C27874: Leukocyte Adhesion Deficiency,3,1,leucocyte,adhesion,deficiency,type
"C125702: Fanconi Anemia, Complementation Group A	C125703: Fanconi Anemia, Complementation Group B	C125704: Fanconi Anemia, Complementation Group C	C125705: Fanconi Anemia, Complementation Group D1	C125706: Fanconi Anemia, Complementation Group D2	C125707: Fanconi Anemia, Complementation Group F	C125708: Fanconi Anemia, Complementation Group G	C125709: Fanconi Anemia, Complementation Group E	C129026: Fanconi Anemia, Complementation Group I	C129027: Fanconi Anemia, Complementation Group J",C62505: Fanconi Anemia,10,1,fanconi,anemia,complementation,group
C85865: X-Linked Inherited Disorder	C94810: Inherited Bone Marrow Failure Syndrome,,2,0,inherit
C162484: Polymerase Proofreading Associated Polyposis	C3339: Familial Adenomatous Polyposis	C6729: Attenuated Familial Adenomatous Polyposis	C7754: Juvenile Polyposis Syndrome	C96520: MUTYH-Associated Polyposis,,5,0,polyposis
C153178: Nijmegen Breakage Syndrome-Like Disorder	C4692: Nijmegen Breakage Syndrome,,2,0,nijmegen,breakage
C6726: Lynch 2 Syndrome	C4690: Leukocyte Adhesion Deficiency Type 2	C40464: Turcot Syndrome Type 2	C75331: Tuberous Sclerosis 2	C3274: Neurofibromatosis Type 2,,5,0,two
C7757: DNA Repair Disorder	C130202: Constitutional Mismatch Repair Deficiency Syndrome,,2,0,repair
"C3969: Xeroderma Pigmentosum, Complementation Group G	C125708: Fanconi Anemia, Complementation Group G",,2,0,complementation,group,g
"C135726: Cockayne Syndrome Type B	C61238: Severe Combined Immunodeficiency with Absence of T and B Cells	C61239: Severe Combined Immunodeficiency with Absence of T, Normal B Cells	C3966: Xeroderma Pigmentosum, Complementation Group B	C125703: Fanconi Anemia, Complementation Group B",,5,0,b
C40464: Turcot Syndrome Type 2	C40463: Turcot Syndrome Type 1,C3938: Turcot Syndrome,2,1,turcot,syndrome,type
C123261: Familial Hypercalciuric Hypocalcemia	C123262: Familial Hypocalciuric Hypercalcemia	C123263: Familial Primary Hypomagnesemia	C3339: Familial Adenomatous Polyposis	C6729: Attenuated Familial Adenomatous Polyposis	C27264: Familial Atypical Mole Melanoma Syndrome	C94830: Familial Isolated Hyperparathyroidism	C48300: Familial Paraganglioma-Pheochromocytoma Syndrome	C120084: Familial Colorectal Cancer Type X,,9,0,family
"C156433: Trichothiodystrophy 1, Photosensitive	C6725: Lynch 1 Syndrome	C4689: Leukocyte Adhesion Deficiency Type 1	C40463: Turcot Syndrome Type 1	C75122: Tuberous Sclerosis 1	C3273: Neurofibromatosis Type 1",,6,0,one
"C114770: Xeroderma Pigmentosum, Complementation Group C	C114771: Xeroderma Pigmentosum, Complementation Group E	C3965: Xeroderma Pigmentosum, Complementation Group A	C3967: Xeroderma Pigmentosum, Complementation Group D	C3966: Xeroderma Pigmentosum, Complementation Group B	C3969: Xeroderma Pigmentosum, Complementation Group G	C3968: Xeroderma Pigmentosum, Complementation Group F	C125702: Fanconi Anemia, Complementation Group A	C125703: Fanconi Anemia, Complementation Group B	C125704: Fanconi Anemia, Complementation Group C	C125705: Fanconi Anemia, Complementation Group D1	C125706: Fanconi Anemia, Complementation Group D2	C125707: Fanconi Anemia, Complementation Group F	C125708: Fanconi Anemia, Complementation Group G	C125709: Fanconi Anemia, Complementation Group E	C129026: Fanconi Anemia, Complementation Group I	C129027: Fanconi Anemia, Complementation Group J",,17,0,complementation,group
C8494: Lynch Syndrome,,1,0,lynch
"C123212: Primary Hyperoxaluria Type I	C129026: Fanconi Anemia, Complementation Group I	C154314: Autosomal Recessive Cytochrome B-Positive Chronic Granulomatous Disease Type I",,3,0,i
C120083: Hereditary Nonpolyposis Colorectal Cancer	C8493: Hereditary Breast and Ovarian Cancer Syndrome	C51302: Hereditary Leiomyomatosis and Renal Cell Cancer,,3,0,cancer
"C103233: Cystic Fibrosis with Meconium Ileus	C61238: Severe Combined Immunodeficiency with Absence of T and B Cells	C61239: Severe Combined Immunodeficiency with Absence of T, Normal B Cells	C143014: Neurofibromatosis Type 1 with Inoperable, Progressive, Symptomatic Plexiform Neurofibromas",,4,0,with
C27871: Congenital Combined Immunodeficiency	C27872: Congenital T-Cell Immunodeficiency,,2,0,immunodeficiency
C27871: Congenital Combined Immunodeficiency,,1,0,combine,immunodeficiency
