Potential Subtype(s),Potential Supertype(s),# of Potential Subtype(s),# of Potential Supertype(s),If Inside the Given Hierarchy,Mapped Existing Concept,Newly Formalized Concepts
C3266: Hereditary Neoplastic Syndrome	C9460: Cockayne Syndrome	C27579: Hyperimmunoglobulin Syndrome	C2993: Down Syndrome	C3034: Fanconi Syndrome	C34760: Laurence-Moon Syndrome	C4692: Nijmegen Breakage Syndrome	C2941: Chediak-Higashi Syndrome	C2989: DiGeorge Syndrome	C3895: Bare Lymphocyte Syndrome	C61240: Omenn Syndrome,,11,0,outside hierarchy,"['C28193: Syndrome', 'C53799: Adverse Event Associated with Syndromes']",syndrome
"C27873: Congenital Disorder of Natural Immunity	C4461: Multiple Self Healing Epithelioma of Ferguson-Smith	C61238: Severe Combined Immunodeficiency with Absence of T and B Cells	C61239: Severe Combined Immunodeficiency with Absence of T, Normal B Cells",,4,0,outside hierarchy,"['C52602: TAF1 wt Allele', 'C52874: SPI1 wt Allele', 'C63527: BRIP1 wt Allele']",of
C34634: Congenital Leucocyte Abnormality	C27874: Leukocyte Adhesion Deficiency,,2,0,outside hierarchy,"['C12529: Leukocyte', 'C51948: Leukocyte Count', 'C67215: Percent in White Blood Count Differential']",leucocyte
C123260: Dent Disease	C34806: Maple Syrup Urine Disease	C26788: Chronic Granulomatous Disease,,3,0,outside hierarchy,['C2991: Disease or Disorder'],disease
"C3144: Hyperimmunoglobulin E Syndrome	C114771: Xeroderma Pigmentosum, Complementation Group E	C125709: Fanconi Anemia, Complementation Group E",,3,0,outside hierarchy,"['C103517: Epworth Sleepiness Scale Questionnaire', 'C4817: Ewing Sarcoma', 'C3714: Epithelioid Sarcoma', 'C17152: Spain', 'C38206: Endosinusial Route of Administration', 'C8973: Endometrioid Stromal Sarcoma', 'C67893: Exa', 'C68800: Elementary Charge', 'C75586: STS wt Allele']",e
C35064: Hereditary Hemorrhagic Telangiectasia	C2887: Ataxia Telangiectasia Syndrome,,2,0,outside hierarchy,"['C28194: Telangiectasia', 'C146740: Telangiectasia, CTCAE 5.0', 'C58017: Telangiectasia, CTCAE 3.0']",telangiectasia
C123158: Primary Hyperoxaluria	C123263: Familial Primary Hypomagnesemia,,2,0,outside hierarchy,['C25251: Primary'],primary
C157461: Glucagon Cell Hyperplasia and Neoplasia	C93268: Rhabdoid Tumor Predisposition Syndrome	C48287: Hyperparathyroidism-Jaw Tumor Syndrome,,3,0,outside hierarchy,"['C3262: Neoplasm', 'C88025: CDISC SEND Tumor Findings Results Terminology', 'C6283: Childhood Neoplasm', 'C98275: Tumor Mass']",neoplasm
C123262: Familial Hypocalciuric Hypercalcemia	C129734: Autosomal Recessive Infantile Hypercalcemia,,2,0,outside hierarchy,"['C3112: Hypercalcemia', 'C143551: Hypercalcemia, CTCAE']",hypercalcemia
C120113: Short Stature Homeobox Deficiency	C153467: PTEN Deficiency	C3964: Dihydrouracil Dehydrogenase Deficiency	C130202: Constitutional Mismatch Repair Deficiency Syndrome	C27874: Leukocyte Adhesion Deficiency	C162695: Severe Combined Immunodeficiency due to NHEJ1 Deficiency	C3962: Adenosine Deaminase Deficiency	C3963: Purine-Nucleoside Phosphorylase Deficiency	C126342: STAT3 Deficiency	C126343: DOCK8 Deficiency,,10,0,outside hierarchy,['C94372: Deficiency'],deficiency
C4690: Leukocyte Adhesion Deficiency Type 2	C40464: Turcot Syndrome Type 2	C3274: Neurofibromatosis Type 2,,3,0,outside hierarchy,['C125395: Bristol Stool Type 2'],type,two
C5183: Hereditary Multiple Exostoses	C4461: Multiple Self Healing Epithelioma of Ferguson-Smith,,2,0,outside hierarchy,"['C107221: Several', 'C17648: Multiple', 'C78728: Many', 'C160235: Many Tumor Infiltrating Lymphocytes']",many
"C123212: Primary Hyperoxaluria Type I	C123213: Primary Hyperoxaluria Type II	C123214: Primary Hyperoxaluria Type III	C135725: Cockayne Syndrome Type A	C135726: Cockayne Syndrome Type B	C120084: Familial Colorectal Cancer Type X	C162694: Severe Combined Immunodeficiency, Athabascan Type	C141367: Xeroderma Pigmentosum Variant Type	C154314: Autosomal Recessive Cytochrome B-Positive Chronic Granulomatous Disease Type I	C154615: Leukocyte Adhesion Deficiency Type 3	C4689: Leukocyte Adhesion Deficiency Type 1	C4690: Leukocyte Adhesion Deficiency Type 2	C40464: Turcot Syndrome Type 2	C40463: Turcot Syndrome Type 1	C3273: Neurofibromatosis Type 1	C3274: Neurofibromatosis Type 2",,16,0,outside hierarchy,"['C25284: Type', 'C43642: Kind', 'C159133: GDC Type Terminology']",type
C3101: Genetic Disorder,,1,0,outside hierarchy,['C2991: Disease or Disorder'],disorder
C157461: Glucagon Cell Hyperplasia and Neoplasia	C8493: Hereditary Breast and Ovarian Cancer Syndrome	C51302: Hereditary Leiomyomatosis and Renal Cell Cancer	C61238: Severe Combined Immunodeficiency with Absence of T and B Cells,,4,0,outside hierarchy,"['C16289: Andorra', 'C37912: And', 'C45768: AD Term Type', 'C49563: Analysis Dataset Domain', 'C64643: Up to', 'C95816: Address Data Type']",andorra
C3266: Hereditary Neoplastic Syndrome	C35064: Hereditary Hemorrhagic Telangiectasia,,2,0,outside hierarchy,['C27998: Hereditary'],hereditary
C27871: Congenital Combined Immunodeficiency	C27873: Congenital Disorder of Natural Immunity	C27872: Congenital T-Cell Immunodeficiency	C34634: Congenital Leucocyte Abnormality	C61236: Congenital Pure Red Cell Aplasia,,5,0,outside hierarchy,['C99210: Congenital'],congenital
C4689: Leukocyte Adhesion Deficiency Type 1	C40463: Turcot Syndrome Type 1	C3273: Neurofibromatosis Type 1,,3,0,outside hierarchy,['C125394: Bristol Stool Type 1'],type,one
"C157461: Glucagon Cell Hyperplasia and Neoplasia	C51302: Hereditary Leiomyomatosis and Renal Cell Cancer	C61236: Congenital Pure Red Cell Aplasia	C2892: Nevoid Basal Cell Carcinoma Syndrome	C61238: Severe Combined Immunodeficiency with Absence of T and B Cells	C61239: Severe Combined Immunodeficiency with Absence of T, Normal B Cells",,6,0,outside hierarchy,"['C12508: Cell', 'C48694: Cell', 'C48938: Cell Count', 'C111153: Cellularity Measurement', 'C49867: Cell Device', 'C60787: Cellular Telephone']",cell
"C135725: Cockayne Syndrome Type A	C3965: Xeroderma Pigmentosum, Complementation Group A	C125702: Fanconi Anemia, Complementation Group A",,3,0,outside hierarchy,"['C64938: As', 'C17739: American Samoa', 'C118541: ASS1 wt Allele', 'C147305: Arsenic Measurement', 'C29848: Year', 'C158993: GDC AJCC Staging System Edition Terminology', 'C28131: Arsenic', 'C37348: A Mouse', 'C42536: Ampere', 'C67903: Atto', 'C68867: Acre', 'C71215: Angstrom', 'C71344: Associate of Science', 'C74924: Per Year', 'C75436: UBE3A wt Allele']",a
C129734: Autosomal Recessive Infantile Hypercalcemia	C85866: Autosomal Recessive Disorder	C98829: Autosomal Dominant Disorder	C154314: Autosomal Recessive Cytochrome B-Positive Chronic Granulomatous Disease Type I,,4,0,outside hierarchy,['C32168: Autosome'],autosome
C120083: Hereditary Nonpolyposis Colorectal Cancer,,1,0,outside hierarchy,"['C91466: Colorectal Cancer Pathway', 'C103063: NCI CTEP SDC Colorectal Cancer Sub-Category Terminology', 'C2955: Colorectal Carcinoma']",colorectal,cancer
C120113: Short Stature Homeobox Deficiency	C92206: Short Limb Dwarfism-Saddle Nose-Spinal Alterations-Metaphyseal Striation Syndrome,,2,0,outside hierarchy,"['C25249: Short', 'C73939: Short']",short
C129734: Autosomal Recessive Infantile Hypercalcemia	C85866: Autosomal Recessive Disorder	C154314: Autosomal Recessive Cytochrome B-Positive Chronic Granulomatous Disease Type I,,3,0,outside hierarchy,['C94246: Autosomal Recessive Inheritance'],autosome,recessive
C85865: X-Linked Inherited Disorder	C94810: Inherited Bone Marrow Failure Syndrome,,2,0,outside hierarchy,['C28018: Inherited'],inherit
C162484: Polymerase Proofreading Associated Polyposis	C3339: Familial Adenomatous Polyposis	C6729: Attenuated Familial Adenomatous Polyposis	C7754: Juvenile Polyposis Syndrome	C96520: MUTYH-Associated Polyposis,,5,0,outside hierarchy,['C4089: Polyposis'],polyposis
C6726: Lynch 2 Syndrome	C4690: Leukocyte Adhesion Deficiency Type 2	C40464: Turcot Syndrome Type 2	C75331: Tuberous Sclerosis 2	C3274: Neurofibromatosis Type 2,,5,0,outside hierarchy,"['C66833: Two', 'C136415: PSA Level Less than Two', 'C137993: Gleason Grade Group 2', 'C15601: Phase II Trial', 'C159769: Two Full Term Pregnancies', 'C159936: Intensity and Distress 2', 'C41339: Moderate Adverse Event', 'C84264: Moderate Adverse Event', 'C85526: 2+ Score', 'C88128: 2+ Score, WHO']",two
C7757: DNA Repair Disorder	C130202: Constitutional Mismatch Repair Deficiency Syndrome,,2,0,outside hierarchy,['C53611: Repair'],repair
"C135726: Cockayne Syndrome Type B	C61238: Severe Combined Immunodeficiency with Absence of T and B Cells	C61239: Severe Combined Immunodeficiency with Absence of T, Normal B Cells	C3966: Xeroderma Pigmentosum, Complementation Group B	C125703: Fanconi Anemia, Complementation Group B",,5,0,outside hierarchy,"['C111137: Biospecimen Domain', 'C120354: Bug Search Subtest (WPPSI-IV)', 'C122234: Black Swiss Mouse', 'C126547: GP1BA wt Allele', 'C16321: Bahamas', 'C49406: BLM wt Allele', 'C61481: Boron', 'C68866: Barn', 'C71200: Bel', 'C71351: Bachelor of Science']",b
C123261: Familial Hypercalciuric Hypocalcemia	C123262: Familial Hypocalciuric Hypercalcemia	C123263: Familial Primary Hypomagnesemia	C3339: Familial Adenomatous Polyposis	C6729: Attenuated Familial Adenomatous Polyposis	C27264: Familial Atypical Mole Melanoma Syndrome	C94830: Familial Isolated Hyperparathyroidism	C48300: Familial Paraganglioma-Pheochromocytoma Syndrome	C120084: Familial Colorectal Cancer Type X,,9,0,outside hierarchy,"['C25173: Family', 'C45290: Family', 'C79273: Family Collection']",family
"C156433: Trichothiodystrophy 1, Photosensitive	C6725: Lynch 1 Syndrome	C4689: Leukocyte Adhesion Deficiency Type 1	C40463: Turcot Syndrome Type 1	C75122: Tuberous Sclerosis 1	C3273: Neurofibromatosis Type 1",,6,0,outside hierarchy,"['C66832: One', 'C136548: Neck Pain Score 1', 'C137992: Gleason Grade Group 1', 'C15600: Phase I Trial', 'C158695: One Hundred Percent', 'C159768: One Full Term Pregnancy', 'C159935: Intensity and Distress 1', 'C41338: Mild Adverse Event', 'C50894: NOS1 wt Allele', 'C85525: 1+ Score', 'C88126: 1+ Score, WHO']",one
"C123212: Primary Hyperoxaluria Type I	C129026: Fanconi Anemia, Complementation Group I	C154314: Autosomal Recessive Cytochrome B-Positive Chronic Granulomatous Disease Type I",,3,0,outside hierarchy,"['C68869: Are', 'C89327: Be', 'C101224: Bonaire, Sint Eustatius and Saba', 'C111138: Biospecimen Events Domain', 'C112320: Immunogenicity Specimen Assessments Domain', 'C113265: ADM wt Allele', 'C118689: Idiopathic Short Stature', 'C119671: ATF7IP wt Allele', 'C127877: International Scale for BCR-ABL1 Measurement', 'C127914: TWIST2 wt Allele', 'C133414: Pathologic Stage I Esophageal Adenocarcinoma AJCC v8', 'C134745: Stage I Hilar Cholangiocarcinoma AJCC v8', 'C134757: Stage I Intrahepatic Cholangiocarcinoma AJCC v8', 'C134813: Stage I Distal Bile Duct Cancer AJCC v8', 'C135452: Accelerator Mass Spectrometry', 'C13662: Androgen Response Element', 'C139734: Stage I Cervical Cancer AJCC v8', 'C140164: Stage I Prostate Cancer AJCC v8', 'C140419: Stage I Bladder Cancer AJCC v8', 'C140977: Stage I Thyroid Gland Papillary Carcinoma AJCC v8', 'C154196: Washo Language', 'C2891: Barrett Esophagus', 'C159060: GDC ISS Stage Terminology', 'C16306: Armenia', 'C16329: Belgium', 'C16704: Iceland', 'C17232: United Arab Emirates', 'C229: Americium', 'C43236: WAS Gene', 'C43238: Wiskott-Aldrich Syndrome Protein', 'C44338: Beryllium', 'C450: DNA Insertion Elements', 'C48500: Inch', 'C5577: Stage I Uveal Melanoma AJCC v7', 'C594: Iodine', 'C68254: Dietary Iodine', 'C68255: Iodide', 'C71212: Attometer', 'C71347: Bachelor of Engineering', 'C94812: Clark Level I']",i
C120083: Hereditary Nonpolyposis Colorectal Cancer	C8493: Hereditary Breast and Ovarian Cancer Syndrome	C51302: Hereditary Leiomyomatosis and Renal Cell Cancer,,3,0,outside hierarchy,['C9305: Malignant Neoplasm'],cancer
"C103233: Cystic Fibrosis with Meconium Ileus	C61238: Severe Combined Immunodeficiency with Absence of T and B Cells	C61239: Severe Combined Immunodeficiency with Absence of T, Normal B Cells	C143014: Neurofibromatosis Type 1 with Inoperable, Progressive, Symptomatic Plexiform Neurofibromas",,4,0,outside hierarchy,['C62355: With'],with
C27871: Congenital Combined Immunodeficiency	C27872: Congenital T-Cell Immunodeficiency,,2,0,outside hierarchy,"['C39725: Immunodeficiency', 'C3131: Immunodeficiency Syndrome']",immunodeficiency
