Potential Subtype(s),Potential Supertype(s),# of Potential Subtype(s),# of Potential Supertype(s),If Inside the Given Hierarchy,Mapped Existing Concept,Newly Formalized Concepts
C40401: Breast Hamartoma,,1,0,outside hierarchy,['C12971: Breast'],breast
C45746: Hamartoma of Mature Cardiac Myocytes	C3942: Fibrous Hamartoma of Infancy	C36205: Peutz-Jeghers Polyp of the Stomach	C7755: Peutz-Jeghers Polyp of the Small Intestine	C96052: Juvenile Polyp of the Small Intestine,,5,0,outside hierarchy,"['C52602: TAF1 wt Allele', 'C52874: SPI1 wt Allele', 'C63527: BRIP1 wt Allele']",of
C36206: Small Intestinal Hamartoma,,1,0,outside hierarchy,"['C25376: Small', 'C75908: Smallest']",small
C3924: Becker Nevus	C4678: Organoid Nevus	C8371: Connective Tissue Nevus	C3074: Hairy Nevus	C3946: Nevus Comedonicus	C4749: Basal Cell Nevus with Comedones	C4740: Porokeratotic Eccrine Ostial and Dermal Duct Nevus,,7,0,outside hierarchy,['C7570: Melanocytic Nevus'],nevus
C8372: Hamartomatous Polyp,,1,0,outside hierarchy,['C3340: Polyp'],polyp
C40425: Congenital Hamartoma,,1,0,outside hierarchy,['C99210: Congenital'],congenital
C96474: Colorectal Hamartoma,,1,0,outside hierarchy,['C13363: Colorectal'],colorectal
C4373: Gastric Hamartomatous Polyp,,1,0,outside hierarchy,"['C12391: Stomach', 'C13307: Gastric']",stomach
C4706: Circumscribed Storiform Collagenoma	C4707: Eruptive Collagenoma,,2,0,inside sysnonym,['C8371: Connective Tissue Nevus'],collagenoma
C7755: Peutz-Jeghers Polyp of the Small Intestine	C96052: Juvenile Polyp of the Small Intestine,,2,0,inside sysnonym,['C36206: Small Intestinal Hamartoma'],polyp,of,the,small,intestine
