Potential Subtype(s),Potential Supertype(s),# of Potential Subtype(s),# of Potential Supertype(s),Newly Formalized Concepts
C5564: Eccrine Sweat Gland Hamartoma	C5563: Apocrine Sweat Gland Hamartoma,C3075: Hamartoma,2,1,sweat,gland,hamartoma
C40401: Breast Hamartoma,,1,0,breast
C45746: Hamartoma of Mature Cardiac Myocytes	C3942: Fibrous Hamartoma of Infancy,C3075: Hamartoma,2,1,hamartoma,of
C45746: Hamartoma of Mature Cardiac Myocytes	C3942: Fibrous Hamartoma of Infancy	C36205: Peutz-Jeghers Polyp of the Stomach	C7755: Peutz-Jeghers Polyp of the Small Intestine	C96052: Juvenile Polyp of the Small Intestine,,5,0,of
C36206: Small Intestinal Hamartoma,,1,0,small
C3924: Becker Nevus	C4678: Organoid Nevus	C8371: Connective Tissue Nevus	C3074: Hairy Nevus	C3946: Nevus Comedonicus	C4749: Basal Cell Nevus with Comedones	C4740: Porokeratotic Eccrine Ostial and Dermal Duct Nevus,,7,0,nevus
C8372: Hamartomatous Polyp,,1,0,polyp
C40425: Congenital Hamartoma,,1,0,congenital
C96474: Colorectal Hamartoma,,1,0,colorectal
C5564: Eccrine Sweat Gland Hamartoma,,1,0,eccrine
C122985: Nasal Chondromesenchymal Hamartoma	C53973: Chest Wall Chondromesenchymal Hamartoma,C3075: Hamartoma,2,1,chondromesenchymal,hamartoma
C36205: Peutz-Jeghers Polyp of the Stomach	C7755: Peutz-Jeghers Polyp of the Small Intestine,C4733: Peutz-Jeghers Polyp,2,1,jeghers peutz,polyp,of,the
C36205: Peutz-Jeghers Polyp of the Stomach	C7755: Peutz-Jeghers Polyp of the Small Intestine	C96052: Juvenile Polyp of the Small Intestine,,3,0,polyp,of,the
C4373: Gastric Hamartomatous Polyp,,1,0,stomach
C4706: Circumscribed Storiform Collagenoma	C4707: Eruptive Collagenoma,,2,0,collagenoma
C7755: Peutz-Jeghers Polyp of the Small Intestine	C96052: Juvenile Polyp of the Small Intestine,,2,0,polyp,of,the,small,intestine
