Potential Subtype(s),Potential Supertype(s),# of Potential Subtype(s),# of Potential Supertype(s),If Inside the Given Hierarchy,Mapped Existing Concept,Newly Formalized Concepts
C40387: Intraductal Breast Myoepitheliosis	C40386: Atypical Breast Myoepitheliosis,,2,0,outside hierarchy,['C40385: Breast Myoepitheliosis'],breast,myoepitheliosi
C27879: Papillary Urothelial Hyperplasia	C5200: Papillary Ductal Breast Hyperplasia,,2,0,outside hierarchy,['C14166: Papillary'],papillary
C97081: Diffuse Hyperplasia	C127933: Diffuse Laminar Endocervical Hyperplasia	C35407: Diffuse C-Cell Hyperplasia,,3,0,outside hierarchy,"['C14175: Diffuse', 'C9159: Gastric Diffuse Adenocarcinoma']",diffuse
C127935: Cervical Mesonephric Remnants and Hyperplasia	C127931: Cervical Microglandular Hyperplasia,,2,0,outside hierarchy,"['C13063: Neck', 'C12844: Cervical', 'C12336: Bladder Neck', 'C158551: Neck of the Pancreas']",neck
C2897: Benign Prostatic Hyperplasia	C5595: Prostatic Atypical Adenomatous Hyperplasia,,2,0,outside hierarchy,['C27959: Prostatic'],prostatic
C8355: Atypical Hyperplasia	C40157: Endometrial Hyperplasia without Atypia,,2,0,outside hierarchy,"['C9478: Atypia', 'C25428: Atypical']",atypia
C26458: Intraductal Hyperplasia,,1,0,outside hierarchy,['C38240: Intraductal Route of Administration'],intraductal
C127932: Lobular Endocervical Glandular Hyperplasia	C127933: Diffuse Laminar Endocervical Hyperplasia,,2,0,outside hierarchy,"['C12309: Endocervix', 'C149484: Endocervical', 'C159624: Endocervix Tumor', 'C38205: Endocervical Route of Administration']",endocervix
C2897: Benign Prostatic Hyperplasia	C97078: Benign Lymphoid Hyperplasia,,2,0,outside hierarchy,['C14172: Benign'],benign
C35560: Complex Endometrial Hyperplasia with Atypia	C6991: Simple Endometrial Hyperplasia with Atypia,C3013: Endometrial Hyperplasia,2,1,inside sysnonym,['C4654: Atypical Endometrial Hyperplasia'],endometrial,hyperplasia,with,atypia
C4804: Breast Hyperplasia,,1,0,outside hierarchy,['C12971: Breast'],breast
C35408: Adrenal Hyperplasia,,1,0,outside hierarchy,"['C12666: Adrenal Gland', 'C473: Therapeutic Epinephrine']",adrenal
C127932: Lobular Endocervical Glandular Hyperplasia	C4730: Atypical Lobular Breast Hyperplasia,,2,0,outside hierarchy,['C25557: Lobular'],lobular
C3989: Parathyroid Hyperplasia,,1,0,outside hierarchy,['C12765: Parathyroid Gland'],parathyroid
