Potential Subtype(s),Potential Supertype(s),# of Potential Subtype(s),# of Potential Supertype(s),Newly Formalized Concepts
C40387: Intraductal Breast Myoepitheliosis	C40386: Atypical Breast Myoepitheliosis,,2,0,breast,myoepitheliosi
C27879: Papillary Urothelial Hyperplasia	C5200: Papillary Ductal Breast Hyperplasia,,2,0,papillary
C120169: Neuroendocrine Cell Hyperplasia of Infancy	C5195: Atypical Hyperplasia of the Breast	C54183: Columnar Cell Hyperplasia of the Breast,C3113: Hyperplasia,3,1,hyperplasia,of
C97081: Diffuse Hyperplasia	C127933: Diffuse Laminar Endocervical Hyperplasia	C35407: Diffuse C-Cell Hyperplasia,,3,0,diffuse
C127935: Cervical Mesonephric Remnants and Hyperplasia	C127931: Cervical Microglandular Hyperplasia,,2,0,neck
C2897: Benign Prostatic Hyperplasia	C5595: Prostatic Atypical Adenomatous Hyperplasia,,2,0,prostatic
C8355: Atypical Hyperplasia	C40157: Endometrial Hyperplasia without Atypia,,2,0,atypia
C26458: Intraductal Hyperplasia,,1,0,intraductal
C40117: Tubal Epithelial Hyperplasia	C126461: Tubal Hyperplasia,,2,0,tubal
C127932: Lobular Endocervical Glandular Hyperplasia	C127933: Diffuse Laminar Endocervical Hyperplasia,,2,0,endocervix
C120169: Neuroendocrine Cell Hyperplasia of Infancy	C54183: Columnar Cell Hyperplasia of the Breast,C3113: Hyperplasia,2,1,cell,hyperplasia,of
C2897: Benign Prostatic Hyperplasia	C97078: Benign Lymphoid Hyperplasia,,2,0,benign
C5665: Atypical Adenomatous Lung Hyperplasia	C5595: Prostatic Atypical Adenomatous Hyperplasia,,2,0,atypia,adenomatous
C35560: Complex Endometrial Hyperplasia with Atypia	C6991: Simple Endometrial Hyperplasia with Atypia,C3013: Endometrial Hyperplasia,2,1,endometrial,hyperplasia,with,atypia
C4804: Breast Hyperplasia,,1,0,breast
C35408: Adrenal Hyperplasia,,1,0,adrenal
C5195: Atypical Hyperplasia of the Breast	C54183: Columnar Cell Hyperplasia of the Breast,C3113: Hyperplasia,2,1,hyperplasia,of,the,breast
C120169: Neuroendocrine Cell Hyperplasia of Infancy	C157458: Islet Glucagon Cell Hyperplasia	C35845: Basal Cell Hyperplasia	C6032: Parathyroid Chief Cell Hyperplasia	C6033: Parathyroid Clear Cell Hyperplasia	C54183: Columnar Cell Hyperplasia of the Breast,C3113: Hyperplasia,6,1,cell,hyperplasia
C63796: Verumontanum Mucosal Gland Hyperplasia	C63929: Utricle-Associated Mucosal Gland Hyperplasia,C82995: Glandular Hyperplasia,2,1,mucosa,gland,hyperplasia
C54184: Columnar Cell Hyperplasia of the Breast with Atypia	C35560: Complex Endometrial Hyperplasia with Atypia	C6991: Simple Endometrial Hyperplasia with Atypia,,3,0,with,atypia
C127932: Lobular Endocervical Glandular Hyperplasia	C4730: Atypical Lobular Breast Hyperplasia,,2,0,lobular
C3989: Parathyroid Hyperplasia,,1,0,parathyroid
C40117: Tubal Epithelial Hyperplasia	C97083: Focal Epithelial Hyperplasia	C97079: Bronchial Epithelial Hyperplasia,C3113: Hyperplasia,3,1,epithelial,hyperplasia
C127935: Cervical Mesonephric Remnants and Hyperplasia	C35856: Mesonephric Hyperplasia,,2,0,mesonephric
