Potential Subtype(s),Potential Supertype(s),# of Potential Subtype(s),# of Potential Supertype(s),Supporting Path,Semantic Type(s) of Potential Subtype(s),Semantic Type(s) of Mapped CUI,Mapped Atoms,Newly Formalized Concepts
C3798: Malignant Peripheral Nerve Sheath Tumor,C4972: Nerve Sheath Neoplasm,1,1,,Neoplastic Process,Neoplastic Process,"['(A6316558, MTH)--C0751689: Peripheral Nerve Sheath Neoplasm', '(A7798724, MSH)--C0751689: Peripheral Nerve Sheath Tumors', '(A18698276, CHV)--C0751689: peripheral nerve sheath tumors', '(A18661312, CHV)--C0751689: peripheral nerve sheath tumor', '(A23100660, SNOMEDCT_VET)--C0751689: Peripheral nerve sheath tumor']",peripheral,nerve,sheath,neoplasm
C6533: Fibrous Synovial Sarcoma	C8964: Synovial Neoplasm	C40279: Malignant Vaginal Mixed Tumor Resembling Synovial Sarcoma	C3400: Synovial Sarcoma,,4,0,,Neoplastic Process,"Body Part, Organ, or Organ Component","['(A8315539, HL7V2.5)--C1550315: Synovial']",synovial
C118828: Orbital Melanoma	C156276: Orbital Alveolar Soft Part Sarcoma,,2,0,,Neoplastic Process,Molecular Function* Spatial Concept,"['(A1395828, AOD)--C0684285: orbitals', '(A1024728, RCD)--C0699036: Orbital', '(A1024729, SNMI)--C0699036: Orbital', '(A3174495, SNOMEDCT_US)--C0699036: Orbital', '(A18697270, CHV)--C0699036: orbital']",orbital
"C45602: Lung Mixed Squamous Cell and Glandular Papilloma	C3792: Squamous Cell Neoplasm	C158620: Endometrioid Tumor, Variant with Squamous Differentiation	C7112: Squamous Odontogenic Tumor	C9009: Squamous Papillomatosis	C6254: Stage IIA Nasopharyngeal Keratinizing Squamous Cell Carcinoma	C6255: Stage IIB Nasopharyngeal Keratinizing Squamous Cell Carcinoma	C4200: Adenocarcinoma with Squamous Metaplasia	C6156: Infiltrating Ureter Urothelial Carcinoma with Squamous Differentiation	C9423: Combined Lung Small Cell and Squamous Cell Carcinoma	C6735: Stage IVB Esophageal Squamous Cell Carcinoma	C6736: Stage IVA Esophageal Squamous Cell Carcinoma	C39816: Infiltrating Bladder Urothelial Carcinoma with Squamous Differentiation	C39998: Ovarian Dermoid Cyst with Squamous Cell Carcinoma	C43347: Ductal Eccrine Carcinoma with Squamous Metaplasia",,15,0,,Neoplastic Process,Qualitative Concept,"['(A18207959, LNC)--C1182670: Squamous', '(A2667029, UWDA)--C1182670: Squamous', '(A15444405, FMA)--C1182670: Squamous', '(A18663193, CHV)--C1182670: squamous']",squamous
C3361: Salivary Gland Neoplasm	C45922: Pituitary Gland Neoplasm (Antiquated)	C3414: Thyroid Gland Neoplasm	C3313: Parathyroid Gland Neoplasm	C2859: Adrenal Gland Neoplasm	C3363: Sebaceous Gland Neoplasm	C3398: Sweat Gland Neoplasm	C4360: Lacrimal Gland Neoplasm	C40292: Vulvar Glandular Neoplasm	C40210: Cervical Glandular Neoplasm	C40250: Vaginal Glandular Neoplasm	C4378: Accessory Urethral Gland Neoplasm	C3330: Pituitary Gland Neoplasm	C6434: Bartholin Gland Neoplasm,C3262: Neoplasm,14,1,,Neoplastic Process,Neoplastic Process,"['(A26668648, MSH)--C0205854: Glandular Neoplasms', '(A0360156, MSH)--C0205854: Glandular Neoplasm']",gland,neoplasm
C158965: Light and Heavy Chain Deposition Disease	C7339: Heavy Chain Deposition Disease	C3082: Heavy Chain Disease	C37201: Chronic Lymphocytic Leukemia/Small Lymphocytic Lymphoma with Immunoglobulin Heavy Chain Variable-Region Gene Somatic Hypermutation	C37204: Chronic Lymphocytic Leukemia/Small Lymphocytic Lymphoma with Unmutated Immunoglobulin Heavy Chain Variable-Region Gene,,5,0,,Neoplastic Process,Gene or Genome,"['(A20710419, HGNC)--C1420192: heavy chain']",heavy,chain
C95989: Ampulla of Vater Gangliocytic Paraganglioma	C5325: Intestinal Gangliocytic Paraganglioma,C3308: Paraganglioma,2,1,"['C3272485', 'C1334235', 'C0030422', 'C0030421']",Neoplastic Process,Neoplastic Process,"['(A0707027, ICD10AM)--C0030421: Gangliocytic paraganglioma', '(A0707028, RCD)--C0030421: Gangliocytic paraganglioma', '(A0707030, SNMI)--C0030421: Gangliocytic paraganglioma', '(A3024797, SNOMEDCT_US)--C0030421: Gangliocytic paraganglioma', '(A3024796, SNOMEDCT_US)--C0030421: Gangliocytic paraganglioma', '(A24068610, MEDCIN)--C0030421: gangliocytic paraganglioma', '(A0360308, MSH)--C0030421: Gangliocytic Paragangliomas', '(A0360307, MSH)--C0030421: Gangliocytic Paraganglioma']",gangliocytic,paraganglioma
"C9294: Histiocytic and Dendritic Cell Neoplasm	C7203: Blastic Plasmacytoid Dendritic Cell Neoplasm	C27260: Dendritic Cell Tumor, Not Otherwise Specified",C3262: Neoplasm,3,1,"['C1301364', 'C1260326', 'C1531553']",Neoplastic Process,Neoplastic Process,"['(A28908217, SNOMEDCT_US)--C1531553: Dendritic cell neoplasm', '(A7876700, SNOMEDCT_US)--C1531553: Dendritic cell neoplasm']",dendrite,cell,neoplasm
C154324: Nasal Cavity and Paranasal Sinus Poorly Differentiated Carcinoma	C126750: Oropharyngeal Poorly Differentiated Carcinoma,C2916: Carcinoma,2,1,,Neoplastic Process,Neoplastic Process,"['(A24084821, SNOMEDCT_US)--C0741899: Poorly differentiated carcinoma', '(A18586581, CHV)--C0741899: poorly differentiated carcinoma']",poorly,differentiate,carcinoma
C4226: Balloon Cell Nevus	C4751: Pigmented Spindle Cell Nevus	C66757: Epithelioid Cell Nevus	C66758: Spindle Cell Nevus,,4,0,,Neoplastic Process,Neoplastic Process,"['(A0670132, RCDAE)--C0206737: Cellular nevus', '(A3005254, SNOMEDCT_US)--C0206737: Cellular nevus', '(A0670130, RCD)--C0206737: Cellular naevus', '(A3005252, SNOMEDCT_US)--C0206737: Cellular naevus', '(A18570090, CHV)--C1142274: cells nevus', '(A18607337, CHV)--C1142274: cell nevus']",cell,nevus
C4403: Benign Hard Palate Neoplasm	C3528: Malignant Hard Palate Neoplasm,C4402: Palate Neoplasm,2,1,"['C0345552', 'C0345548']",Neoplastic Process,Neoplastic Process,"['(A25713572, MDR)--C0345548: Hard palate neoplasm', '(A18581896, CHV)--C0345548: hard palate tumors', '(A18656313, CHV)--C0345548: hard palate tumor']",hard,palate,neoplasm
C158616: Borderline Ovarian Mixed Epithelial Tumor/Atypical Proliferative Ovarian Mixed Epithelial Tumor	C40024: Primary Peritoneal Serous Borderline Tumor/ Primary Peritoneal Atypical Proliferative Serous Tumor	C159313: Borderline Ovarian Seromucinous Tumor/Atypical Proliferative Ovarian Seromucinous Tumor with Microinvasion	C7983: Borderline Ovarian Endometrioid Tumor/Atypical Proliferative Ovarian Endometrioid Tumor	C126469: Serous Borderline Broad Ligament Tumor/Atypical Proliferative Serous Broad Ligament Tumor	C40107: Borderline Fallopian Tube Serous Tumor/Atypical Proliferative Serous Tumor	C27942: Intraductal Proliferative Lesion of the Breast	C122584: Borderline Ovarian Serous Tumor/Atypical Proliferative Ovarian Serous Tumor	C122586: Borderline Ovarian Mucinous Tumor/Atypical Proliferative Ovarian Mucinous Tumor	C9459: Borderline Ovarian Brenner Tumor/Atypical Proliferative Ovarian Brenner Tumor	C66755: Proliferative Dermal Lesion in Congenital Nevus	C121154: Proliferative Myositis	C4728: Proliferative Fasciitis	C159486: Borderline Ovarian Endometrioid Tumor/Atypical Proliferative Ovarian Endometrioid Tumor with Microinvasion	C159311: Borderline Ovarian Mucinous Tumor/Atypical Proliferative Ovarian Mucinous Tumor with Microinvasion	C40027: Borderline Ovarian Serous Tumor/Atypical Proliferative Ovarian Serous Tumor with Microinvasion	C126308: Borderline Ovarian Clear Cell Tumor/Atypical Proliferative Ovarian Clear Cell Tumor,,17,0,,Neoplastic Process* Disease or Syndrome,Pathologic Function,"['(A18692940, CHV)--C0334094: proliferative', '(A0777404, SNMI)--C0334094: Proliferative']",proliferative
C65151: Non-Small Cell Carcinoma,,1,0,,Neoplastic Process,Qualitative Concept,"['(A1012411, RCD)--C0445128: Non-small cell', '(A3163808, SNOMEDCT_US)--C0445128: Non-small cell', '(A18676250, CHV)--C0445128: non-small cell']",non small,cell
"C27808: Hodgkin's Disease, Nodular Sclerosis, Lymphocyte Depletion	C66846: Hodgkin's Disease, Lymphocyte Depletion, Diffuse Fibrosis	C66847: Hodgkin's Disease, Lymphocyte Depletion, Reticular",,3,0,,Neoplastic Process,Therapeutic or Preventive Procedure,"['(A0081644, MSH)--C0024257: Lymphocyte Depletion', '(A18629718, CHV)--C0024257: lymphocyte depletion', '(A3545798, SNOMEDCT_US)--C0024257: Lymphocyte depletion']",lymphocyte,depletion
C133091: Lung Adenofibroma	C39812: Metanephric Adenofibroma	C8984: Female Reproductive System Adenofibroma	C96826: Biliary Adenofibroma,,4,0,,Neoplastic Process,Neoplastic Process,"['(A0019792, MSH)--C0001422: Adenofibroma', '(A0019793, RCD)--C0001422: Adenofibroma', '(A0019794, SNM)--C0001422: Adenofibroma', '(A25732714, MDR)--C0001422: Adenofibroma', '(A2878124, SNOMEDCT_US)--C0001422: Adenofibroma', '(A19655523, MTH)--C0001422: Adenofibroma', '(A18626849, CHV)--C0001422: adenofibroma', '(A0019795, MSH)--C0001422: Adenofibromas', '(A18626850, CHV)--C0001422: adenofibromas']",adenofibroma
C5180: Malignant Breast Eccrine Spiradenoma	C5193: Benign Breast Eccrine Spiradenoma	C4173: Papillary Eccrine Adenoma	C43344: Carcinoma ex Eccrine Spiradenoma	C6796: Eccrine Neoplasm,,5,0,,Neoplastic Process,Functional Concept,"['(A1305944, CSP)--C0599513: eccrine', '(A18641103, CHV)--C0599513: eccrine']",eccrine
C96830: Calcifying Nested Epithelial Stromal Tumor of the Liver	C96847: Extrarenal Rhabdoid Tumor of the Liver,C3262: Neoplasm,2,1,"['C3273067', 'C2945767', 'C0024620', 'C0345904', 'C0023903']",Neoplastic Process,Neoplastic Process,"['(A24680085, HPO)--C0023903: Neoplasm of the liver']",neoplasm,of,the,liver
C27940: Gastrointestinal Autonomic Nerve Tumor	C2963: Cranial Nerve Neoplasm,C3262: Neoplasm,2,1,,Neoplastic Process,Neoplastic Process,"['(A27333108, HPO)--C0027858: Nerve tumor']",nerve,neoplasm
C8422: Ossifying Fibroma	C66774: Ossifying Renal Tumor of Infancy	C6582: Ossifying Fibromyxoid Tumor,,3,0,,Neoplastic Process,Functional Concept,"['(A18616374, CHV)--C0231556: ossified', '(A0441501, SNMI)--C0231556: Ossified', '(A18635059, CHV)--C0231556: ossifying', '(A18616375, CHV)--C0231556: ossify']",ossify
"C136710: Lung Enteric Adenocarcinoma	C39835: Bladder Enteric Type Adenocarcinoma	C39932: Testicular Yolk Sac Tumor, Enteric Pattern",,3,0,,Neoplastic Process,Spatial Concept,"['(A0929112, SNMI)--C1304890: Enteric', '(A18608073, CHV)--C1304890: enteric']",enteric
"C39674: Anaplastic Large Cell Lymphoma, Giant Cell Rich Subtype	C39943: Testicular Sertoli Cell Tumor, Lipid Rich Variant",,2,0,,Neoplastic Process,Qualitative Concept,"['(A0785383, RCD)--C0699759: Rich', '(A0785384, SNMI)--C0699759: Rich', '(A3064957, SNOMEDCT_US)--C0699759: Rich', '(A18641765, CHV)--C0699759: rich']",rich
C130950: Posterior Cranial Fossa Neoplasm	C5286: Anterior Cranial Fossa Meningioma	C5586: Middle Cranial Fossa Meningioma,,3,0,,Neoplastic Process,Body Location or Region,"['(A0908802, RCD)--C0230042: Cranial fossa', '(A27024930, FMA)--C0230042: Cranial fossa', '(A18597725, CHV)--C0230042: cranial fossa']",cranial,fossa
C45626: Type I Pleuropulmonary Blastoma	C40145: Type I Endometrial Adenocarcinoma	C41842: Gliomatosis Cerebri Type I,,3,0,,Neoplastic Process,Classification,"['(A1109141, RCD)--C0441729: Type I', '(A27144937, LNC)--C0441729: Type I', '(A3214100, SNOMEDCT_US)--C0441729: Type I', '(A18657590, CHV)--C0441729: type i']",type,i
"C27352: Peripheral T-Cell Lymphoma, Large Cell	C27823: Malignant Lymphoma, Large Cell Type	C27265: Malignant Lymphoma, Large Cell, Cleaved",C3208: Lymphoma,3,1,,Neoplastic Process,Neoplastic Process,"['(A1614723, CCPSS)--C0024302: LYMPHOMA LARGE CELL', '(A18685368, CHV)--C0024302: lymphoma large cell']",lymphoma,large,cell
C45627: Type II Pleuropulmonary Blastoma	C39749: Type II Endometrial Adenocarcinoma	C41843: Gliomatosis Cerebri Type II,,3,0,,Neoplastic Process,Classification,"['(A1109149, RCD)--C0441730: Type II', '(A27138489, LNC)--C0441730: Type II', '(A3214105, SNOMEDCT_US)--C0441730: Type II', '(A18601825, CHV)--C0441730: type ii']",type,second
"C95918: Ampullary Flat Intraepithelial Neoplasia, High Grade	C65193: Flat Adenoma	C36086: Flat Ductal Epithelial Atypia of the Breast	C43607: Gallbladder Flat Biliary Intraepithelial Neoplasia",,4,0,,Neoplastic Process,Spatial Concept* Manufactured Object,"['(A0358601, RCD)--C0205324: Flat', '(A0358602, SNMI)--C0205324: Flat', '(A26506200, LNC)--C0205324: Flat', '(A2921212, SNOMEDCT_US)--C0205324: Flat', '(A18578505, CHV)--C0205324: flat', '(A0358600, RCD)--C0457933: Flat', '(A7873365, SNOMEDCT_US)--C0457933: Flat']",flat
C9323: Malignant Postcricoid Neoplasm,,1,0,,Neoplastic Process,Body Location or Region,"['(A18616148, CHV)--C0225516: postcricoid', '(A1052488, SNMI)--C0225516: Postcricoid']",postcricoid
C27237: Familial Adenomatous Polyposis Associated Medulloblastoma	C3339: Familial Adenomatous Polyposis	C4134: Adenocarcinoma in Adenomatous Polyposis Coli,C4089: Polyposis,3,1,['C0032580'],Neoplastic Process,Neoplastic Process,"['(A0640610, RCD)--C0032580: Adenomatous polyposis', '(A2989354, SNOMEDCT_US)--C0032580: Adenomatous polyposis', '(A18667824, CHV)--C0032580: adenomatous polyposis']",adenomatous,polyposis
C4684: Nasal Type Extranodal NK/T-Cell Lymphoma,C3208: Lymphoma,1,1,['C0392788'],Neoplastic Process,Neoplastic Process,"['(A18078528, SNOMEDCT_US)--C0392788: T/NK-cell lymphoma', '(A3745406, SNOMEDCT_US)--C0558916: T/NK-cell lymphoma']",cell nk t,lymphoma
C95542: Pancreatic Acinar Cell Neoplasm,,1,0,,Neoplastic Process,Cell,"['(A2663274, UWDA)--C1179517: Pancreatic acinar cell', '(A15371674, FMA)--C1179517: Pancreatic acinar cell', '(A18663180, CHV)--C1179517: pancreatic acinar cell', '(A23863801, LCH_NW)--C1179517: Pancreatic acinar cells']",pancreatic,acinar,cell
C7151: Monoclonal Immunoglobulin Deposition Disease	C3996: Monoclonal Gammopathy of Undetermined Significance	C157343: Monoclonal Gammopathy of Renal Significance	C36277: Monoclonal Polymorphic Post-Transplant Lymphoproliferative Disorder	C80310: Monoclonal B-Cell Lymphocytosis,,5,0,,Neoplastic Process,Finding,"['(A18661151, CHV)--C0746619: monoclonal', '(A1621781, CCPSS)--C0746619: MONOCLONAL']",monoclonal
C3557: Malignant Clitoral Neoplasm,,1,0,,Neoplastic Process,"Body Part, Organ, or Organ Component","['(A0897571, SNMI)--C0008984: Clitoral', '(A8312360, HL7V2.5)--C0008984: Clitoral']",clitoral
C8401: Jejunal Neoplasm,,1,0,,Neoplastic Process,"Body Part, Organ, or Organ Component","['(A0426346, RCD)--C0022378: Jejunal', '(A0426347, SNMI)--C0022378: Jejunal', '(A2935172, SNOMEDCT_US)--C0022378: Jejunal', '(A18592249, CHV)--C0022378: jejunal']",jejunal
C66765: Fascial Fibrosarcoma	C66764: Fascial Fibroma,,2,0,,Neoplastic Process,"Body Part, Organ, or Organ Component","['(A0940377, RCD)--C0015641: Fascial', '(A0940378, SNMI)--C0015641: Fascial', '(A3130324, SNOMEDCT_US)--C0015641: Fascial', '(A18628525, CHV)--C0015641: fascial']",fascial
C6450: Thymic Epithelial Neoplasm	C6451: Thymic Lymphoma	C46106: Intrathyroid Thymic Carcinoma,,3,0,,Neoplastic Process,"Body Part, Organ, or Organ Component","['(A1103464, SNMI)--C0040113: Thymic']",thymic
"C27098: Hodgkin's Disease, Nodular Sclerosis, Mixed Cellularity	C3517: Mixed Cellularity Classic Hodgkin Lymphoma",,2,0,,Neoplastic Process,Neoplastic Process,"['(A1002786, ICD10)--C0152266: Mixed cellularity']",mix,cellularity
"C139288: Primary EBV-Positive Nodal T-Cell or NK-Cell Lymphoma	C141272: Mature T- and NK-Cell Lymphoma by Ann Arbor Stage	C128697: NK-Cell Lymphoma, Unclassifiable",C3208: Lymphoma,3,1,,Neoplastic Process,Neoplastic Process,"['(A22707895, MEDCIN)--C3647364: NK-cell lymphoma']",cell nk,lymphoma
C65173: Non-Keratinizing Large Cell Squamous Cell Carcinoma	C65175: Non-Keratinizing Small Cell Squamous Cell Carcinoma	C133254: Lung Non-Small Cell Squamous Carcinoma	C4459: Clear Cell Squamous Cell Skin Carcinoma	C159251: Clear Cell Squamous Cell Carcinoma of the Penis,,5,0,,Neoplastic Process,Cell,"['(A24119923, MSH)--C0221910: Cell, Squamous', '(A24118379, MSH)--C0221910: Cells, Squamous']",cell,squamous
"C27263: Spindle Cell Neoplasm	C66756: Mixed Epithelioid and Spindle Cell Melanoma	C4237: Spindle Cell Melanoma	C27005: Spindle Cell Sarcoma	C155957: Thyroid Gland Spindle Cell Follicular Adenoma	C65160: Giant Cell and Spindle Cell Carcinoma	C39807: Mucinous Tubular and Spindle Cell Carcinoma of the Kidney	C4751: Pigmented Spindle Cell Nevus	C6519: Spindle Cell Rhabdomyosarcoma	C94537: Spindle Cell Oncocytoma	C27792: Spindle Cell Type Gastrointestinal Stromal Tumor	C4201: Adenocarcinoma with Spindle Cell Metaplasia	C4666: Spindle Cell (Sarcomatoid) Squamous Cell Skin Carcinoma	C129289: Gingival Spindle Cell Carcinoma	C40358: Squamous Cell Breast Carcinoma, Spindle Cell Variant	C54336: Laryngeal Squamous Cell Carcinoma, Spindle Cell Variant	C95608: Esophageal Spindle Cell Carcinoma	C45541: Lung Spindle Cell Carcinoma	C27489: Spindle Cell Liposarcoma	C66758: Spindle Cell Nevus	C156045: Spindle Cell Variant Thyroid Gland Papillary Carcinoma	C46105: Thyroid Gland Spindle Cell Tumor with Thymus-Like Differentiation	C4277: Spindle Cell Synovial Sarcoma	C4754: Spindle Cell Hemangioma	C4254: Spindle Cell Lipoma	C27546: Spindle Cell Type Atypical Fibroxanthoma	C43346: Ductal Eccrine Carcinoma with Spindle Cell Elements",,27,0,,Neoplastic Process,Cell,"['(A1389127, AOD)--C0682540: spindle cell', '(A18622818, CHV)--C0682540: spindle cell']",spindle,cell
C43565: Appendix Tubular Carcinoid	C96930: Gallbladder Tubular Carcinoid,,2,0,,Neoplastic Process,Neoplastic Process,"['(A3766705, SNOMEDCT_US)--C1266031: Tubular carcinoid']",tubular,carcinoid
C4244: Infantile Fibrosarcoma	C4738: Desmoplastic Infantile Ganglioglioma	C9476: Desmoplastic Infantile Astrocytoma	C27498: Infantile Hemangiopericytoma	C6645: Infantile Hemangioma,,5,0,,Neoplastic Process,Qualitative Concept* Temporal Concept,"['(A0358509, SNMI)--C0231330: Infantile', '(A26501281, LNC)--C0231330: Infantile', '(A0358508, RCD)--C2939166: Infantile', '(A2921143, SNOMEDCT_US)--C2939166: Infantile', '(A18671434, CHV)--C2939166: infantile']",infantile
C3317: Penile Neoplasm	C3316: Penile Fibromatosis	C39868: Penile Urethral Malignant Neoplasm,,3,0,,Neoplastic Process* Disease or Syndrome,"Body Part, Organ, or Organ Component","['(A0358100, SNMI)--C0030851: Penile', '(A18574618, CHV)--C0030851: penile']",penile
C133550: Clinical Stage 0 Gastroesophageal Junction Adenocarcinoma AJCC v8	C133447: Clinical Stage 0 Esophageal Squamous Cell Carcinoma AJCC v8	C133402: Clinical Stage 0 Esophageal Adenocarcinoma AJCC v8	C133647: Clinical Stage 0 Gastric Cancer AJCC v8	C136872: Clinical Stage 0 Merkel Cell Carcinoma AJCC v8	C137647: Clinical Stage 0 Cutaneous Melanoma AJCC v8,,6,0,,Neoplastic Process,Qualitative Concept,"['(A1169647, SNM)--C0544468: Clinical stage 0', '(A27170345, SNOMEDCT_US)--C0544468: Clinical stage 0']",clinical,faze,zero
C7169: Pineal Region Dysgerminoma	C3328: Pineal Region Neoplasm,,2,0,,Neoplastic Process,"Body Part, Organ, or Organ Component* Disease or Syndrome","['(A1048339, SNMI)--C0031939: Pineal', '(A18667753, CHV)--C0031939: pineal', '(A1048338, CST)--C0729870: Pineal']",pineal
C100054: Conjunctival Primary Acquired Melanosis	C66753: Malignant Melanoma in Precancerous Melanosis,,2,0,,Neoplastic Process,Disease or Syndrome,"['(A0084426, COSTAR)--C0025209: Melanosis', '(A0084427, LCH)--C0025209: Melanosis', '(A0084429, MDR)--C0025209: Melanosis', '(A0084430, MSH)--C0025209: Melanosis', '(A0084433, SNM)--C0025209: Melanosis', '(A23862049, LCH_NW)--C0025209: Melanosis', '(A25685979, MDR)--C0025209: Melanosis', '(A2883855, SNOMEDCT_US)--C0025209: Melanosis', '(A7873229, SNOMEDCT_US)--C0025209: Melanosis', '(A0084431, MTH)--C0025209: Melanosis', '(A0432224, CST)--C0025209: MELANOSIS', '(A0432225, WHO)--C0025209: MELANOSIS', '(A4387264, ICPC2ICD10ENG)--C0025209: melanosis', '(A18611263, CHV)--C0025209: melanosis', '(A0084425, MSH)--C0025209: Melanoses', '(A18629836, CHV)--C0025209: melanose', '(A18653156, CHV)--C0221391: melanosis', '(A0084432, MTHMST)--C0221391: Melanosis']",melanose
C4877: Rectosigmoid Neoplasm,,1,0,,Neoplastic Process,"Body Part, Organ, or Organ Component","['(A0451954, SNMI)--C0521377: Rectosigmoid', '(A2943610, SNOMEDCT_US)--C0521377: Rectosigmoid', '(A18584020, CHV)--C0521377: rectosigmoid']",rectosigmoid
C3130: Ileal Neoplasm,,1,0,,Neoplastic Process,"Body Part, Organ, or Organ Component","['(A0423334, SNMI)--C0020885: Ileal', '(A18629250, CHV)--C0020885: ileal']",ileal
C4424: Pyriform Fossa Neoplasm	C6700: Pyriform Fossa Carcinoma,,2,0,,Neoplastic Process,Body Space or Junction,"['(A26600070, MSH)--C0227170: Piriform Fossa', '(A0446917, SNMI)--C0227170: Piriform fossa', '(A0446918, UWDA)--C0227170: Piriform fossa', '(A15434835, FMA)--C0227170: Piriform fossa', '(A2941667, SNOMEDCT_US)--C0227170: Piriform fossa', '(A1060233, RCD)--C1305799: Pyriform fossa']",piriform,fossa
C4383: Erosive Nipple Adenomatosis	C3763: Pulmonary Adenomatosis,,2,0,,Neoplastic Process,Neoplastic Process,"['(A0012842, SNM)--C0334294: Adenomatosis', '(A23141862, SNOMEDCT_VET)--C0334294: Adenomatosis', '(A2877296, SNOMEDCT_US)--C0334294: Adenomatosis', '(A18626857, CHV)--C0334294: adenomatosis']",adenomatosis
C4295: Mesonephric Neoplasm,,1,0,,Neoplastic Process,Body Location or Region,"['(A18584024, CHV)--C0521460: mesonephric', '(A1001189, SNMI)--C0521460: Mesonephric']",mesonephric
C3419: Tracheal Neoplasm,,1,0,,Neoplastic Process,"Body Part, Organ, or Organ Component* Spatial Concept","['(A0357970, SNMI)--C0040578: Tracheal', '(A0357969, RCD)--C2945595: Tracheal', '(A2920783, SNOMEDCT_US)--C2945595: Tracheal']",tracheal
C27791: Non-Invasive Verrucous Carcinoma of the Penis	C4101: Verrucous Papilloma	C8210: Stage IV Oral Cavity Verrucous Carcinoma	C5892: Stage 0 Oral Cavity Verrucous Carcinoma	C8198: Stage I Oral Cavity Verrucous Carcinoma	C8202: Stage II Oral Cavity Verrucous Carcinoma	C8206: Stage III Oral Cavity Verrucous Carcinoma	C5028: Verrucous Lesion	C3781: Verrucous Carcinoma	C4299: Verrucous Hemangioma,,10,0,,Neoplastic Process* Disease or Syndrome,Functional Concept,"['(A0816801, RCD)--C0334104: Verrucous', '(A0816802, SNMI)--C0334104: Verrucous', '(A3082371, SNOMEDCT_US)--C0334104: Verrucous', '(A18656010, CHV)--C0334104: verrucous']",verrucous
C6062: Anterior Tongue Neoplasm,,1,0,,Neoplastic Process,"Body Part, Organ, or Organ Component","['(A0390547, SNM)--C0226945: Anterior tongue', '(A0390548, SNMI)--C0226945: Anterior tongue', '(A2923423, SNOMEDCT_US)--C0226945: Anterior tongue']",anterior,tongue
C63622: Undifferentiated Carcinoma with Osteoclast-Like Giant Cells	C5723: Undifferentiated Pancreatic Carcinoma with Osteoclast-Like Giant Cells,C2916: Carcinoma,2,1,,Neoplastic Process,Neoplastic Process,"['(A3339658, SNOMEDCT_US)--C1266000: Carcinoma with osteoclast-like giant cells', '(A13607343, MEDCIN)--C1266000: carcinoma with osteoclast-like giant cells']",carcinoma,with,like osteoclast,giant,cell
C4150: Basophilic Adenocarcinoma	C3164: Acute Basophilic Leukemia,,2,0,,Neoplastic Process,Functional Concept,"['(A18655992, CHV)--C0333933: basophilic', '(A0652698, SNMI)--C0333933: Basophilic']",basiphilic
C83170: Lobular Neoplasia Type A	C4238: Type A Spindle Cell Melanoma	C7197: Type A Lymphomatoid Papulosis	C6454: Thymoma Type A,,4,0,,Neoplastic Process,Classification,"['(A27116137, LNC)--C4264487: Type A']",type,a
C7103: Liver and Intrahepatic Bile Duct Neoplasm,,1,0,,Neoplastic Process,"Body Part, Organ, or Organ Component","['(A1178342, SNM)--C0545796: Liver and intrahepatic bile duct']",liver,andorra,intrahepatic,bile,duct
C82991: Small Lymphocytic Lymphoma Variant	C27911: Chronic Lymphocytic Leukemia/Small Lymphocytic Lymphoma,C3208: Lymphoma,2,1,,Neoplastic Process,Neoplastic Process,"['(A26620755, MSH)--C0023434: Lymphocytic Lymphoma', '(A13287321, OMIM)--C0023434: Lymphocytic lymphoma', '(A12997368, MSH)--C0023434: Lymphocytic Lymphomas', '(A25696784, MDR)--C0024303: Lymphocytic lymphoma', '(A8352618, MTHICD9)--C0024303: Lymphocytic lymphoma', '(A0431617, MDR)--C0024303: Lymphocytic lymphoma', '(A0428486, DXP)--C0024303: LYMPHOCYTIC LYMPHOMA', '(A18611144, CHV)--C0024303: lymphocytic lymphoma', '(A4432620, ICPC2ICD10ENG)--C0024303: lymphocytic; lymphoma', '(A0431619, RCD)--C0855095: Lymphocytic lymphoma', '(A0431620, SNM)--C0855095: Lymphocytic lymphoma', '(A2937136, SNOMEDCT_US)--C0855095: Lymphocytic lymphoma', '(A18576666, CHV)--C0855095: lymphocytic lymphoma']",lymphocytic,lymphoma
C5664: Lung Mucous Gland Adenoma	C7744: Mucous Membrane Hemangioma,,2,0,,Neoplastic Process* Finding,Qualitative Concept* Body Substance,"['(A0319488, CSP)--C0026727: mucous', '(A18555698, CHV)--C0026727: mucous', '(A1005686, RCD)--C0439708: Mucous', '(A3160715, SNOMEDCT_US)--C0439708: Mucous', '(A23858077, GO)--C2753459: mucous']",mucous
C9398: Myxoid Chondrosarcoma NCI Grade 1	C27502: Extraskeletal Myxoid Chondrosarcoma	C3701: Myxoid Leiomyosarcoma	C4303: Myxoid Chondrosarcoma	C27781: Myxoid Liposarcoma	C9399: Myxoid Chondrosarcoma NCI Grade 2	C142827: Pulmonary Myxoid Sarcoma with EWSR1-CREB1 Translocation	C38106: Myxoid Dermatofibrosarcoma Protuberans	C67563: Myxoid Leiomyoma,,9,0,,Neoplastic Process,Qualitative Concept,"['(A0358560, SNMI)--C0205295: Myxoid', '(A2921177, SNOMEDCT_US)--C0205295: Myxoid', '(A18615688, CHV)--C0205295: myxoid']",myxoid
C5973: Supraglottic Carcinoma,,1,0,,Neoplastic Process,Body Location or Region,"['(A1095466, RCD)--C0442192: Supraglottic', '(A1095467, SNMI)--C0442192: Supraglottic', '(A3206910, SNOMEDCT_US)--C0442192: Supraglottic', '(A18676152, CHV)--C0442192: supraglottic']",supraglottic
C4107: Nasopharyngeal Type Undifferentiated Carcinoma	C5998: Stage IIA Nasopharyngeal Carcinoma	C5999: Stage IIB Nasopharyngeal Carcinoma	C6254: Stage IIA Nasopharyngeal Keratinizing Squamous Cell Carcinoma	C6255: Stage IIB Nasopharyngeal Keratinizing Squamous Cell Carcinoma	C3257: Nasopharyngeal Neoplasm,,6,0,,Neoplastic Process,"Body Part, Organ, or Organ Component","['(A0357961, RCD)--C0027442: Nasopharyngeal', '(A0357962, SNMI)--C0027442: Nasopharyngeal', '(A24222554, LNC)--C0027442: Nasopharyngeal', '(A8312083, HL7V2.5)--C0027442: Nasopharyngeal', '(A2920779, SNOMEDCT_US)--C0027442: Nasopharyngeal', '(A18555785, CHV)--C0027442: nasopharyngeal']",nasopharyngeal
C4747: Neuronal and Mixed Neuronal-Glial Tumors	C129296: Glioblastoma with Primitive Neuronal Component,,2,0,,Neoplastic Process,Immunologic Factor,"['(A18658443, CHV)--C0521390: neuronal', '(A1011155, SNMI)--C0521390: Neuronal', '(A18129487, LNC)--C0521390: Neuronal']",neuronal
C36201: Astler-Coller B2 Colorectal Carcinoma	C6888: Thymoma Type B2,,2,0,,Neoplastic Process,"Body Part, Organ, or Organ Component* Finding* Gene or Genome* Cell","['(A2655236, UWDA)--C0507114: B2', '(A15487486, FMA)--C0507114: B2', '(A20684869, HGNC)--C1416271: B2', '(A20942435, NEU)--C3496265: B2', '(A24103208, LNC)--C3810839: B2', '(A24327845, MTH)--C3810839: B2']",b2
C5063: Endobronchial Lipoma	C5662: Endobronchial Hamartoma	C5661: Endobronchial Leiomyoma,,3,0,,Neoplastic Process,Spatial Concept,"['(A0928230, RCD)--C0444471: Endobronchial', '(A3124601, SNOMEDCT_US)--C0444471: Endobronchial', '(A18694663, CHV)--C0444471: endobronchial']",endobronchial
"C126351: Chronic Eosinophilic Leukemia with FIP1L1-PDGFRA	C4563: Chronic Eosinophilic Leukemia, Not Otherwise Specified	C26813: Acute Eosinophilic Leukemia	C27889: Eosinophilic Variant of Chromophobe Renal Cell Carcinoma	C3016: Eosinophilic Granuloma",,5,0,,Neoplastic Process* Pathologic Function,Functional Concept,"['(A18581567, CHV)--C0333930: eosinophilic', '(A0695222, SNMI)--C0333930: Eosinophilic']",eosinophilic
"C8297: AIDS-Related Diffuse Small Cleaved Cell Lymphoma	C27811: Malignant Non-Hodgkin's Lymphoma, Small Cleaved Cell	C3464: Adult Diffuse Small Cleaved Cell Lymphoma",,3,0,,Neoplastic Process* Disease or Syndrome,Cell,"['(A0796550, SNMI)--C0333855: Small cleaved cell', '(A3071433, SNOMEDCT_US)--C0333855: Small cleaved cell', '(A18581563, CHV)--C0333855: small cleaved cell']",small,split,cell
C156715: Malignant Pelvic Neoplasm	C8404: Renal Pelvis Neoplasm,C3262: Neoplasm,2,1,,Neoplastic Process,Neoplastic Process,"['(A0098566, MTH)--C0030793: Pelvic Neoplasms', '(A0098565, MSH)--C0030793: Pelvic Neoplasms', '(A18667616, CHV)--C0030793: pelvic neoplasms', '(A0098564, MSH)--C0030793: Pelvic Neoplasm', '(A18611924, CHV)--C0030793: pelvic neoplasm', '(A1883570, CSP)--C0030793: pelvic neoplasm', '(A25731228, MDR)--C0030793: Pelvic neoplasm', '(A2852869, MDR)--C0030793: Pelvic neoplasm', '(A26631295, MSH)--C0030793: Pelvis Neoplasms', '(A0319676, CSP)--C0030793: pelvis neoplasm', '(A1652771, MSH)--C0030793: Pelvis Neoplasm', '(A18556170, CHV)--C0030793: pelvis tumors', '(A1622354, CCPSS)--C0030793: PELVIS TUMOR', '(A25746338, MDR)--C0030793: Pelvic tumour', '(A18667617, CHV)--C0030793: pelvic tumour', '(A18574602, CHV)--C0030793: pelvic tumors', '(A18611925, CHV)--C0030793: pelvic tumor', '(A25716324, MDR)--C0030793: Pelvic tumor']",pelvis,neoplasm
"C6875: Large Cell Neuroendocrine Carcinoma	C27252: Enterochromaffin-Like Cell Neuroendocrine Tumor G1	C28396: Pancreatic Delta Cell Neuroendocrine Tumor	C39891: High Grade Prostatic Intraepithelial Neoplasia, Small Cell Neuroendocrine Variant",,4,0,,Neoplastic Process,Cell,"['(A15583243, MSH)--C1518275: Cell, Neuroendocrine', '(A15577330, MSH)--C1518275: Cells, Neuroendocrine']",cell,neuroendocrine
C96485: Colorectal Serrated Adenocarcinoma,C2852: Adenocarcinoma,1,1,,Neoplastic Process,Neoplastic Process,"['(A27454667, LNC)--C3472623: Serrated adenocarcinoma', '(A20827348, SNOMEDCT_US)--C3472623: Serrated adenocarcinoma']",serrate,adenocarcinoma
C162466: Intratubular Large Cell Hyalinizing Sertoli Cell Neoplasia	C6846: Thyroid Gland Hyalinizing Trabecular Tumor	C53594: Pleomorphic Hyalinizing Angiectatic Tumor of Soft Parts,,3,0,,Neoplastic Process,Functional Concept,"['(A0718268, SNMI)--C0332230: Hyalinized', '(A3031546, SNOMEDCT_US)--C0332230: Hyalinized', '(A18674357, CHV)--C0332230: hyalinized', '(A18600014, CHV)--C0332230: hyalinizing', '(A3498896, SNOMEDCT_US)--C0332230: Hyalinised']",hyalinise
C5347: Epicardial Neoplasm,,1,0,,Neoplastic Process,Spatial Concept,"['(A0929361, RCD)--C0442016: Epicardial', '(A8312376, HL7V2.5)--C0442016: Epicardial', '(A3125322, SNOMEDCT_US)--C0442016: Epicardial', '(A18657612, CHV)--C0442016: epicardial']",epicardial
C4361: Corneal Neoplasm,,1,0,,Neoplastic Process,"Body Part, Organ, or Organ Component","['(A0907155, SNMI)--C0010031: Corneal']",corneal
C67460: Pancreatic Delta Cell Adenoma	C28396: Pancreatic Delta Cell Neuroendocrine Tumor,,2,0,,Neoplastic Process,Cell,"['(A7761737, MSH)--C0229598: Pancreatic delta Cells', '(A0097096, MSH)--C0229598: Pancreatic delta Cell', '(A1962990, CSP)--C0229598: pancreatic delta cell', '(A15409201, FMA)--C0229598: Pancreatic delta cell']",pancreatic,delta,cell
C8013: Salivary Gland Acinic Cell Carcinoma	C40367: Acinic Cell Breast Carcinoma,,2,0,,Neoplastic Process,Cell,"['(A26621794, MSH)--C0596030: Acinic Cells', '(A19589904, MSH)--C0596030: Acinic Cell']",acinic,cell
C3567: Malignant Lacrimal Duct Neoplasm	C3626: Benign Lacrimal Duct Neoplasm,C3262: Neoplasm,2,1,,Neoplastic Process,Neoplastic Process,"['(A25722478, MDR)--C0349749: Lacrimal duct neoplasm', '(A2308986, MDR)--C0349749: Lacrimal duct neoplasm']",lacrimal,duct,neoplasm
"C4915: Embryonal Tumor with Multilayered Rosettes, C19MC-Altered	C129499: Embryonal Tumor with Multilayered Rosettes, Not Otherwise Specified	C45203: Low Grade Fibromyxoid Sarcoma with Giant Collagen Rosettes",,3,0,,Neoplastic Process,Cell Function* Finding,"['(A0005308, SNM)--C0035863: Rosette', '(A0005309, SNMI)--C0035863: Rosette', '(A29930166, HPO)--C0035863: Rosette', '(A2874053, SNOMEDCT_US)--C0035863: Rosette', '(A18556759, CHV)--C0035863: rosette', '(A19342552, GO)--C1368474: rosetting']",rosette
C4959: Cerebral Convexity Meningioma,C3230: Meningioma,1,1,,Neoplastic Process,Neoplastic Process,"['(A27875451, MDR)--C4324607: Convexity meningioma']",convexity,meningeoma
C3325: Pharyngeal Neoplasm,,1,0,,Neoplastic Process,"Body Part, Organ, or Organ Component","['(A0358012, SNMI)--C0031354: Pharyngeal', '(A18574676, CHV)--C0031354: pharyngeal']",pharyngeal
C4463: Skin Appendage Neoplasm,,1,0,,Neoplastic Process,"Body Part, Organ, or Organ Component* Disease or Syndrome","['(A4455544, ICPC2ICD10ENG)--C0037272: skin; appendage', '(A0458615, SNM)--C0459723: Skin appendage', '(A15386047, FMA)--C0459723: Skin appendage', '(A2655009, UWDA)--C0459723: Skin appendage', '(A2945518, SNOMEDCT_US)--C0459723: Skin appendage', '(A1387332, AOD)--C0459723: skin appendage', '(A0458608, SNM)--C0459723: Skin Appendages', '(A0581897, SNMI)--C0459723: SKIN APPENDAGES', '(A18676650, CHV)--C0459723: skin appendages']",skin,appendage
C4498: Speckled Lentiginous Nevus	C4022: Acral Lentiginous Melanoma	C48622: Mucosal Lentiginous Melanoma,,3,0,,Neoplastic Process,Qualitative Concept,"['(A0986546, RCD)--C0439703: Lentiginous', '(A3152337, SNOMEDCT_US)--C0439703: Lentiginous', '(A18620275, CHV)--C0439703: lentiginous']",lentiginous
C3689: Appendix Goblet Cell Carcinoid	C96928: Gallbladder Goblet Cell Carcinoid,,2,0,,Neoplastic Process,Neoplastic Process,"['(A0316761, ICD10AM)--C0205695: Goblet cell carcinoid', '(A0316762, RCD)--C0205695: Goblet cell carcinoid', '(A0316763, SNM)--C0205695: Goblet cell carcinoid', '(A0316764, SNMI)--C0205695: Goblet cell carcinoid', '(A2896506, SNOMEDCT_US)--C0205695: Goblet cell carcinoid', '(A4418142, ICPC2ICD10ENG)--C0205695: goblet cell; carcinoid', '(A15249630, MEDCIN)--C0205695: goblet cell carcinoid', '(A0359328, MSH)--C0205695: Goblet Cell Carcinoids', '(A0417218, MSH)--C0205695: Goblet Cell Carcinoid']",goblet,cell,carcinoid
C4197: Acinar Cell Neoplasm	C37268: Atypical Small Acinar Proliferation of the Prostate Gland	C5649: Lung Acinar Adenocarcinoma,,3,0,,Neoplastic Process,Spatial Concept,"['(A0638424, SNMI)--C0332207: Acinar', '(A2988020, SNOMEDCT_US)--C0332207: Acinar', '(A18563017, CHV)--C0332207: acinar']",acinar
C54662: Nevoid Melanoma	C5405: Nevoid Basal Cell Carcinoma Syndrome Associated Medulloblastoma,,2,0,,Neoplastic Process,Qualitative Concept,"['(A1011390, RCDAE)--C0475225: Nevoid', '(A3162882, SNOMEDCT_US)--C0475225: Nevoid', '(A18695151, CHV)--C0475225: nevoid', '(A1008927, RCD)--C0475225: Naevoid', '(A3161671, SNOMEDCT_US)--C0475225: Naevoid']",nevoid
C6766: Prostate Small Cell Carcinoma	C161605: Prostate Small Lymphocytic Lymphoma,,2,0,,Neoplastic Process,Finding,"['(A18564347, CHV)--C0426733: prostate small', '(A27161110, MEDCIN)--C0426733: prostate small']",prostate,small
C136871: Merkel Cell Carcinoma by AJCC v8 Clinical Stage	C137646: Cutaneous Melanoma by AJCC v8 Clinical Stage	C133401: Esophageal Adenocarcinoma by AJCC v8 Clinical Stage	C133549: Gastroesophageal Junction Adenocarcinoma by AJCC v8 Clinical Stage	C133639: Gastric Cancer by AJCC v8 Clinical Stage	C133444: Esophageal Squamous Cell Carcinoma by AJCC v8 Clinical Stage	C140751: Retinoblastoma by AJCC v8 Clinical Stage	C132883: HPV-Mediated (p16-Positive) Oropharyngeal Carcinoma by AJCC v8 Clinical Stage,,8,0,,Neoplastic Process,Temporal Concept,"['(A0897500, RCD)--C0205563: Clinical staging', '(A3110833, SNOMEDCT_US)--C0205563: Clinical staging', '(A18615729, CHV)--C0205563: clinical staging', '(A0897499, SNM)--C0205563: Clinical stage', '(A3110832, SNOMEDCT_US)--C0205563: Clinical stage', '(A18671480, CHV)--C0205563: clinical stages']",clinical,faze
C3148: Actinic (Solar) Keratosis,,1,0,,Neoplastic Process,Qualitative Concept,"['(A0857922, RCD)--C0439681: Actinic', '(A3091940, SNOMEDCT_US)--C0439681: Actinic', '(A18564651, CHV)--C0439681: actinic']",actinic
C5824: Lumbar Plexus Neoplasm	C5298: Lumbar Intraspinal Meningioma,,2,0,,Neoplastic Process,Body Location or Region,"['(A0990171, RCD)--C0024090: Lumbar', '(A8312401, HL7V2.5)--C0024090: Lumbar', '(A3154634, SNOMEDCT_US)--C0024090: Lumbar']",lumbar
"C9294: Histiocytic and Dendritic Cell Neoplasm	C35382: True Histiocytic Lymphoma	C27099: Malignant Lymphoma, Histiocytic, Diffuse	C49077: Cutaneous Fibrous Histiocytoma, Histiocytic Variant",,4,0,,Neoplastic Process,Functional Concept,"['(A18692942, CHV)--C0334122: histiocytic', '(A0716680, SNMI)--C0334122: Histiocytic']",histiocytic
C136612: Bone Cancer by AJCC v8 Stage	C141100: Adrenal Cortex Carcinoma by AJCC v8 Stage	C140457: Urethral Cancer by AJCC v8 Stage	C139983: Fallopian Tube Cancer by AJCC v8 Stage	C136870: Merkel Cell Carcinoma by AJCC v8 Stage	C134660: Gallbladder Cancer by AJCC v8 Stage	C136320: Thymic Epithelial Neoplasm by AJCC v8 Stage	C140163: Prostate Cancer by AJCC v8 Stage	C139532: Breast Cancer by AJCC v8 Stage	C140004: Primary Peritoneal Cancer by AJCC v8 Stage	C140416: Bladder Cancer by AJCC v8 Stage	C140075: Penile Cancer by AJCC v8 Stage	C139733: Cervical Cancer by AJCC v8 Stage	C139657: Vaginal Cancer by AJCC v8 Stage	C139963: Ovarian Cancer by AJCC v8 Stage	C139618: Vulvar Cancer by AJCC v8 Stage	C136467: Lung Cancer by AJCC v8 Stage	C137645: Cutaneous Melanoma by AJCC v8 Stage	C136693: Soft Tissue Sarcoma by AJCC v8 Stage	C141205: Lymphoma by AJCC v8 Stage	C136399: Pleural Malignant Mesothelioma by AJCC v8 Stage	C132676: Unknown Primary Tumor (Except for EBV-Related and HPV-Related Tumors) and Metastatic Cervical Adenopathy by AJCC v8 Stage	C133074: Nasal Cavity and Paranasal Sinus Cancer by AJCC v8 Stage	C140322: Renal Cell Cancer by AJCC v8 Stage	C134515: Hepatocellular Carcinoma by AJCC v8 Stage	C133548: Gastroesophageal Junction Adenocarcinoma by AJCC v8 Stage	C133893: Small Intestinal Adenocarcinoma by AJCC v8 Stage	C132728: Lip and Oral Cavity Cancer by AJCC v8 Stage	C134180: Colorectal Cancer by AJCC v8 Stage	C134604: Intrahepatic Bile Duct Cancer by AJCC v8 Stage	C133399: Esophageal Cancer by AJCC v8 Stage	C133638: Gastric Cancer by AJCC v8 Stage	C134909: Pancreatic Cancer by AJCC v8 Stage	C134117: Appendix Carcinoma by AJCC v8 Stage	C133794: Anal Cancer by AJCC v8 Stage	C134864: Ampulla of Vater Cancer by AJCC v8 Stage	C141000: Thyroid Gland Anaplastic Carcinoma by AJCC v8 Stage	C140513: Eyelid Carcinoma by AJCC v8 Stage	C140659: Choroidal and Ciliary Body Melanoma by AJCC v8 Stage	C139869: Uterine Corpus Sarcoma by AJCC v8 Stage	C140965: Differentiated Thyroid Gland Carcinoma by AJCC v8 Stage	C140750: Retinoblastoma by AJCC v8 Stage	C135045: Gastric Neuroendocrine Tumor by AJCC v8 Stage	C135081: Ampulla of Vater Neuroendocrine Tumor by AJCC v8 Stage	C135156: Appendix Neuroendocrine Tumor by AJCC v8 Stage	C135560: Pancreatic Neuroendocrine Tumor by AJCC v8 Stage	C141128: Adrenal Gland Pheochromocytoma and Sympathetic Paraganglioma by AJCC v8 Stage	C140033: Gestational Trophoblastic Neoplasm by AJCC v8 Stage	C133253: Cutaneous Squamous Cell Carcinoma of the Head and Neck by AJCC v8 Stage	C132779: Major Salivary Gland Cancer by AJCC v8 Stage	C141042: Thyroid Gland Medullary Carcinoma by AJCC v8 Stage	C140355: Renal Pelvis and Ureter Cancer by AJCC v8 Stage	C132814: Pharyngeal Carcinoma by AJCC v8 Stage	C133156: Laryngeal Cancer by AJCC v8 Stage	C140225: Testicular Cancer by AJCC v8 Stage	C135205: Colorectal Neuroendocrine Tumor by AJCC v8 Stage	C135075: Duodenal Neuroendocrine Tumor by AJCC v8 Stage	C135119: Jejunal Neuroendocrine Tumor by AJCC v8 Stage	C135124: Ileal Neuroendocrine Tumor by AJCC v8 Stage	C134743: Hilar Cholangiocarcinoma by AJCC v8 Stage	C134811: Distal Bile Duct Cancer by AJCC v8 Stage	C139801: Uterine Corpus Cancer by AJCC v8 Stage,,62,0,,Neoplastic Process,"Body Part, Organ, or Organ Component* Gene or Genome","['(A2670756, UWDA)--C0507130: V8', '(A15464444, FMA)--C0507130: V8', '(A20738542, HGNC)--C1416372: V8']",v8
C8828: Recurrent Hodgkin's Disease Lymphocyte Predominance Type	C8829: Refractory Hodgkin's Disease Lymphocyte Predominance Type	C8830: Stage III Hodgkin's Disease Lymphocyte Predominance Type	C8831: Stage IV Hodgkin's Disease Lymphocyte Predominance Type,,4,0,,Neoplastic Process,Neoplastic Process,"[""(A1595511, MDR)--C0852444: Hodgkin's disease lymphocyte predominance type""]",hodgkin,disease,lymphocyte,predominance,type
"C129527: Central Nervous System Solitary Fibrous Tumor/Hemangiopericytoma, Grade 3",,1,0,,Neoplastic Process,Neoplastic Process,"['(A28405132, SNOMEDCT_US)--C4518379: Solitary fibrous tumor/hemangiopericytoma grade 3', '(A28468166, SNOMEDCT_US)--C4518379: Solitary fibrous tumour/haemangiopericytoma grade 3']",single,fibrose,hemangiopericytoma tumor,grade,thre
C6969: Plexiform Schwannoma	C3797: Plexiform Neurofibroma	C95902: Gastric Plexiform Fibromyxoma	C39753: Plexiform Ameloblastoma	C6493: Plexiform Fibrohistiocytic Tumor,,5,0,,Neoplastic Process,Spatial Concept,"['(A1049782, RCD)--C0450207: Plexiform', '(A3185601, SNOMEDCT_US)--C0450207: Plexiform', '(A18694808, CHV)--C0450207: plexiform']",plexiform
"C27098: Hodgkin's Disease, Nodular Sclerosis, Mixed Cellularity	C27270: Hodgkin's Disease, Nodular Sclerosis, Lymphocyte Predominance	C27808: Hodgkin's Disease, Nodular Sclerosis, Lymphocyte Depletion	C3518: Nodular Sclerosis Classic Hodgkin Lymphoma",,4,0,,Neoplastic Process,Neoplastic Process,"['(A1012070, ICD10)--C0152268: Nodular sclerosis', '(A18688779, CHV)--C0152268: nodular sclerosis']",nodular,sclerose
C65195: Carcinoma Simplex	C43354: Hidroacanthoma Simplex	C162539: Differentiated (Simplex) Penile Intraepithelial Neoplasia,,3,0,,Neoplastic Process,"Body Part, Organ, or Organ Component* Eukaryote* Plant","['(A22648753, NEU)--C0228492: Simplex', '(A7127512, NCBI)--C1504052: Simplicia', '(A15386643, FMA)--C2338991: Simplex', '(A19159508, NCBI)--C3146234: Simplicia']",simplex
"C113239: Uterine Carcinosarcoma, Heterologous Type	C39970: Ovarian Sertoli-Leydig Cell Tumor with Heterologous Elements	C39825: Infiltrating Bladder Urothelial Carcinoma, Sarcomatoid Variant with Heterologous Elements	C39826: Infiltrating Bladder Urothelial Carcinoma, Sarcomatoid Variant without Heterologous Elements",,4,0,,Neoplastic Process,Qualitative Concept,"['(A0959179, RCD)--C0439860: Heterologous', '(A3141418, SNOMEDCT_US)--C0439860: Heterologous', '(A18620293, CHV)--C0439860: heterologous']",heterologous
C79949: Carcinoma Arising from Craniopharyngioma	C4240: Melanoma Arising from Blue Nevus	C4037: Acute Myeloid Leukemia Arising from Previous Myelodysplastic Syndrome,,3,0,,Neoplastic Process,Spatial Concept,"['(A0647511, SNMI)--C0332285: Arising from', '(A2993137, SNOMEDCT_US)--C0332285: Arising from']",arise,from
C160158: Carcinoma Arising in Bladder Diverticulum	C27856: Diffuse Large B-Cell Lymphoma Arising in HHV8-Positive Multicentric Castleman Disease	C6469: Osteosarcoma Arising in Paget Disease of Bone	C4235: Melanoma Arising in Giant Congenital Nevus	C27389: Carcinoma Arising in Nasal Papillomatosis,,5,0,,Neoplastic Process,Qualitative Concept,"['(A0647513, SNMI)--C0332284: Arising in', '(A2993138, SNOMEDCT_US)--C0332284: Arising in', '(A0647512, MTH)--C0332284: Arising in', '(A18637274, CHV)--C0332284: arising in']",arise,in
C35691: Mixed Tumor of the Salivary Gland	C4474: Mixed Tumor of the Skin (Chondroid Syringoma)	C92624: Papillary Tumor of the Pineal Region	C35778: Gastrointestinal Stromal Tumor of the Gastrointestinal Tract	C54180: Columnar Cell Lesion of the Breast	C4230: Melanocytoma of the Eyeball	C154496: Anaplastic Sarcoma of the Kidney	C3580: Metastatic Malignant Neoplasm in the Bone	C155919: Metastatic Malignant Neoplasm in the Thoracic Cavity	C155647: Sarcoma of the Extremity	C5629: Metastatic Malignant Neoplasm in the Skin	C162594: Metastatic Malignant Neoplasm in the Head and Neck	C7511: Metastatic Malignant Neoplasm in the Breast	C8615: Metastatic Malignant Neoplasm in the Abdominal Cavity	C161583: Metastatic Malignant Neoplasm in the Pelvic Cavity	C4582: Metastatic Malignant Neoplasm in the Bone Marrow	C8547: Metastatic Malignant Neoplasm in the Nervous System	C139021: Indolent T-Cell Lymphoproliferative Disorder of the Gastrointestinal Tract	C4632: Dermoid Cyst of the Skin	C40173: Benign Metastasizing Leiomyoma of the Uterine Corpus	C8715: Rhabdoid Tumor of the Kidney	C96830: Calcifying Nested Epithelial Stromal Tumor of the Liver	C96847: Extrarenal Rhabdoid Tumor of the Liver	C114831: Metastatic Malignant Neoplasm in the Soft Tissues	C4758: Metastatic Malignant Neoplasm in the Liver	C150597: Metastatic Malignant Neoplasm in the Viscera	C161649: Metastatic Malignant Neoplasm in the Seminal Vesicle	C162549: Metastatic Malignant Neoplasm in the Penis	C7650: Metastatic Malignant Neoplasm in the Bladder	C8610: Metastatic Malignant Neoplasm in the Adrenal Gland	C7456: Metastatic Malignant Neoplasm in the Ovary	C7080: Metastatic Malignant Neoplasm in the Prostate Gland	C4581: Metastatic Malignant Neoplasm in the Large Intestine	C4584: Metastatic Malignant Neoplasm in the Testis	C4887: Metastatic Malignant Neoplasm in the Trachea	C6332: Metastatic Malignant Neoplasm in the Vulva	C6333: Metastatic Malignant Neoplasm in the Vagina	C6385: Metastatic Malignant Neoplasm in the Uterine Cervix	C7460: Metastatic Malignant Neoplasm in the Anus	C7479: Metastatic Malignant Neoplasm in the Esophagus	C7482: Metastatic Malignant Neoplasm in the Gallbladder	C7524: Metastatic Malignant Neoplasm in the Small Intestine	C7544: Metastatic Malignant Neoplasm in the Ureter	C7549: Metastatic Malignant Neoplasm in the Kidney	C7573: Metastatic Malignant Neoplasm in the Urethra	C8543: Metastatic Malignant Neoplasm in the Pancreas	C8544: Metastatic Malignant Neoplasm in the Epididymis	C8546: Metastatic Malignant Neoplasm in the Placenta	C95903: Metastatic Malignant Neoplasm in the Stomach	C96953: Metastatic Malignant Neoplasm in the Extrahepatic Bile Ducts	C40220: Endometrioid Stromal Sarcoma of the Cervix	C40270: Endometrioid Stromal Sarcoma of the Vagina	C27791: Non-Invasive Verrucous Carcinoma of the Penis	C5728: Solid Pseudopapillary Carcinoma of the Pancreas	C95909: Preinvasive Neoplasm of the Ampullary Region	C2879: Neoplasm of the Diffuse Neuroendocrine System	C27942: Intraductal Proliferative Lesion of the Breast	C5195: Atypical Hyperplasia of the Breast	C4491: Glomus Tumor of the Skin	C5294: Deletion of the Short Arm of Chromosome 1 (1p) Associated Meningioma	C7729: Squamous Cell Carcinoma of the Penis	C27817: Paget Disease of the Penis	C39807: Mucinous Tubular and Spindle Cell Carcinoma of the Kidney	C4264: Clear Cell Sarcoma of the Kidney	C161608: Extrarenal Rhabdoid Tumor of the Prostate	C155305: Cutaneous Melanoma of the Extremity	C4628: Malignant Neoplasm of the Meninges	C5434: Schwannoma of the Twelfth Cranial Nerve	C6808: Dermoid Cyst of the Spinal Cord	C45754: Cystic Tumor of the Atrioventricular Node	C67214: Peripheral Primitive Neuroectodermal Tumor of the Kidney	C40268: Botryoid-Type Embryonal Rhabdomyosarcoma of the Vagina	C4401: Floor of the Mouth Neoplasm	C4957: Benign Neoplasm of the Meninges	C39950: Tumor of the Thecoma/Fibroma Group	C40218: Endometrioid Stromal and Related Neoplasms of the Cervix	C40269: Endometrioid Stromal and Related Neoplasms of the Vagina	C7017: Granular Cell Tumor of the Sellar Region	C5592: Chordoid Glioma of the Third Ventricle	C37214: Colloid Carcinoma of the Pancreas	C5598: Paget Disease of the Anus	C95458: Mixed Acinar-Ductal Carcinoma of the Pancreas	C47857: Paget Disease of the Breast	C28292: Squamous Cell Carcinoma In Situ of the Nipple	C150572: Bladder Carcinoma Infiltrating the Muscle of the Bladder Wall	C8904: Stage I Squamous Cell Carcinoma of the Bladder AJCC v6 and v7	C133252: Cutaneous Squamous Cell Carcinoma of the Head and Neck	C7728: Paget Disease of the Scrotum	C62192: Intraductal Carcinoma of the Minor Salivary Gland	C133187: Mucosal Melanoma of the Head and Neck	C146848: Malignant Mediastinal Germ Cell Tumor Stage Grouping of the Pediatric Study Group	C36098: Childhood Botryoid-Type Embryonal Rhabdomyosarcoma of the Vulva	C136694: Soft Tissue Sarcoma of the Trunk and Extremities by AJCC v8 Stage	C7434: AIDS-Related Non-Hodgkin Lymphoma of the Cervix	C40379: Angiosarcoma of the Skin of the Arm after Radical Mastectomy followed by Lymphedema	C6630: Malignant Melanotic Peripheral Nerve Sheath Tumor of the Mediastinum	C39586: T-Cell Large Granular Lymphocyte Leukemia Expressing the T-Cell Receptor Gamma-Delta	C37212: Solid Pseudopapillary Neoplasm of the Pancreas	C3532: Malignant Neoplasm of the Thoracic Esophagus	C3535: Malignant Neoplasm of the Lower Third of the Esophagus	C3533: Malignant Neoplasm of the Upper Third of the Esophagus	C6964: Neuroblastoma of the Adrenal Gland and Sympathetic Nervous System	C4469: Tumor of the Follicular Infundibulum	C37268: Atypical Small Acinar Proliferation of the Prostate Gland	C7138: Solitary Mastocytoma of the Skin	C38154: Clear Cell Myomelanocytic Tumor of the Falciform Ligament/Ligamentum Teres	C67559: Rosette-Forming Glioneuronal Tumor of the Fourth Ventricle	C4027: Paget Disease of the Vulva	C7976: Distal 1/3 of the Common Bile Duct Adenocarcinoma	C27413: Adenoma of the Colon with Intramucosal Adenocarcinoma	C8254: Recurrent Urothelial Carcinoma of the Renal Pelvis and Ureter	C8064: Metastatic Urothelial Carcinoma of the Renal Pelvis and Ureter	C8168: Regional Urothelial Carcinoma of the Renal Pelvis and Ureter	C62571: Bowen Disease of the Skin	C6878: Mixed Acinar-Neuroendocrine Carcinoma of the Pancreas	C6879: Mixed Ductal-Neuroendocrine Carcinoma of the Pancreas	C95460: Mixed Acinar-Neuroendocrine-Ductal Carcinoma of the Pancreas	C5555: Cloacogenic Carcinoma of the Rectum	C71720: Primary Diffuse Large B-Cell Lymphoma of the Central Nervous System	C40302: Benign Mixed Tumor of the Vulva	C7053: Cavernous Hemangioma of the Face	C129427: Multinodular and Vacuolated Tumor of the Cerebrum	C80290: Plasmablastic Lymphoma of the Oral Mucosa,,123,0,,Neoplastic Process* Disease or Syndrome* Pathologic Function,Eukaryote* Gene or Genome,"['(A24338539, HGNC)--C2681086: THES', '(A29130235, NCBI)--C4553276: Thes']",the
"C65180: Squamous Cell Carcinoma, Clear Cell Type	C45503: Lung Squamous Cell Carcinoma, Clear Cell Variant	C4451: Lung Large Cell Carcinoma, Clear Cell Variant	C39827: Infiltrating Bladder Urothelial Carcinoma, Clear Cell Variant",C2916: Carcinoma,4,1,,Neoplastic Process,Neoplastic Process,"['(A18634455, CHV)--C0206681: carcinoma clear cell']",carcinoma,clear,cell
"C27823: Malignant Lymphoma, Large Cell Type	C27265: Malignant Lymphoma, Large Cell, Cleaved",C3208: Lymphoma,2,1,"['C0334641', 'C0456867', 'C0456863', 'C0079744']",Neoplastic Process,Neoplastic Process,"['(A3549177, SNOMEDCT_US)--C0079744: Malignant lymphoma, large cell']",malignant,lymphoma,large,cell
C126598: Thyroid Gland Noninvasive Follicular Neoplasm with Papillary-Like Nuclear Features	C155978: Thyroid Gland Follicular Tumor of Uncertain Malignant Potential	C138181: In Situ Follicular Neoplasia	C7367: Hair Follicle Neoplasm,C3262: Neoplasm,4,1,,Neoplastic Process,Neoplastic Process,"['(A3465269, SNOMEDCT_US)--C0474808: Follicular neoplasm', '(A18570630, CHV)--C0474808: follicular neoplasm', '(A18626436, CHV)--C0474808: follicular neoplasms', '(A0945263, RCDAE)--C0474808: Follicular tumor', '(A3133196, SNOMEDCT_US)--C0474808: Follicular tumor', '(A18695143, CHV)--C0474808: follicular tumor', '(A0945264, RCD)--C0474808: Follicular tumour', '(A3133197, SNOMEDCT_US)--C0474808: Follicular tumour', '(A18676727, CHV)--C0474808: follicular tumors']",follicle,neoplasm
C115445: Recurrent Childhood Kidney Neoplasm	C162702: Recurrent Childhood Malignant Neoplasm	C9045: Recurrent Childhood Central Nervous System Neoplasm	C123393: Recurrent Childhood Lymphomatoid Granulomatosis	C115368: Recurrent Childhood Undifferentiated High Grade Pleomorphic Sarcoma of Bone	C8309: Recurrent Childhood Large Cell Lymphoma,,6,0,,Neoplastic Process,Neoplastic Process,"['(A18599440, CHV)--C0278519: recurrent pediatric', '(A18673724, CHV)--C0278519: recurrent childhood']",recurrent,pediatric
C3417: Tonsillar Neoplasm,,1,0,,Neoplastic Process,"Body Part, Organ, or Organ Component","['(A0466615, SNMI)--C0040421: Tonsillar', '(A18668741, CHV)--C0040421: tonsillar']",tonsilar
C3355: Respiratory Tract Neoplasm	C35778: Gastrointestinal Stromal Tumor of the Gastrointestinal Tract	C139021: Indolent T-Cell Lymphoproliferative Disorder of the Gastrointestinal Tract	C156781: Biliary Tract Carcinoma,,4,0,,Neoplastic Process,"Body Part, Organ, or Organ Component","['(A2668366, UWDA)--C1185740: Tract', '(A15388500, FMA)--C1185740: Tract', '(A18663206, CHV)--C1185740: tract', '(A18607535, CHV)--C1185740: tracts']",tract
C6887: Thymoma Type B1,,1,0,,Neoplastic Process,Classification,"['(A27109867, LNC)--C4264486: Type B1']",type,b1
C96488: Colorectal Cribriform Comedo-Type Adenocarcinoma,C2852: Adenocarcinoma,1,1,,Neoplastic Process,Neoplastic Process,"['(A27459127, LNC)--C4296895: Cribriform comedo-type adenocarcinoma', '(A28420435, SNOMEDCT_US)--C4296895: Cribriform comedo-type adenocarcinoma']",cribriform,comedo type,adenocarcinoma
C49115: Cavernous Angioleiomyoma	C5268: Cavernous Sinus Meningioma	C3086: Cavernous Hemangioma	C53316: Cavernous Lymphangioma,,4,0,,Neoplastic Process,Spatial Concept,"['(A0358406, SNMI)--C0205201: Cavernous', '(A2921067, SNOMEDCT_US)--C0205201: Cavernous', '(A18578481, CHV)--C0205201: cavernous']",cavernous
C9233: Juvenile Myelomonocytic Leukemia	C9503: Juvenile Breast Papillomatosis	C3451: Juvenile Xanthogranuloma	C4276: Breast Juvenile Fibroadenoma	C4207: Juvenile Type Granulosa Cell Tumor	C27081: Juvenile Pilocytic Astrocytoma,,6,0,,Neoplastic Process,Age Group,"['(A0426545, RCD)--C3146221: Juvenile', '(A0426546, SNM)--C3146221: Juvenile', '(A0426547, SNMI)--C3146221: Juvenile', '(A2935282, SNOMEDCT_US)--C3146221: Juvenile', '(A1394516, AOD)--C3146221: juvenile', '(A18671486, CHV)--C3146221: juvenile', '(A18652893, CHV)--C3146221: juveniles']",juvenile
C129852: Chronic Myelomonocytic Leukemia with Eosinophilia Associated with t(5;12)(q31;p12)	C3178: Chronic Myelomonocytic Leukemia	C9233: Juvenile Myelomonocytic Leukemia	C7463: Acute Myelomonocytic Leukemia,C3161: Leukemia,4,1,"['C0023480', 'C0027019']",Neoplastic Process,Neoplastic Process,"['(A0013335, RCDAE)--C0027019: Myelomonocytic leukemia', '(A0013336, SNM)--C0027019: Myelomonocytic leukemia', '(A26957282, OMIM)--C0027019: Myelomonocytic leukemia', '(A2877500, SNOMEDCT_US)--C0027019: Myelomonocytic leukemia', '(A2877501, SNOMEDCT_US)--C0027019: Myelomonocytic leukemia', '(A4710262, MTH)--C0027019: Myelomonocytic leukemia', '(A18648224, CHV)--C0027019: myelomonocytic leukemia', '(A18592829, CHV)--C0027019: myelomonocytic leukemia', '(A4436693, ICPC2ICD10ENG)--C0027019: myelomonocytic; leukemia', '(A0748582, RCD)--C0027019: Myelomonocytic leukaemia', '(A3047127, SNOMEDCT_US)--C0027019: Myelomonocytic leukaemia', '(A3047126, SNOMEDCT_US)--C0027019: Myelomonocytic leukaemia']",myelomonocytic,leukemia
C134810: Distal Bile Duct Cancer by AJCC v7 Stage	C134811: Distal Bile Duct Cancer by AJCC v8 Stage,,2,0,,Neoplastic Process,Neoplastic Process,"['(A29939455, PDQ)--C4733473: distal bile duct cancer']",distal,bile,duct,cancer
C9281: Follicular Dendritic Cell Sarcoma	C9282: Interdigitating Dendritic Cell Sarcoma,C9118: Sarcoma,2,1,['C1260326'],Neoplastic Process,Neoplastic Process,"['(A18663305, CHV)--C1260326: dendritic cell sarcoma']",dendrite,cell,sarcoma
C136880: Merkel Cell Carcinoma by AJCC v8 Pathologic Stage	C137657: Cutaneous Melanoma by AJCC v8 Pathologic Stage	C133412: Esophageal Adenocarcinoma by AJCC v8 Pathologic Stage	C133563: Gastroesophageal Junction Adenocarcinoma by AJCC v8 Pathologic Stage	C133640: Gastric Cancer by AJCC v8 Pathologic Stage	C133445: Esophageal Squamous Cell Carcinoma by AJCC v8 Pathologic Stage	C140756: Retinoblastoma by AJCC v8 Pathologic Stage	C132884: HPV-Mediated (p16-Positive) Oropharyngeal Carcinoma by AJCC v8 Pathologic Stage,,8,0,,Neoplastic Process,Clinical Attribute,"['(A3904335, SNOMEDCT_US)--C1320480: Pathologic stage', '(A18682339, CHV)--C1320480: pathologic stage', '(A18700897, CHV)--C1320480: pathologic staging']",pathologic,faze
C5102: Lacrimal System Neoplasm,,1,0,,Neoplastic Process,Clinical Attribute* Qualitative Concept,"['(A20865501, LNC)--C1550271: Lacrimal', '(A23481842, LNC)--C1550271: Lacrimal', '(A8313771, HL7V2.5)--C1550271: Lacrimal', '(A20921351, MTH)--C1550271: Lacrimal', '(A20875961, LNC)--C3483147: Lacrimal']",lacrimal
C95488: Non-Invasive Pancreatic Mucinous-Cystic Neoplasm	C27791: Non-Invasive Verrucous Carcinoma of the Penis	C41245: Pancreatic Non-Invasive Mucinous Cystadenocarcinoma	C162973: Non-Invasive Cribriform Carcinoma	C39854: Non-Invasive Urothelial Neoplasm	C65181: Non-Invasive Papillary Transitional Cell Carcinoma	C65164: Non-Invasive Papillary Squamous Cell Carcinoma,,7,0,,Neoplastic Process,Functional Concept,"['(A0358569, SNMI)--C0205303: Non-invasive', '(A2921186, SNOMEDCT_US)--C0205303: Non-invasive', '(A18671441, CHV)--C0205303: non-invasive']",invasive non
C129424: Diffuse Leptomeningeal Glioneuronal Tumor	C129431: Rosette-Forming Glioneuronal Tumor	C92554: Papillary Glioneuronal Tumor	C92550: Glioneuronal Tumor with Neuropil-Like Islands,C3262: Neoplasm,4,1,,Neoplastic Process,Neoplastic Process,"['(A25690341, MDR)--C2363902: Glioneuronal tumor', '(A27877206, MDR)--C2363902: Glioneuronal tumor', '(A28255111, HPO)--C2363902: Glioneuronal tumor', '(A28279503, MTH)--C2363902: Glioneuronal tumor', '(A25715638, MDR)--C2363902: Glioneuronal tumour', '(A15837178, MDR)--C2363902: Glioneuronal tumour']",glioneuronal,neoplasm
C27291: Ewing Sarcoma/Peripheral Primitive Neuroectodermal Tumor	C3716: Primitive Neuroectodermal Tumor	C129296: Glioblastoma with Primitive Neuronal Component	C39986: Ovarian Primitive Germ Cell Tumor,,4,0,,Neoplastic Process,Intellectual Product,"['(A22585335, SNOMEDCT_US)--C3645627: Primitive']",primitive
C54659: Acral Skin Nevus	C4022: Acral Lentiginous Melanoma	C121713: Acral Fibromyxoma	C139023: Primary Cutaneous Acral CD8-Positive T-Cell Lymphoma,,4,0,,Neoplastic Process,Spatial Concept,"['(A0857867, RCD)--C0439746: Acral', '(A28256279, HPO)--C0439746: Acral', '(A3091895, SNOMEDCT_US)--C0439746: Acral', '(A18639004, CHV)--C0439746: acral']",acral
C3686: Salivary Gland Monomorphic Adenoma,C2855: Adenoma,1,1,['C0205649'],Neoplastic Process,Neoplastic Process,"['(A0314452, ICD10AM)--C0205649: Monomorphic adenoma', '(A0314453, RCD)--C0205649: Monomorphic adenoma', '(A0314454, SNM)--C0205649: Monomorphic adenoma', '(A0314455, SNMI)--C0205649: Monomorphic adenoma', '(A2895352, SNOMEDCT_US)--C0205649: Monomorphic adenoma', '(A18597155, CHV)--C0205649: monomorphic adenoma', '(A0359116, MSH)--C0205649: Monomorphic Adenomas', '(A0435984, MSH)--C0205649: Monomorphic Adenoma']",monomorphic,adenoma
"C128043: Cervical Low Grade Neuroendocrine Tumor, Grade 1	C94676: Cervical Intraepithelial Neoplasia Grade 2/3",C3262: Neoplasm,2,1,,Neoplastic Process,Diagnostic Procedure,"['(A19591841, MSH)--C3179006: Neoplasm Grading', '(A26672918, MSH)--C3179006: Tumor Grading']",neoplasm,grade
"C95514: Pancreatic Intraductal Papillary Mucinous Neoplasm, Oncocytic-Type	C95508: Pancreatic Intraductal Papillary Mucinous Neoplasm, Gastric-Type	C95510: Pancreatic Intraductal Papillary Mucinous Neoplasm, Intestinal-Type	C95512: Pancreatic Intraductal Papillary Mucinous Neoplasm, Pancreatobiliary-Type",C7070: Mucinous Neoplasm,4,1,"['C2987197', 'C4511687']",Neoplastic Process,Neoplastic Process,"['(A29484462, MSH)--C4511687: Pancreatic Intraductal Papillary Mucinous Neoplasm']",pancreatic,intraductal,papillary,mucinous,neoplasm
C66776: Gonadal Polyembryoma,,1,0,,Neoplastic Process,Neoplastic Process,"['(A0774632, ICD10AM)--C0334518: Polyembryoma', '(A0774633, RCD)--C0334518: Polyembryoma', '(A0774634, SNM)--C0334518: Polyembryoma', '(A0774635, SNMI)--C0334518: Polyembryoma', '(A3059349, SNOMEDCT_US)--C0334518: Polyembryoma', '(A14104911, MEDCIN)--C0334518: polyembryoma']",polyembryoma
C3443: Vulvar Neoplasm,,1,0,,Neoplastic Process,"Body Part, Organ, or Organ Component","['(A0358078, SNMI)--C0042993: Vulvar', '(A1623269, CCPSS)--C0042993: VULVAR']",vulvar
C148429: Recurrent Acute Leukemia,,1,0,,Neoplastic Process,Temporal Concept,"['(A1065112, RCD)--C0439589: Recurrent acute', '(A3191889, SNOMEDCT_US)--C0439589: Recurrent acute']",recurrent,acute
C7999: Malignant Type A Thymoma	C146640: Atypical Type A Thymoma,C3411: Thymoma,2,1,"['C0279707', 'C1266091']",Neoplastic Process,Neoplastic Process,"['(A4361901, PDQ)--C1266091: type A thymoma']",type,a,thymoma
"C27263: Spindle Cell Neoplasm	C66756: Mixed Epithelioid and Spindle Cell Melanoma	C4237: Spindle Cell Melanoma	C27005: Spindle Cell Sarcoma	C155957: Thyroid Gland Spindle Cell Follicular Adenoma	C121654: Spindle Cell/Sclerosing Rhabdomyosarcoma	C65160: Giant Cell and Spindle Cell Carcinoma	C39807: Mucinous Tubular and Spindle Cell Carcinoma of the Kidney	C5838: Gallbladder Undifferentiated Carcinoma, Spindle and Giant Cell Type	C4751: Pigmented Spindle Cell Nevus	C94537: Spindle Cell Oncocytoma	C27792: Spindle Cell Type Gastrointestinal Stromal Tumor	C4201: Adenocarcinoma with Spindle Cell Metaplasia	C4666: Spindle Cell (Sarcomatoid) Squamous Cell Skin Carcinoma	C129289: Gingival Spindle Cell Carcinoma	C40358: Squamous Cell Breast Carcinoma, Spindle Cell Variant	C54336: Laryngeal Squamous Cell Carcinoma, Spindle Cell Variant	C95608: Esophageal Spindle Cell Carcinoma	C45541: Lung Spindle Cell Carcinoma	C27489: Spindle Cell Liposarcoma	C66758: Spindle Cell Nevus	C7180: Spindle Cell/Pleomorphic Lipoma	C27850: Endometrial Endometrioid Adenocarcinoma with Spindled Epithelial Cells	C156045: Spindle Cell Variant Thyroid Gland Papillary Carcinoma	C46105: Thyroid Gland Spindle Cell Tumor with Thymus-Like Differentiation	C4277: Spindle Cell Synovial Sarcoma	C4754: Spindle Cell Hemangioma	C27546: Spindle Cell Type Atypical Fibroxanthoma	C43346: Ductal Eccrine Carcinoma with Spindle Cell Elements",,29,0,,Neoplastic Process,Cell Component,"['(A2666992, UWDA)--C1166795: Spindle', '(A15496992, FMA)--C1166795: Spindle', '(A11601281, GO)--C1166795: spindle', '(A18570158, CHV)--C1166795: spindle', '(A18700096, CHV)--C1166795: spindles']",spindle
C150209: Metastatic Nasopharyngeal Squamous Cell Carcinoma,C2929: Squamous Cell Carcinoma,1,1,,Neoplastic Process,Neoplastic Process,"['(A25719631, MDR)--C0279698: Nasopharyngeal squamous cell carcinoma', '(A4346037, PDQ)--C0279698: nasopharyngeal squamous cell carcinoma']",nasopharyngeal,squamous,cell,carcinoma
C7383: Bladder Papillary Urothelial Carcinoma	C6148: Renal Pelvis Papillary Urothelial Carcinoma,C4030: Urothelial Carcinoma,2,1,,Neoplastic Process,Neoplastic Process,"['(A3616342, SNOMEDCT_US)--C1368911: Papillary urothelial carcinoma']",papillary,urothelial,carcinoma
C6624: Mediastinal Neurogenic Neoplasm	C67155: Olfactory Neurogenic Tumor,C3262: Neoplasm,2,1,,Neoplastic Process,Neoplastic Process,"['(A29786470, MDR)--C4552295: Neurogenic tumor', '(A28943708, MDR)--C4552295: Neurogenic tumor', '(A28943514, MDR)--C4552295: Neurogenic tumour', '(A28943918, MDR)--C4552295: Neurogenic tumour']",neurogenic,neoplasm
C136873: Clinical Stage I Merkel Cell Carcinoma AJCC v8	C137648: Clinical Stage I Cutaneous Melanoma AJCC v8	C133403: Clinical Stage I Esophageal Adenocarcinoma AJCC v8	C133552: Clinical Stage I Gastroesophageal Junction Adenocarcinoma AJCC v8	C133648: Clinical Stage I Gastric Cancer AJCC v8	C133448: Clinical Stage I Esophageal Squamous Cell Carcinoma AJCC v8	C132885: Clinical Stage I HPV-Mediated (p16-Positive) Oropharyngeal Carcinoma AJCC v8	C140752: Clinical Stage I Retinoblastoma AJCC v8,,8,0,,Neoplastic Process,Qualitative Concept,"['(A0358958, SNM)--C0205564: Clinical stage I', '(A0358959, SNMI)--C0205564: Clinical stage I', '(A2921495, SNOMEDCT_US)--C0205564: Clinical stage I']",clinical,faze,i
C158622: Borderline Serous Cystadenofibroma	C126477: Broad Ligament Serous Cystadenofibroma	C40032: Ovarian Serous Cystadenofibroma	C40114: Fallopian Tube Serous Cystadenofibroma,C8985: Cystadenofibroma,4,1,"['C4289908', 'C4287895', 'C0334498']",Neoplastic Process,Neoplastic Process,"['(A0794721, RCD)--C0334498: Serous cystadenofibroma', '(A0794722, SNM)--C0334498: Serous cystadenofibroma', '(A0794723, SNMI)--C0334498: Serous cystadenofibroma', '(A3070229, SNOMEDCT_US)--C0334498: Serous cystadenofibroma']",serous,cystadenofibroma
C3139: Infratentorial Neoplasm	C131613: Infratentorial and Spinal Cord Ependymal Tumor,,2,0,,Neoplastic Process,Spatial Concept,"['(A0969443, RCD)--C0441939: Infratentorial', '(A3145738, SNOMEDCT_US)--C0441939: Infratentorial', '(A18620362, CHV)--C0441939: infratentorial']",infratentorial
C7711: Adult Liver Carcinoma	C7110: Recurrent Liver Carcinoma	C153352: Refractory Liver Carcinoma	C154088: Metastatic Liver Carcinoma,C2916: Carcinoma,4,1,,Neoplastic Process,Neoplastic Process,"['(A1257740, RCD)--C2239176: Liver carcinoma', '(A25711011, MDR)--C2239176: Liver carcinoma', '(A3262659, SNOMEDCT_US)--C2239176: Liver carcinoma', '(A14196041, MTH)--C2239176: Liver carcinoma', '(A0428035, CST)--C2239176: LIVER CARCINOMA', '(A18647664, CHV)--C2239176: liver carcinoma']",liver,carcinoma
C3473: Choroid Plexus Neoplasm	C5822: Nerve Plexus Neoplasm	C4719: Choroid Plexus Meningioma,,3,0,,Neoplastic Process,"Body Part, Organ, or Organ Component","['(A2655474, UWDA)--C1184808: Plexus', '(A15468832, FMA)--C1184808: Plexus', '(A18570273, CHV)--C1184808: plexus']",plexus
C6088: External Auditory Canal Ceruminous Adenoma	C5307: Internal Auditory Canal Meningioma,,2,0,,Neoplastic Process,"Body Part, Organ, or Organ Component","['(A0013840, SNM)--C0013444: Auditory canal', '(A0013841, UWDA)--C0013444: Auditory canal', '(A15483932, FMA)--C0013444: Auditory canal', '(A18251795, LNC)--C0013444: Auditory canal', '(A23489351, LNC)--C0013444: Auditory canal', '(A2877715, SNOMEDCT_US)--C0013444: Auditory canal', '(A1387788, AOD)--C0013444: auditory canal', '(A18665416, CHV)--C0013444: auditory canal']",auditory,canal
C4380: Scrotal Neoplasm,,1,0,,Neoplastic Process,"Body Part, Organ, or Organ Component","['(A0358118, RCD)--C0036471: Scrotal', '(A0358119, SNMI)--C0036471: Scrotal', '(A2920862, SNOMEDCT_US)--C0036471: Scrotal']",scrotal
C40213: Cervical Adenoid Basal Carcinoma	C40262: Vaginal Adenoid Basal Carcinoma,C2916: Carcinoma,2,1,,Neoplastic Process,Neoplastic Process,"['(A3485260, SNOMEDCT_US)--C1266007: Adenoid basal carcinoma']",adenoid,basal,carcinoma
C136878: Clinical Stage IV Merkel Cell Carcinoma AJCC v8	C137656: Clinical Stage IV Cutaneous Melanoma AJCC v8	C133408: Clinical Stage IV Esophageal Adenocarcinoma AJCC v8	C133557: Clinical Stage IV Gastroesophageal Junction Adenocarcinoma AJCC v8	C133651: Clinical Stage IV Gastric Cancer AJCC v8	C133451: Clinical Stage IV Esophageal Squamous Cell Carcinoma AJCC v8	C132893: Clinical Stage IV HPV-Mediated (p16-Positive) Oropharyngeal Carcinoma AJCC v8	C140755: Clinical Stage IV Retinoblastoma AJCC v8,,8,0,,Neoplastic Process,Qualitative Concept,"['(A0359000, SNM)--C0205585: Clinical stage IV', '(A0359001, SNMI)--C0205585: Clinical stage IV', '(A27174275, SNOMEDCT_US)--C0205585: Clinical stage IV']",clinical,faze,iv
C7571: Benign Melanocytic Skin Nevus	C54659: Acral Skin Nevus	C54660: Flexural Skin Nevus,,3,0,,Neoplastic Process,Neoplastic Process,"['(A23133455, SNOMEDCT_VET)--C1302724: Skin nevus']",skin,nevus
C7566: Sporadic Breast Carcinoma	C150359: Bilateral Synchronous Sporadic Renal Cell Carcinoma	C43527: Sporadic Gastric Adenocarcinoma	C42596: Sporadic Retinoblastoma	C27890: Sporadic Papillary Renal Cell Carcinoma	C46098: Sporadic Thyroid Gland Medullary Carcinoma	C43351: Sporadic Cylindroma	C27914: Sporadic Burkitt Lymphoma,,8,0,,Neoplastic Process,Finding* Temporal Concept,"['(A0358764, RCD)--C0205422: Sporadic', '(A0358765, SNMI)--C0205422: Sporadic', '(A2921336, SNOMEDCT_US)--C0205422: Sporadic', '(A18689942, CHV)--C0205422: sporadic', '(A18689943, CHV)--C0205422: sporadics', '(A24671148, HPO)--C1853237: Sporadic']",sporadic
C5246: Benign Ovarian Partly Luteinized Thecoma	C4203: Ovarian Luteinized Thecoma,C3405: Thecoma,2,1,['C0334399'],Neoplastic Process,Neoplastic Process,"['(A0733870, RCDAE)--C0334399: Luteinized thecoma', '(A4432409, ICPC2ICD10ENG)--C0334399: luteinized; thecoma', '(A0733865, RCD)--C0334399: Luteinised thecoma']",lutenize,thecoma
C3529: Malignant Soft Palate Neoplasm	C4404: Benign Soft Palate Neoplasm,C4402: Palate Neoplasm,2,1,"['C0153376', 'C0345553']",Neoplastic Process,Neoplastic Process,"['(A25738389, MDR)--C0345553: Soft palate neoplasm']",soft,palate,neoplasm
"C4460: Acantholytic Squamous Cell Skin Carcinoma	C54337: Laryngeal Acantholytic Squamous Cell Carcinoma	C40359: Squamous Cell Breast Carcinoma, Acantholytic Variant	C27517: Acantholytic Acanthoma",,4,0,,Neoplastic Process,Qualitative Concept,"['(A0853282, RCD)--C0443130: Acantholytic', '(A3089831, SNOMEDCT_US)--C0443130: Acantholytic', '(A18657672, CHV)--C0443130: acantholytic']",acantholytic
C2995: Duodenal Neoplasm,,1,0,,Neoplastic Process,"Body Part, Organ, or Organ Component","['(A0407954, CST)--C0013303: Duodenal', '(A0407955, RCD)--C0013303: Duodenal', '(A0407956, SNMI)--C0013303: Duodenal', '(A2929356, SNOMEDCT_US)--C0013303: Duodenal', '(A1617724, CCPSS)--C0013303: DUODENAL']",duodenal
C3898: Extranodal Marginal Zone Lymphoma of Mucosa-Associated Lymphoid Tissue,C4341: Marginal Zone Lymphoma,1,1,,Neoplastic Process,Neoplastic Process,"['(A15180261, MEDCIN)--C2200312: marginal zone lymphoma of mucosa-associated lymphoid tissue', '(A15660214, MTH)--C2200312: marginal zone lymphoma of mucosa-associated lymphoid tissue']",margin,zone,lymphoma,of,associate mucosa,lymphoid,tissue
C7504: Adult Cystic Nephroma	C6569: Congenital Mesoblastic Nephroma	C157745: Childhood Cystic Nephroma,,3,0,,Neoplastic Process,Neoplastic Process* Fungus,"['(A0752120, RCD)--C0027708: Nephroma', '(A3048749, SNOMEDCT_US)--C0027708: Nephroma', '(A3048748, SNOMEDCT_US)--C0027708: Nephroma', '(A18648725, CHV)--C0027708: nephroma', '(A4438008, ICPC2ICD10ENG)--C0027708: nephroma', '(A18648726, CHV)--C0027708: nephromas', '(A0752119, NCBI)--C1014240: Nephroma', '(A18644207, CHV)--C1014240: nephroma', '(A18662814, CHV)--C1014240: nephromas']",nephroma
C134604: Intrahepatic Bile Duct Cancer by AJCC v8 Stage,,1,0,,Neoplastic Process,Neoplastic Process,"['(A25735645, MDR)--C0546835: Intrahepatic bile duct cancer', '(A29945513, PDQ)--C0546835: Intrahepatic bile duct cancer', '(A24805531, SNOMEDCT_US)--C0546835: Intrahepatic bile duct cancer', '(A29951602, PDQ)--C0546835: intrahepatic bile duct cancer']",intrahepatic,bile,duct,cancer
C4234: Giant Congenital Nevus	C66755: Proliferative Dermal Lesion in Congenital Nevus	C4235: Melanoma Arising in Giant Congenital Nevus,,3,0,,Neoplastic Process,Neoplastic Process,"['(A0678610, SNM)--C1306726: Congenital nevus', '(A25707164, MDR)--C1306726: Congenital nevus', '(A27876223, MDR)--C1306726: Congenital nevus', '(A9336907, ICPC2P)--C1306726: congenital nevus', '(A18570817, CHV)--C1306726: congenital nevus', '(A9336906, ICPC2P)--C1306726: congenital naevus', '(A25715465, MDR)--C1306726: Congenital naevus', '(A12057579, MDR)--C1306726: Congenital naevus']",congenital,nevus
"C81758: Fibroblastic Reticular Cell Tumor	C66847: Hodgkin's Disease, Lymphocyte Depletion, Reticular",,2,0,,Neoplastic Process,Spatial Concept,"['(A1070049, RCD)--C0439739: Reticular', '(A3195024, SNOMEDCT_US)--C0439739: Reticular', '(A18583091, CHV)--C0439739: reticular']",reticular
"C3720: Anaplastic Large Cell Lymphoma	C8874: Recurrent Primary Mediastinal (Thymic) Large B-Cell Cell Lymphoma	C7200: Anaplastic Large Cell Lymphoma, Lymphomatoid Papulosis-Like Histology	C138192: Leukemic Nonnodal Mantle Cell Lymphoma	C8875: Refractory Primary Mediastinal (Thymic) Large B-Cell Cell Lymphoma	C7213: AIDS-Related Diffuse Large Cell Lymphoma	C7872: Adult Diffuse Large Cell Lymphoma	C8297: AIDS-Related Diffuse Small Cleaved Cell Lymphoma	C3210: Mixed Cell Lymphoma	C4337: Mantle Cell Lymphoma	C8310: Childhood Large Cell Lymphoma	C3464: Adult Diffuse Small Cleaved Cell Lymphoma	C8876: Ann Arbor Stage I Primary Mediastinal (Thymic) Large B-Cell Cell Lymphoma	C8877: Ann Arbor Stage II Primary Mediastinal (Thymic) Large B-Cell Cell Lymphoma	C8878: Ann Arbor Stage III Primary Mediastinal (Thymic) Large B-Cell Cell Lymphoma	C8879: Ann Arbor Stage IV Primary Mediastinal (Thymic) Large B-Cell Cell Lymphoma",C3208: Lymphoma,16,1,,Neoplastic Process,Cell,"['(A18699294, CHV)--C0883208: cell lymphoma']",cell,lymphoma
C4208: Ovarian Sex Cord Tumor with Annular Tubules	C127005: Uterine Corpus Tumor Resembling Ovarian Sex Cord Tumor,C3262: Neoplasm,2,1,"['C1519276', 'C1518734', 'C0600113']",Neoplastic Process,Neoplastic Process,"['(A11933187, OMIM)--C0600113: Ovarian sex cord tumors']",ovarian,sex,cord,neoplasm
C28337: Stage IV Testicular Non-Seminomatous Germ Cell Tumor	C3404: Testicular Neoplasm,,2,0,,Neoplastic Process,Spatial Concept* Disease or Syndrome,"['(A18671394, CHV)--C0205070: testicular', '(A0358110, SNMI)--C0205070: Testicular', '(A1207573, CST)--C0405581: TESTICULAR']",testicular
C40305: Vulvar Eccrine Adenocarcinoma	C43345: Ductal Eccrine Adenocarcinoma,C2852: Adenocarcinoma,2,1,,Neoplastic Process,Neoplastic Process,"['(A3409685, SNOMEDCT_US)--C1266066: Eccrine adenocarcinoma']",eccrine,adenocarcinoma
"C7069: Giant Cell Neoplasm	C66759: Giant Cell Sarcoma	C65160: Giant Cell and Spindle Cell Carcinoma	C63622: Undifferentiated Carcinoma with Osteoclast-Like Giant Cells	C39674: Anaplastic Large Cell Lymphoma, Giant Cell Rich Subtype	C4273: Breast Giant Fibroadenoma	C4234: Giant Congenital Nevus	C4700: Giant Cell Fibroblastoma	C97076: Giant Cell Angioblastoma	C40349: Breast Carcinoma with Osteoclastic Giant Cells	C40289: Vulvar Squamous Cell Carcinoma with Tumor Giant Cells	C4235: Melanoma Arising in Giant Congenital Nevus	C5699: Giant Fibrovascular Esophageal Polyp	C38108: Dermatofibrosarcoma Protuberans with Giant Cell Fibroblastoma-Like Differentiation	C27256: Giant Cell Angiofibroma	C6371: Giant Condyloma Acuminatum	C160818: Prostate Acinar Adenocarcinoma, Pleomorphic Giant Cell Variant	C39829: Infiltrating Bladder Urothelial Carcinoma with Giant Cells	C45203: Low Grade Fibromyxoid Sarcoma with Giant Collagen Rosettes	C3696: Subependymal Giant Cell Astrocytoma	C5723: Undifferentiated Pancreatic Carcinoma with Osteoclast-Like Giant Cells	C27777: Giant Hemangioma",,22,0,,Neoplastic Process* Disease or Syndrome,Disease or Syndrome,"['(A0358479, SNM)--C0017547: Giant', '(A2921119, SNOMEDCT_US)--C0017547: Giant', '(A18554499, CHV)--C0017547: giant', '(A18684402, CHV)--C0017547: giants']",giant
C6730: Sternal Neoplasm,,1,0,,Neoplastic Process,"Body Part, Organ, or Organ Component","['(A1091579, SNMI)--C0038293: Sternal']",sternal
C8694: T Lymphoblastic Leukemia/Lymphoma,,1,0,,Neoplastic Process,Cell,"['(A15439000, FMA)--C1515138: T lymphoblast']",t,lymphoblast
C94760: Non-Functioning Endocrine Neoplasm,,1,0,,Neoplastic Process,Finding,"['(A24108472, LNC)--C3841832: Non-functioning']",function non
C3717: Melanotic Neuroectodermal Tumor	C6970: Melanotic Schwannoma	C4748: Malignant Melanotic Peripheral Nerve Sheath Tumor	C66841: Melanotic Neurofibroma	C9497: Medulloblastoma with Melanotic Differentiation	C40351: Breast Carcinoma with Melanotic Features,,6,0,,Neoplastic Process,Functional Concept,"['(A18563133, CHV)--C0333618: melanotic', '(A0742360, SNMI)--C0333618: Melanotic']",melanotic
C7447: Granular Cell Odontogenic Fibroma	C3474: Granular Cell Tumor	C3681: Granular Cell Carcinoma	C27494: Granular Cell Leiomyosarcoma	C27398: Granular Cell Ameloblastoma,,5,0,,Neoplastic Process,Cell,"['(A1182537, CSP)--C0596630: granule cell']",granule,cell
C3436: Uveal Neoplasm,,1,0,,Neoplastic Process,"Body Part, Organ, or Organ Component","['(A1115144, SNMI)--C0042160: Uveal', '(A18557595, CHV)--C0042160: uveal']",uveal
C2880: Ovarian Sertoli-Leydig Cell Tumor,C3262: Neoplasm,1,1,,Neoplastic Process,Neoplastic Process,"['(A0364866, MSH)--C0206723: Sertoli-Leydig Cell Tumor', '(A6833424, MTH)--C0206723: Sertoli-Leydig Cell Tumor', '(A0457726, RCDAE)--C0206723: Sertoli-Leydig cell tumor', '(A0457727, SNM)--C0206723: Sertoli-Leydig cell tumor', '(A0457728, SNMI)--C0206723: Sertoli-Leydig cell tumor', '(A0457725, ICD10AMAE)--C0206723: Sertoli-Leydig cell tumor', '(A18615861, CHV)--C0206723: sertoli-leydig cell tumor', '(A1082575, RCD)--C0206723: Sertoli-Leydig cell tumour', '(A1082576, SNMI)--C0206723: Sertoli-Leydig cell tumour', '(A1082574, ICD10AM)--C0206723: Sertoli-Leydig cell tumour', '(A26645295, MSH)--C0206723: Sertoli-Leydig Cell Tumors', '(A2945099, SNOMEDCT_US)--C1318541: Sertoli-Leydig cell tumor', '(A3199625, SNOMEDCT_US)--C1318541: Sertoli-Leydig cell tumour']",leydig sertoli,cell,neoplasm
C4972: Nerve Sheath Neoplasm	C43324: Outer Hair Sheath and Infundibulum Neoplasm	C6485: Tendon Sheath Fibroma	C6499: Tendon Sheath Lipoma	C4538: Optic Nerve Sheath Meningioma,,5,0,,Neoplastic Process,"Body Part, Organ, or Organ Component* Medical Device","['(A25720592, MDR)--C0009653: Sheath', '(A23163789, SNOMEDCT_VET)--C0227952: Sheath']",sheath
C7027: Barrett Adenocarcinoma	C95613: Intraepithelial Neoplasia in Barrett Esophagus,,2,0,,Neoplastic Process,Disease or Syndrome,"['(A4408340, ICPC2ICD10ENG)--C0004763: Barrett']",barrett
"C9357: Hodgkin Lymphoma	C37869: B-Cell Lymphoma, Unclassifiable, with Features Intermediate between Diffuse Large B-Cell Lymphoma and Classic Hodgkin Lymphoma	C27809: Hodgkin's Lymphoma (Antiquated)",,3,0,,Neoplastic Process,Neoplastic Process,"['(A4393415, ICPC2ICD10ENG)--C0019829: Hodgkin']",hodgkin
C6026: Subglottic Hemangioma	C5972: Subglottic Carcinoma,,2,0,,Neoplastic Process,Body Location or Region,"['(A18621237, CHV)--C0521352: subglottic', '(A1093132, SNMI)--C0521352: Subglottic']",subglottic
C4474: Mixed Tumor of the Skin (Chondroid Syringoma)	C5629: Metastatic Malignant Neoplasm in the Skin	C4632: Dermoid Cyst of the Skin	C4491: Glomus Tumor of the Skin	C40379: Angiosarcoma of the Skin of the Arm after Radical Mastectomy followed by Lymphedema	C7138: Solitary Mastocytoma of the Skin	C62571: Bowen Disease of the Skin,,7,0,,Neoplastic Process,Body System,"['(A2668253, UWDA)--C0037267: The integument', '(A15446266, FMA)--C0037267: The integument']",the,skin
C6888: Thymoma Type B2,,1,0,,Neoplastic Process,Classification,"['(A27141695, LNC)--C4264485: Type B2']",type,b2
C40248: Vaginal Warty Carcinoma	C40287: Vulvar Warty Carcinoma	C6981: Warty Carcinoma of the Penis	C40191: Cervical Warty Carcinoma,C2916: Carcinoma,4,1,,Neoplastic Process,Neoplastic Process,"['(A3784872, SNOMEDCT_US)--C0206706: Warty carcinoma', '(A3784871, SNOMEDCT_US)--C3251817: Warty carcinoma']",warty,carcinoma
"C4432: Small Intestinal Neoplasm	C27244: Low Risk Small Intestinal Gastrointestinal Stromal Tumor	C27245: High Risk Small Intestinal Gastrointestinal Stromal Tumor	C27434: Intermediate Risk Small Intestinal Gastrointestinal Stromal Tumor	C27734: Very Low Risk Small Intestinal Gastrointestinal Stromal Tumor	C136769: Small Intestinal, Esophageal, Colorectal, Mesenteric, and Peritoneal Gastrointestinal Stromal Tumor by AJCC v8 Stage",,6,0,,Neoplastic Process,"Body Part, Organ, or Organ Component","['(A1087399, RCD)--C0021852: Small intestinal', '(A1087400, SNMI)--C0021852: Small intestinal', '(A3202028, SNOMEDCT_US)--C0021852: Small intestinal']",small,intestinal
C27710: Pulmonary Sulcus Neoplasm,,1,0,,Neoplastic Process,Body Space or Junction* Cell Component,"['(A15421703, FMA)--C1184482: Sulcus', '(A24356302, GO)--C3893558: sulcus']",sulcus
C3791: Central Neurocytoma	C92555: Extraventricular Neurocytoma	C155768: Sellar Neurocytoma	C67156: Olfactory Neurocytoma,,4,0,,Neoplastic Process,Neoplastic Process,"['(A0364845, ICD10AM)--C1622510: Neurocytoma', '(A0364848, SNM)--C1622510: Neurocytoma', '(A0364849, SNMI)--C1622510: Neurocytoma', '(A24679265, HPO)--C1622510: Neurocytoma', '(A25698258, MDR)--C1622510: Neurocytoma', '(A2921801, SNOMEDCT_US)--C1622510: Neurocytoma', '(A0364846, MSH)--C1622510: Neurocytoma', '(A18615859, CHV)--C1622510: neurocytoma', '(A15223117, MEDCIN)--C1622510: neurocytoma', '(A0364850, MSH)--C1622510: Neurocytomas', '(A18615860, CHV)--C1622510: neurocytomas']",neurocytoma
C35874: Endemic African Kaposi Sarcoma	C27122: Endemic Burkitt Lymphoma,,2,0,,Neoplastic Process,Functional Concept,"['(A8396201, MSH)--C0243130: endemics']",endemic
C7239: Hodgkin-Like Post-Transplant Lymphoproliferative Disorder	C36268: Hodgkin-Like Adult T-Cell Leukemia/Lymphoma,,2,0,,Neoplastic Process,Neoplastic Process,"['(A25718811, MDR)--C0235598: Hodgkins-like']",hodgkin like
"C27098: Hodgkin's Disease, Nodular Sclerosis, Mixed Cellularity	C27270: Hodgkin's Disease, Nodular Sclerosis, Lymphocyte Predominance	C27808: Hodgkin's Disease, Nodular Sclerosis, Lymphocyte Depletion",,3,0,,Neoplastic Process,Neoplastic Process,"[""(A0265688, ICD10AM)--C0152268: Hodgkin's disease, nodular sclerosis"", ""(A0265691, RCD)--C0152268: Hodgkin's disease, nodular sclerosis"", ""(A0265692, SNM)--C0152268: Hodgkin's disease, nodular sclerosis"", ""(A25685293, MDR)--C0152268: Hodgkin's disease, nodular sclerosis"", ""(A8342289, ICD9CM)--C0152268: Hodgkin's disease, nodular sclerosis"", ""(A2890413, SNOMEDCT_US)--C0152268: Hodgkin's disease, nodular sclerosis"", '(A17345254, SNOMEDCT_US)--C0152268: Hodgkin disease, nodular sclerosis', ""(A25685286, MDR)--C0152268: Hodgkin's disease nodular sclerosis"", ""(A21208771, MDR)--C0152268: Hodgkin's disease nodular sclerosis""]",hodgkin,disease,nodular,sclerose
C3127: Hypopharyngeal Neoplasm,,1,0,,Neoplastic Process,Body Location or Region,"['(A0963114, SNMI)--C0020629: Hypopharyngeal', '(A18554967, CHV)--C0020629: hypopharyngeal']",hypopharyngeal
C142823: Congenital Peribronchial Myofibroblastic Tumor	C6481: Inflammatory Myofibroblastic Tumor,C3262: Neoplasm,2,1,['C0334121'],Neoplastic Process,Neoplastic Process,"['(A25715538, MDR)--C0334121: Myofibroblastic tumor', '(A3572770, SNOMEDCT_US)--C0334121: Myofibroblastic tumor', '(A18644848, CHV)--C0334121: myofibroblastic tumor', '(A18570468, CHV)--C0334121: myofibroblastic tumors', '(A18626273, CHV)--C0334121: myofibroblastic tumour', '(A25748688, MDR)--C0334121: Myofibroblastic tumour', '(A3572772, SNOMEDCT_US)--C0334121: Myofibroblastic tumour']",myofibroblastic,neoplasm
C6783: Transitional Cell Neoplasm	C4333: Transitional Meningioma,,2,0,,Neoplastic Process,Spatial Concept* Idea or Concept,"['(A2668371, UWDA)--C1182674: Transitional', '(A15444091, FMA)--C1182674: Transitional', '(A18607515, CHV)--C1182674: transitional', '(A8312730, HL7V2.5)--C1548597: Transitional']",transitional
C3129: Hypothalamic Neoplasm,,1,0,,Neoplastic Process,"Body Part, Organ, or Organ Component","['(A0963201, SNMI)--C0020663: Hypothalamic', '(A18610651, CHV)--C0020663: hypothalamic']",hypothalamic
C6784: Cystic Neoplasm	C7504: Adult Cystic Nephroma	C4524: Multilocular Cystic Renal Neoplasm of Low Malignant Potential	C2970: Adenoid Cystic Carcinoma	C6566: Childhood Multilocular Cystic Renal Neoplasm	C7271: Borderline Ovarian Serous Papillary Cystic Tumor	C45754: Cystic Tumor of the Atrioventricular Node	C54319: Calcifying Cystic Odontogenic Tumor	C4129: Bile Duct Mucinous Cystic Neoplasm	C96881: Gallbladder Mucinous Cystic Neoplasm	C9014: Cystic Teratoma	C40042: Ovarian Mucinous Cystic Tumor with Mural Nodules	C40043: Ovarian Mucinous Cystic Tumor Associated with Pseudomyxoma Peritonei	C82890: Cystic Oncocytic Neoplasm	C157718: Acquired Cystic Disease-Associated Renal Cell Carcinoma	C27537: Skin Cystic Basal Cell Carcinoma	C3724: Cystic Hygroma	C5269: Intracerebral Cystic Meningioma,,18,0,,Neoplastic Process* Anatomical Abnormality,Qualitative Concept,"['(A0358412, RCD)--C0205207: Cystic', '(A0358413, SNMI)--C0205207: Cystic', '(A2921074, SNOMEDCT_US)--C0205207: Cystic', '(A29392331, LNC)--C0205207: Cystic', '(A12926285, MTH)--C0205207: Cystic', '(A18560070, CHV)--C0205207: cystic']",cystic
"C36012: Nodular Neoplasm	C4225: Nodular Melanoma	C7258: Nodular Lymphocyte Predominant Hodgkin Lymphoma	C27098: Hodgkin's Disease, Nodular Sclerosis, Mixed Cellularity	C27270: Hodgkin's Disease, Nodular Sclerosis, Lymphocyte Predominance	C27808: Hodgkin's Disease, Nodular Sclerosis, Lymphocyte Depletion	C3827: Nodular Fasciitis	C62282: Skin Nodular Basal Cell Carcinoma	C3518: Nodular Sclerosis Classic Hodgkin Lymphoma	C42058: Ganglioneuroblastoma, Nodular	C7568: Nodular Hidradenoma",,11,0,,Neoplastic Process* Disease or Syndrome,Qualitative Concept,"['(A0358562, RCD)--C0205297: Nodular', '(A0358563, SNMI)--C0205297: Nodular', '(A27127393, LNC)--C0205297: Nodular', '(A2921180, SNOMEDCT_US)--C0205297: Nodular', '(A18689918, CHV)--C0205297: nodular']",nodular
"C96830: Calcifying Nested Epithelial Stromal Tumor of the Liver	C39819: Infiltrating Bladder Urothelial Carcinoma, Nested Variant",,2,0,,Neoplastic Process,Gene or Genome,"['(A26964357, HGNC)--C3470496: NEST']",nest
C156340: Thyroid Gland Schwannoma	C156944: Adrenal Gland Schwannoma,C3269: Schwannoma,2,1,,Neoplastic Process,Neoplastic Process,"['(A31071340, SNOMEDCT_US)--C1275261: Glandular schwannoma', '(A31062301, SNOMEDCT_US)--C1275261: Glandular neurilemmoma']",gland,schwannoma
"C6500: Lumbosacral Lipoma	C131604: Lumbosacral Spinal Cord Ependymal Tumor	C131606: Thoracic and Lumbosacral Spinal Cord Ependymal Tumor	C131608: Cervical and Lumbosacral Spinal Cord Ependymal Tumor	C131609: Cervical, Thoracic, and Lumbosacral Spinal Cord Ependymal Tumor",,5,0,,Neoplastic Process,Spatial Concept,"['(A0990326, RCD)--C0450206: Lumbosacral', '(A3154750, SNOMEDCT_US)--C0450206: Lumbosacral', '(A18602059, CHV)--C0450206: lumbosacral']",lumbosacral
C136610: Bone Cancer by AJCC v7 Stage	C141098: Adrenal Cortex Carcinoma by AJCC v7 Stage	C140464: Urethral Cancer by AJCC v7 Stage	C91219: Fallopian Tube Cancer by AJCC v7 Stage	C136869: Merkel Cell Carcinoma by AJCC v7 Stage	C91229: Gallbladder Cancer by AJCC v7 Stage	C140032: Gestational Trophoblastic Tumor by AJCC v7 Stage	C91233: Prostate Cancer by AJCC v7 Stage	C91230: Breast Cancer by AJCC v7 Stage	C94775: Stage I Adult Liver Cancer AJCC v7	C94776: Stage II Adult Liver Cancer AJCC v7	C94777: Stage III Adult Liver Cancer AJCC v7	C94782: Stage IV Adult Liver Cancer AJCC v7	C140003: Primary Peritoneal Cancer by AJCC v7 Stage	C91202: Bladder Cancer by AJCC v7 Stage	C91234: Penile Cancer by AJCC v7 Stage	C91208: Cervical Cancer by AJCC v7 Stage	C91204: Vaginal Cancer by AJCC v7 Stage	C128106: Ovarian Cancer by AJCC v6 and v7 Stage	C91203: Vulvar Cancer by AJCC v7 Stage	C91232: Lung Cancer by AJCC v7 Stage	C91231: Cutaneous Melanoma by AJCC v7 Stage	C8083: Stage I Ovarian Germ Cell Tumor AJCC v6 and v7	C8084: Stage II Ovarian Germ Cell Tumor AJCC v6 and v7	C8085: Stage III Ovarian Germ Cell Tumor AJCC v6 and v7	C8086: Stage IV Ovarian Germ Cell Tumor AJCC v6 and v7	C136707: Soft Tissue Sarcoma by AJCC v7 Stage	C136374: Pleural Malignant Mesothelioma by AJCC v7 Stage	C135129: Digestive System Neuroendocrine Tumor by AJCC v7 Stage	C91255: Nasal Cavity and Paranasal Sinus Cancer by AJCC v7 Stage	C91201: Renal Cell Cancer by AJCC v7 Stage	C91228: Hepatocellular Carcinoma by AJCC v7 Stage	C132736: Lip and Oral Cavity Cancer by AJCC v6 and v7 Stage	C91223: Colorectal Cancer by AJCC v7 Stage	C91221: Esophageal Cancer by AJCC v7 Stage	C91222: Gastric Cancer by AJCC v7 Stage	C133716: Small Intestinal Cancer by AJCC v7 Stage	C134902: Pancreatic Cancer by AJCC v6 and v7 Stage	C133733: Appendix Carcinoma by AJCC v7 Stage	C134863: Ampulla of Vater Cancer by AJCC v7 Stage	C140999: Thyroid Gland Anaplastic Carcinoma by AJCC v7 Stage	C140511: Eyelid Carcinoma by AJCC v7 Stage	C140672: Uveal Melanoma by AJCC v7 Stage	C136708: Uterine Corpus Sarcoma by AJCC v7 Stage	C140959: Differentiated Thyroid Gland Carcinoma by AJCC v7 Stage	C132778: Major Salivary Gland Cancer by AJCC v7 Stage	C141041: Thyroid Gland Medullary Carcinoma by AJCC v7 Stage	C140376: Renal Pelvis and Ureter Cancer by AJCC v7 Stage	C134514: Intrahepatic Cholangiocarcinoma by AJCC v7 Stage	C133787: Anal Canal Cancer by AJCC v6 and v7 Stage	C133186: Mucosal Melanoma of the Head and Neck by AJCC v7 Stage	C91252: Pharyngeal Carcinoma by AJCC v7 Stage	C91256: Laryngeal Cancer by AJCC v7 Stage	C140241: Testicular Cancer by AJCC v6 and v7 Stage	C134742: Hilar Cholangiocarcinoma by AJCC v7 Stage	C141142: Mycosis Fungoides and Sezary Syndrome by AJCC v7 Stage	C134810: Distal Bile Duct Cancer by AJCC v7 Stage	C91218: Uterine Corpus Cancer by AJCC v7 Stage,,58,0,,Neoplastic Process,"Body Part, Organ, or Organ Component* Gene or Genome","['(A2670755, UWDA)--C0507129: V7', '(A15378151, FMA)--C0507129: V7', '(A20752155, HGNC)--C1416371: V7', '(A24588050, OMIM)--C1416371: V7']",v7
C8936: B Lymphoblastic Leukemia/Lymphoma,,1,0,,Neoplastic Process,Cell,"['(A15391496, FMA)--C1516097: B lymphoblast']",b,lymphoblast
C40142: Uterine Ligament Papillary Cystadenoma Associated with von Hippel-Lindau Disease	C82338: Myeloid Proliferations Associated with Down Syndrome	C151910: Myeloid Neoplasms with Germline Predisposition Associated with Other Organ Dysfunction	C129852: Chronic Myelomonocytic Leukemia with Eosinophilia Associated with t(5;12)(q31;p12)	C27512: Angiosarcoma Associated with Lymphedema	C40436: Ovarian Sex Cord-Stromal Tumor Associated with Peutz-Jeghers Syndrome	C40043: Ovarian Mucinous Cystic Tumor Associated with Pseudomyxoma Peritonei	C100051: Renal Cell Carcinoma Associated with Neuroblastoma	C115966: Infiltrating Bladder Urothelial Carcinoma Associated with Urethral Carcinoma	C155951: Chromophobe Renal Cell Carcinoma Associated with Birt-Hogg-Dube Syndrome	C27891: Renal Cell Carcinoma Associated with Xp11.2 Translocations/TFE3 Gene Fusions	C126321: Ovarian Luteinized Thecoma Associated with Sclerosing Peritonitis	C80289: Diffuse Large B-Cell Lymphoma Associated with Chronic Inflammation,,13,0,,Neoplastic Process,Qualitative Concept,"['(A0648840, RCD)--C0332281: Associated with', '(A0648841, SNMI)--C0332281: Associated with', '(A2993840, SNOMEDCT_US)--C0332281: Associated with', '(A7751501, MTH)--C0332281: Associated with', '(A18600024, CHV)--C0332281: associated with', '(A1612344, CCPSS)--C0332281: ASSOCIATED WITH']",associate,with
C136874: Clinical Stage II Merkel Cell Carcinoma AJCC v8	C137651: Clinical Stage II Cutaneous Melanoma AJCC v8	C133404: Clinical Stage II Esophageal Adenocarcinoma AJCC v8	C133553: Clinical Stage II Gastroesophageal Junction Adenocarcinoma AJCC v8	C133649: Clinical Stage II Gastric Cancer AJCC v8	C133449: Clinical Stage II Esophageal Squamous Cell Carcinoma AJCC v8	C132886: Clinical Stage II HPV-Mediated (p16-Positive) Oropharyngeal Carcinoma AJCC v8	C140753: Clinical Stage II Retinoblastoma AJCC v8,,8,0,,Neoplastic Process,Qualitative Concept,"['(A0358972, SNM)--C0205571: Clinical stage II', '(A0358973, SNMI)--C0205571: Clinical stage II', '(A2921502, SNOMEDCT_US)--C0205571: Clinical stage II']",clinical,faze,second
C136877: Clinical Stage III Merkel Cell Carcinoma AJCC v8	C137655: Clinical Stage III Cutaneous Melanoma AJCC v8	C133407: Clinical Stage III Esophageal Adenocarcinoma AJCC v8	C133556: Clinical Stage III Gastroesophageal Junction Adenocarcinoma AJCC v8	C133650: Clinical Stage III Gastric Cancer AJCC v8	C133450: Clinical Stage III Esophageal Squamous Cell Carcinoma AJCC v8	C132891: Clinical Stage III HPV-Mediated (p16-Positive) Oropharyngeal Carcinoma AJCC v8	C140754: Clinical Stage III Retinoblastoma AJCC v8,,8,0,,Neoplastic Process,Qualitative Concept,"['(A0358986, SNM)--C0205578: Clinical stage III', '(A0358987, SNMI)--C0205578: Clinical stage III', '(A2921509, SNOMEDCT_US)--C0205578: Clinical stage III']",clinical,faze,third
C9072: Recurrent Uterine Corpus Carcinoma	C150092: Refractory Uterine Corpus Carcinoma,C2916: Carcinoma,2,1,,Neoplastic Process,Neoplastic Process,"['(A0468615, DXP)--C0813216: UTERUS, CORPUS CARCINOMA']",uterus,corpus,carcinoma
