Potential Subtype(s),Potential Supertype(s),# of Potential Subtype(s),# of Potential Supertype(s),If Inside the Given Hierarchy,Mapped Existing Concept,Newly Formalized Concepts
C6563: Childhood Kidney Neoplasm,,1,0,outside hierarchy,['C12415: Kidney'],kidney
C113421: Gray Baby Syndrome	C116800: Congenital Varicella Syndrome	C116955: Diencephalic Syndrome of Infancy	C99255: Neonatal Opiate Withdrawal Syndrome	C101320: Perinatal Blood Aspiration Syndrome	C84713: Fetal Alcohol Syndrome	C87093: Meconium Aspiration Syndrome	C98906: Fetal Warfarin Syndrome	C98927: Fetal Hydantoin Syndrome	C98928: Fetal Methotrexate Syndrome	C98929: Fetal Retinoid Syndrome	C98930: Fetal Valproate Syndrome	C99082: Thalidomide Embryopathy Syndrome	C118312: Neonatal Aspiration Syndrome	C43223: Myeloid Leukemia Associated with Down Syndrome	C82339: Transient Abnormal Myelopoiesis Associated with Down Syndrome	C68744: Childhood Myelodysplastic Syndrome	C116933: Double Cortex Syndrome,,18,0,outside hierarchy,"['C28193: Syndrome', 'C53799: Adverse Event Associated with Syndromes']",syndrome
C4989: Childhood Leukemia	C43223: Myeloid Leukemia Associated with Down Syndrome,,2,0,inside sysnonym,"['C3161: Leukemia', 'C4989: Childhood Leukemia']",leukemia
C8057: Ann Arbor Stage III Childhood Hodgkin Lymphoma	C141186: Lugano Classification Stage III Childhood Hodgkin Lymphoma AJCC v8,C7714: Childhood Hodgkin Lymphoma,2,1,inside sysnonym,['C8057: Ann Arbor Stage III Childhood Hodgkin Lymphoma'],faze,third,pediatric,hodgkin,lymphoma
C141220: St. Jude Stage III Childhood Non-Hodgkin Lymphoma AJCC v8	C94793: Ann Arbor Stage III Childhood Non-Hodgkin Lymphoma,C7706: Childhood Non-Hodgkin Lymphoma,2,1,inside sysnonym,['C94793: Ann Arbor Stage III Childhood Non-Hodgkin Lymphoma'],faze,third,pediatric,hodgkin non,lymphoma
C6586: Extrarenal Rhabdoid Tumor	C8715: Rhabdoid Tumor of the Kidney,,2,0,outside hierarchy,['C3808: Rhabdoid Tumor'],rhabdoid,neoplasm
C8588: Childhood Ovarian Germ Cell Tumor,,1,0,outside hierarchy,['C28047: Ovarian'],ovarian
C71303: Childhood Grade III Meningioma	C7144: Postsurgical Stage III Hepatoblastoma	C5708: Stage III Childhood Hepatocellular Carcinoma AJCC v7	C8057: Ann Arbor Stage III Childhood Hodgkin Lymphoma	C115204: Childhood Grade III Lymphomatoid Granulomatosis	C141220: St. Jude Stage III Childhood Non-Hodgkin Lymphoma AJCC v8	C94793: Ann Arbor Stage III Childhood Non-Hodgkin Lymphoma	C141186: Lugano Classification Stage III Childhood Hodgkin Lymphoma AJCC v8,,8,0,outside hierarchy,"['C25260: Third', 'C49464: Third', 'C133421: Pathologic Stage III Esophageal Adenocarcinoma AJCC v8', 'C134747: Stage III Hilar Cholangiocarcinoma AJCC v8', 'C134761: Stage III Intrahepatic Cholangiocarcinoma AJCC v8', 'C134817: Stage III Distal Bile Duct Cancer AJCC v8', 'C139749: Stage III Cervical Cancer AJCC v8', 'C140169: Stage III Prostate Cancer AJCC v8', 'C140983: Stage III Thyroid Gland Papillary Carcinoma AJCC v8', 'C153956: Nuosu Language', 'C94814: Clark Level III']",third
C118808: Childhood Colorectal Carcinoma	C118809: Childhood Breast Carcinoma	C118811: Childhood Laryngeal Carcinoma	C118812: Childhood Esophageal Carcinoma	C118813: Childhood Gastric Carcinoma	C118814: Childhood Lung Non-Small Cell Carcinoma	C118815: Childhood Lung Small Cell Carcinoma	C118816: Childhood Bladder Carcinoma	C118817: Childhood Nasal Cavity Carcinoma	C118818: Childhood Paranasal Sinus Carcinoma	C118819: Childhood Parathyroid Gland Carcinoma	C118824: Childhood Salivary Gland Carcinoma	C118827: Childhood Thyroid Gland Carcinoma	C124292: Childhood Choroid Plexus Carcinoma	C123847: Childhood Embryonal Carcinoma	C6568: Childhood Renal Cell Carcinoma	C7955: Childhood Hepatocellular Carcinoma	C123933: Childhood Small Intestinal Carcinoma	C6539: Childhood Testicular Mixed Embryonal Carcinoma and Teratoma,,19,0,outside hierarchy,['C2916: Carcinoma'],carcinoma
C7928: Childhood Germ Cell Tumor,,1,0,inside sysnonym,"['C3708: Germ Cell Tumor', 'C103018: NCI CTEP SDC Germ Cell Neoplasm Category Terminology', 'C114777: Adult Germ Cell Tumor', 'C7928: Childhood Germ Cell Tumor']",germ,cell,neoplasm
C99232: Neonatal Respiratory System Disorder	C5132: Childhood Central Nervous System Neoplasm,,2,0,outside hierarchy,"['C25700: System', 'C17423: Drug Delivery System', 'C154465: Drug Delivery System Category', 'C149975: System Dosing Unit', 'C40568: System, LOINC Axis 4', 'C50311: Device System']",system
C101320: Perinatal Blood Aspiration Syndrome	C87093: Meconium Aspiration Syndrome	C101028: Neonatal Aspiration of Amniotic Fluid	C118312: Neonatal Aspiration Syndrome,,4,0,outside hierarchy,"['C15631: Aspiration', 'C83507: Respiratory Tract Aspiration', 'C28245: Aspiration, CTCAE']",aspiration
"C161838: Hepatocellular Malignant Neoplasm, Not Otherwise Specified	C5961: Childhood Central Nervous System Embryonal Tumor, Not Otherwise Specified	C122625: Childhood Acute Myeloid Leukemia Not Otherwise Specified",,3,0,outside hierarchy,['C19594: Not Otherwise Specified'],negation,otherwise,specify
C141227: Childhood Hodgkin Lymphoma by Ann Arbor Stage	C141236: Childhood Non-Hodgkin Lymphoma by Ann Arbor Stage,,2,0,outside hierarchy,['C141138: Ann Arbor Stage'],ann,arbor,faze
C123841: Childhood Nongerminomatous Germ Cell Tumor,,1,0,inside sysnonym,"['C121619: Nongerminomatous Germ Cell Tumor', 'C123841: Childhood Nongerminomatous Germ Cell Tumor']",nongerminomatous,germ,cell,neoplasm
C7715: Childhood Soft Tissue Sarcoma,,1,0,outside hierarchy,['C9118: Sarcoma'],sarcoma
C6552: Childhood Testicular Germ Cell Tumor,,1,0,inside sysnonym,"['C8591: Testicular Germ Cell Tumor', 'C6552: Childhood Testicular Germ Cell Tumor']",testicular,germ,cell,neoplasm
C27377: Childhood Myxoid Chondrosarcoma	C27374: Childhood Mesenchymal Chondrosarcoma,,2,0,outside hierarchy,"['C2946: Chondrosarcoma', 'C103037: NCI CTEP SDC Chondrosarcoma Sub-Category Terminology']",chondrosarcoma
C141202: Childhood Lymphoma by AJCC v8 Stage,,1,0,outside hierarchy,['C141205: Lymphoma by AJCC v8 Stage'],lymphoma,belarus,ajcc,v8,faze
C114966: Childhood Giant Cell Glioblastoma	C114785: Childhood Subependymal Giant Cell Astrocytoma,,2,0,outside hierarchy,['C12607: Giant Cell'],giant,cell
C7940: Childhood Acute Monoblastic and Monocytic Leukemia,,1,0,outside hierarchy,['C4861: Acute Monocytic Leukemia'],monocytic,leukemia
C114877: Fetus Small for Gestational Age with Abnormal Doppler	C82339: Transient Abnormal Myelopoiesis Associated with Down Syndrome,,2,0,outside hierarchy,"['C25401: Abnormal', 'C118396: TP53 Gene Mutation', 'C70464: Percent of Abnormal Cells', 'C78802: Abnormal Reference Range']",abnormal
C27368: Childhood Liver and Intrahepatic Bile Duct Neoplasm	C7960: Childhood Rhabdomyosarcoma with Mixed Embryonal and Alveolar Features	C5637: Childhood Mature T-Cell and NK-Cell Non-Hodgkin Lymphoma	C6539: Childhood Testicular Mixed Embryonal Carcinoma and Teratoma	C7940: Childhood Acute Monoblastic and Monocytic Leukemia,,5,0,outside hierarchy,"['C16289: Andorra', 'C37912: And', 'C45768: AD Term Type', 'C49563: Analysis Dataset Domain', 'C64643: Up to', 'C95816: Address Data Type']",andorra
C114875: Fetus Small for Gestational Age	C118815: Childhood Lung Small Cell Carcinoma	C118826: Childhood Malignant Small Intestinal Neoplasm	C27372: Childhood Desmoplastic Small Round Cell Tumor	C7096: Small Cell Undifferentiated Hepatoblastoma,,5,0,outside hierarchy,"['C25376: Small', 'C75908: Smallest']",small
C42080: Childhood Choroid Plexus Neoplasm,,1,0,outside hierarchy,['C12694: Choroid Plexus'],choroid,plexus
C123394: Childhood Extranodal Marginal Zone Lymphoma of Mucosa-Associated Lymphoid Tissue	C68692: Childhood Nasal Type Extranodal NK/T-Cell Lymphoma,,2,0,outside hierarchy,['C25504: Extranodal'],extranodal
C92719: Fetal Disorder	C7093: Hepatoblastoma with Pure Fetal Epithelial Differentiation	C7094: Hepatoblastoma with Combined Fetal and Embryonal Epithelial Differentiation,,3,0,outside hierarchy,"['C13235: Fetus', 'C17730: Fetal Tissue']",fetus
C89328: Pediatric Disorder,,1,0,outside hierarchy,"['C89345: Childhood', 'C39299: Pediatric']",pediatric
C7616: Childhood Diffuse Large B-Cell Lymphoma	C5636: Childhood Anaplastic Large Cell Lymphoma,,2,0,outside hierarchy,"['C25550: Largest', 'C49508: Large']",large
C6590: Childhood Conventional Osteosarcoma	C39814: Classic Congenital Mesoblastic Nephroma	C69142: Childhood Classic Hodgkin Lymphoma,,3,0,outside hierarchy,"['C61300: Convention', 'C149409: Conventional Release Mechanism of Action', 'C129470: Classic Histology']",convention
C115195: Childhood Mixed Glioma	C123848: Childhood Mixed Germ Cell Tumor	C7960: Childhood Rhabdomyosarcoma with Mixed Embryonal and Alveolar Features	C97058: Mixed Congenital Mesoblastic Nephroma	C7097: Mixed Epithelial and Mesenchymal Hepatoblastoma	C7098: Mixed Hepatoblastoma with Teratoid Features	C8063: Childhood Mixed Cellularity Classic Hodgkin Lymphoma,,7,0,outside hierarchy,"['C64925: Mix', 'C25259: Mixed', 'C45303: Mist', 'C26457: Mixed (Normal and Tumor)', 'C67526: Gastric Mixed Adenocarcinoma']",mix
C7093: Hepatoblastoma with Pure Fetal Epithelial Differentiation	C7094: Hepatoblastoma with Combined Fetal and Embryonal Epithelial Differentiation	C8304: Childhood Acute Myeloid Leukemia with Minimal Differentiation	C124137: Childhood Pineal Parenchymal Tumor of Intermediate Differentiation,,4,0,outside hierarchy,"['C16399: Cell Differentiation Process', 'C18314: Cellular Differentiation']",differentiation
C115195: Childhood Mixed Glioma,,1,0,inside sysnonym,"['C3903: Mixed Glioma', 'C115195: Childhood Mixed Glioma', 'C115250: Adult Mixed Glioma']",mix,glioma
C5636: Childhood Anaplastic Large Cell Lymphoma,,1,0,inside sysnonym,"['C3720: Anaplastic Large Cell Lymphoma', 'C5636: Childhood Anaplastic Large Cell Lymphoma', 'C27367: Adult Anaplastic Large Cell Lymphoma']",anaplastic,large,cell,lymphoma
C124293: Childhood Anaplastic Ependymoma	C124269: Childhood Myxopapillary Ependymoma	C8578: Childhood Ependymoma,,3,0,inside sysnonym,"['C3017: Ependymoma', 'C115270: Newly Diagnosed Childhood Ependymoma', 'C9092: Adult Ependymoma', 'C8578: Childhood Ependymoma']",ependymoma
C7143: Postsurgical Stage IV Hepatoblastoma	C7838: Stage IV Childhood Hepatocellular Carcinoma AJCC v7	C8058: Ann Arbor Stage IV Childhood Hodgkin Lymphoma	C141221: St. Jude Stage IV Childhood Non-Hodgkin Lymphoma AJCC v8	C94794: Ann Arbor Stage IV Childhood Non-Hodgkin Lymphoma	C141187: Lugano Classification Stage IV Childhood Hodgkin Lymphoma AJCC v8,,6,0,outside hierarchy,"['C27971: Stage IV', 'C27972: Stage IVS', 'C133259: Stage IV Cutaneous Squamous Cell Carcinoma of the Head and Neck AJCC v8', 'C134930: Stage IV Pancreatic Cancer AJCC v8', 'C136482: Stage IV Lung Cancer AJCC v8', 'C137677: Pathologic Stage IV Cutaneous Melanoma AJCC v8', 'C139812: Stage IV Uterine Corpus Cancer AJCC v8', 'C140326: Stage IV Renal Cell Cancer AJCC v8']",faze,iv
C9124: Childhood Lymphoblastic Lymphoma,,1,0,inside sysnonym,"['C9360: Lymphoblastic Lymphoma', 'C9124: Childhood Lymphoblastic Lymphoma', 'C9361: Adult Lymphoblastic Lymphoma']",lymphoblast,lymphoma
C8058: Ann Arbor Stage IV Childhood Hodgkin Lymphoma	C141187: Lugano Classification Stage IV Childhood Hodgkin Lymphoma AJCC v8,C7714: Childhood Hodgkin Lymphoma,2,1,inside sysnonym,['C8058: Ann Arbor Stage IV Childhood Hodgkin Lymphoma'],faze,iv,pediatric,hodgkin,lymphoma
C96411: Pediatric Viral Infection,,1,0,outside hierarchy,"['C128320: Infection', 'C26726: Infectious Disorder', 'C53791: Adverse Event Associated with Infection']",infection
"C114876: Fetus Small for Gestational Age with Oligohydraminos	C114877: Fetus Small for Gestational Age with Abnormal Doppler	C114878: Fetus Small for Gestational Age with Abdominal Circumference Less than Tenth Percentile	C43223: Myeloid Leukemia Associated with Down Syndrome	C82339: Transient Abnormal Myelopoiesis Associated with Down Syndrome	C123395: Childhood Langerhans Cell Histiocytosis with Risk Organ Involvement	C7960: Childhood Rhabdomyosarcoma with Mixed Embryonal and Alveolar Features	C115203: Childhood Embryonal Tumor with Multilayered Rosettes, C19MC-Altered	C122690: Acute Myeloid Leukemia with t(7;12)(q36;p13); HLXB9-ETV6	C132109: Acute Megakaryoblastic Leukemia with CBFA2T3-GLIS2	C122691: Childhood Acute Myeloid Leukemia with NUP98 Rearrangement	C122725: Childhood Acute Myeloid Leukemia with Abnormalities of Chromosome 5q	C122726: Childhood Acute Myeloid Leukemia with Abnormalities of Chromosome 7	C132101: Acute Myeloid Leukemia with t(10;11)(p12;q23); MLL-MLLT10	C132105: Acute Myeloid Leukemia with t(6;11)(q27;q23); KMT2A-MLLT4	C7968: Childhood Acute Promyelocytic Leukemia with PML-RARA	C7093: Hepatoblastoma with Pure Fetal Epithelial Differentiation	C7094: Hepatoblastoma with Combined Fetal and Embryonal Epithelial Differentiation	C7098: Mixed Hepatoblastoma with Teratoid Features	C122617: Infant Acute Lymphoblastic Leukemia with MLL Rearrangement	C68659: Childhood B Acute Lymphoblastic Leukemia with t(9;22)(q34.1;q11.2); BCR-ABL1	C8304: Childhood Acute Myeloid Leukemia with Minimal Differentiation	C9381: Childhood Acute Myeloid Leukemia with Maturation",,23,0,outside hierarchy,['C62355: With'],with
C116708: Floppy Infant	C122603: Infant Leukemia,,2,0,outside hierarchy,['C27956: Infant'],infant
C101304: Hemolytic Disease of the Newborn	C111857: Hemorrhagic Disease of Newborn	C112865: Transient Myocardial Ischemia of Newborn	C113156: Transient Myocardial Dysfunction of Newborn	C116955: Diencephalic Syndrome of Infancy	C118190: Reactive Attachment Disorder of Infancy or Early Childhood	C101028: Neonatal Aspiration of Amniotic Fluid	C101037: Transient Tachypnea of the Newborn	C80373: EBV-Positive T-Cell Lymphoproliferative Disorder of Childhood	C4264: Clear Cell Sarcoma of the Kidney	C27371: Childhood Clear Cell Sarcoma of Soft Parts	C8715: Rhabdoid Tumor of the Kidney	C161608: Extrarenal Rhabdoid Tumor of the Prostate	C96847: Extrarenal Rhabdoid Tumor of the Liver	C96830: Calcifying Nested Epithelial Stromal Tumor of the Liver	C82596: Refractory Cytopenia of Childhood	C122725: Childhood Acute Myeloid Leukemia with Abnormalities of Chromosome 5q	C122726: Childhood Acute Myeloid Leukemia with Abnormalities of Chromosome 7	C123394: Childhood Extranodal Marginal Zone Lymphoma of Mucosa-Associated Lymphoid Tissue	C35556: Childhood Botryoid-Type Embryonal Rhabdomyosarcoma of the Vagina	C36098: Childhood Botryoid-Type Embryonal Rhabdomyosarcoma of the Vulva	C124137: Childhood Pineal Parenchymal Tumor of Intermediate Differentiation,,22,0,outside hierarchy,"['C52602: TAF1 wt Allele', 'C52874: SPI1 wt Allele', 'C63527: BRIP1 wt Allele']",of
C7144: Postsurgical Stage III Hepatoblastoma	C5708: Stage III Childhood Hepatocellular Carcinoma AJCC v7	C8057: Ann Arbor Stage III Childhood Hodgkin Lymphoma	C141220: St. Jude Stage III Childhood Non-Hodgkin Lymphoma AJCC v8	C94793: Ann Arbor Stage III Childhood Non-Hodgkin Lymphoma	C141186: Lugano Classification Stage III Childhood Hodgkin Lymphoma AJCC v8,,6,0,outside hierarchy,"['C27970: Stage III', 'C133258: Stage III Cutaneous Squamous Cell Carcinoma of the Head and Neck AJCC v8', 'C134928: Stage III Pancreatic Cancer AJCC v8', 'C136478: Stage III Lung Cancer AJCC v8', 'C139806: Stage III Uterine Corpus Cancer AJCC v8', 'C140325: Stage III Renal Cell Cancer AJCC v8']",faze,third
C114973: Childhood Anaplastic Oligoastrocytoma	C6215: Childhood Anaplastic Astrocytoma	C5447: Childhood Anaplastic Oligodendroglioma	C124293: Childhood Anaplastic Ependymoma	C5636: Childhood Anaplastic Large Cell Lymphoma,,5,0,outside hierarchy,['C14144: Anaplastic'],anaplastic
C116943: Motor Developmental Delay,,1,0,outside hierarchy,"['C28367: Motor', 'C50077: Motor Device']",motor
"C129309: Diffuse Midline Glioma, H3 K27M-Mutant	C7616: Childhood Diffuse Large B-Cell Lymphoma	C114967: Childhood Diffuse Astrocytoma",,3,0,outside hierarchy,"['C14175: Diffuse', 'C9159: Gastric Diffuse Adenocarcinoma']",diffuse
C80373: EBV-Positive T-Cell Lymphoproliferative Disorder of Childhood	C5637: Childhood Mature T-Cell and NK-Cell Non-Hodgkin Lymphoma,,2,0,outside hierarchy,"['C12476: T-Lymphocyte', 'C122157: T-Lymphocyte Count']",lymphocyte t
C124271: Childhood Ganglioneuroblastoma,,1,0,inside sysnonym,"['C3790: Ganglioneuroblastoma', 'C124271: Childhood Ganglioneuroblastoma']",ganglioneuroblastoma
C141219: St. Jude Stage II Childhood Non-Hodgkin Lymphoma AJCC v8	C94792: Ann Arbor Stage II Childhood Non-Hodgkin Lymphoma,C7706: Childhood Non-Hodgkin Lymphoma,2,1,inside sysnonym,['C94792: Ann Arbor Stage II Childhood Non-Hodgkin Lymphoma'],faze,second,pediatric,hodgkin non,lymphoma
C123906: Childhood Gastrointestinal Stromal Tumor	C96830: Calcifying Nested Epithelial Stromal Tumor of the Liver,,2,0,outside hierarchy,['C6781: Stromal Neoplasm'],stromal,neoplasm
C114968: Childhood Gliosarcoma,,1,0,inside sysnonym,"['C3796: Gliosarcoma', 'C114968: Childhood Gliosarcoma', 'C68701: Adult Gliosarcoma']",gliosarcoma
C6585: Childhood Osteosarcoma,,1,0,inside sysnonym,"['C9145: Osteosarcoma', 'C103039: NCI CTEP SDC Osteosarcoma Sub-Category Terminology', 'C6585: Childhood Osteosarcoma']",osteosarcoma
C124270: Childhood Neuroblastoma,,1,0,inside sysnonym,"['C3270: Neuroblastoma', 'C103053: NCI CTEP SDC Neuroblastoma Sub-Category Terminology', 'C124270: Childhood Neuroblastoma']",neuroblastoma
C118819: Childhood Parathyroid Gland Carcinoma	C118824: Childhood Salivary Gland Carcinoma	C118827: Childhood Thyroid Gland Carcinoma,,3,0,outside hierarchy,['C13319: Gland'],gland
C5640: Childhood T Lymphoblastic Leukemia/Lymphoma,,1,0,outside hierarchy,"['C49236: Therapeutic Procedure', 'C103264: Tissue Source Site', 'C25207: Time', 'C43498: Texas', 'C3420: Chromosomal Translocation', 'C84455: TBXT Gene', 'C38304: Topical Route of Administration', 'C159119: GDC Tobacco Smoking Status Terminology', 'C25728: T Category', 'C28431: Caspase-4', 'C35498: Toxic Shock Syndrome', 'C42557: Tesla', 'C48541: Tablespoon Dosing Unit', 'C48544: Teaspoon Dosing Unit', 'C48546: Ton', 'C48737: TX Stage Finding', 'C49554: CASP4 wt Allele', 'C50783: Tricuspid Valve Stenosis', 'C51047: TYMS wt Allele', 'C53483: Trial Summary Domain', 'C67895: Tera', 'C84456: TBXT wt Allele', 'C95103: Trial Sets Domain']",t
C6283: Childhood Neoplasm,,1,0,inside sysnonym,"['C3262: Neoplasm', 'C88025: CDISC SEND Tumor Findings Results Terminology', 'C6283: Childhood Neoplasm', 'C98275: Tumor Mass']",neoplasm
C96830: Calcifying Nested Epithelial Stromal Tumor of the Liver	C7093: Hepatoblastoma with Pure Fetal Epithelial Differentiation	C7094: Hepatoblastoma with Combined Fetal and Embryonal Epithelial Differentiation	C7097: Mixed Epithelial and Mesenchymal Hepatoblastoma,,4,0,outside hierarchy,['C13315: Epithelial'],epithelial
C123394: Childhood Extranodal Marginal Zone Lymphoma of Mucosa-Associated Lymphoid Tissue	C80299: Pediatric Nodal Marginal Zone Lymphoma,,2,0,outside hierarchy,['C4341: Marginal Zone Lymphoma'],margin,zone,lymphoma
C116818: Neonatal Chemical Conjunctivitis	C116817: Neonatal Chlamydia Conjunctivitis,,2,0,outside hierarchy,"['C34504: Conjunctivitis', 'C143384: Conjunctivitis, CTCAE']",conjunctivitis
C7960: Childhood Rhabdomyosarcoma with Mixed Embryonal and Alveolar Features	C7098: Mixed Hepatoblastoma with Teratoid Features,,2,0,outside hierarchy,"['C25447: Characteristic', 'C73619: Feature', 'C13379: Protein Domain', 'C44283: Array Feature', 'C70838: Image Feature']",characteristic
"C115195: Childhood Mixed Glioma	C129309: Diffuse Midline Glioma, H3 K27M-Mutant	C7535: Childhood Visual Pathway Glioma	C9042: Childhood Brain Stem Glioma",,4,0,outside hierarchy,"['C3059: Glioma', 'C91479: Glioblastoma Multiforme Pathway']",glioma
C4005: Childhood Malignant Neoplasm,,1,0,inside sysnonym,"['C9305: Malignant Neoplasm', 'C4005: Childhood Malignant Neoplasm']",malignant,neoplasm
C123836: Childhood Mature Teratoma	C5637: Childhood Mature T-Cell and NK-Cell Non-Hodgkin Lymphoma,,2,0,outside hierarchy,['C156784: Mature'],mature
C8056: Ann Arbor Stage I Childhood Hodgkin Lymphoma	C141180: Lugano Classification Stage I Childhood Hodgkin Lymphoma AJCC v8,C7714: Childhood Hodgkin Lymphoma,2,1,inside sysnonym,['C8056: Ann Arbor Stage I Childhood Hodgkin Lymphoma'],faze,i,pediatric,hodgkin,lymphoma
C162703: Refractory Childhood Malignant Neoplasm	C82596: Refractory Cytopenia of Childhood	C71714: Refractory Childhood Spinal Cord Neoplasm,,3,0,outside hierarchy,"['C38014: Refractory', 'C86933: Unresponsive']",refractary
C124057: Pontocerebellar Hypoplasia Type 2	C68692: Childhood Nasal Type Extranodal NK/T-Cell Lymphoma,,2,0,outside hierarchy,"['C25284: Type', 'C43642: Kind', 'C159133: GDC Type Terminology']",type
C114973: Childhood Anaplastic Oligoastrocytoma	C114974: Childhood Oligoastrocytoma,,2,0,inside sysnonym,"['C4050: Oligoastrocytoma', 'C114974: Childhood Oligoastrocytoma']",oligoastrocytoma
C89328: Pediatric Disorder,,1,0,outside hierarchy,['C2991: Disease or Disorder'],disorder
C6215: Childhood Anaplastic Astrocytoma,,1,0,inside sysnonym,"['C9477: Anaplastic Astrocytoma', 'C6215: Childhood Anaplastic Astrocytoma', 'C8257: Adult Anaplastic Astrocytoma']",anaplastic,astrocytoma
C116800: Congenital Varicella Syndrome	C116799: Congenital Varicella Zoster Infection	C116807: Congenital Listeriosis	C116811: Congenital Candidiasis	C6569: Congenital Mesoblastic Nephroma	C128732: Congenital Microcephaly,,6,0,outside hierarchy,['C99210: Congenital'],congenital
C132109: Acute Megakaryoblastic Leukemia with CBFA2T3-GLIS2	C7972: Childhood Acute Megakaryoblastic Leukemia	C132111: Acute Megakaryoblastic Leukemia with NUP98-KDM5A,,3,0,inside sysnonym,"['C3170: Acute Megakaryoblastic Leukemia', 'C7965: Adult Acute Megakaryoblastic Leukemia', 'C7972: Childhood Acute Megakaryoblastic Leukemia']",acute,megakaryoblastic,leukemia
C116810: Neonatal Candidiasis	C116811: Congenital Candidiasis,,2,0,outside hierarchy,"['C26711: Candidiasis', 'C143214: Thrush, CTCAE', 'C28137: Oral Candidiasis']",candidiasis
C5640: Childhood T Lymphoblastic Leukemia/Lymphoma	C3168: Childhood Acute Lymphoblastic Leukemia	C9124: Childhood Lymphoblastic Lymphoma,,3,0,outside hierarchy,"['C13013: Lymphoblast', 'C102278: Lymphoblast Count']",lymphoblast
C7706: Childhood Non-Hodgkin Lymphoma,,1,0,inside sysnonym,"['C3211: Non-Hodgkin Lymphoma', 'C103133: NCI CTEP SDC Non-Hodgkin Lymphoma Sub-Category Terminology', 'C7704: Adult Non-Hodgkin Lymphoma', 'C7706: Childhood Non-Hodgkin Lymphoma']",hodgkin non,lymphoma
C8057: Ann Arbor Stage III Childhood Hodgkin Lymphoma	C94793: Ann Arbor Stage III Childhood Non-Hodgkin Lymphoma,,2,0,outside hierarchy,"['C150549: Ann Arbor Stage IIIE', 'C150550: Ann Arbor Stage IIIS']",ann,arbor,faze,third
C162702: Recurrent Childhood Malignant Neoplasm	C9045: Recurrent Childhood Central Nervous System Neoplasm	C115445: Recurrent Childhood Kidney Neoplasm,,3,0,outside hierarchy,['C14173: Recurrent'],recurrent
C7715: Childhood Soft Tissue Sarcoma,,1,0,outside hierarchy,['C25255: Soft'],soft
C99128: Thoracic Myelocele	C101213: Thoracic Meningocele,,2,0,outside hierarchy,['C13360: Thoracic'],thoracic
C96412: Brain Development Abnormality	C122725: Childhood Acute Myeloid Leukemia with Abnormalities of Chromosome 5q	C122726: Childhood Acute Myeloid Leukemia with Abnormalities of Chromosome 7,,3,0,outside hierarchy,"['C9440: Abnormality', 'C36391: Molecular Genetic Variation']",abnormality
C27374: Childhood Mesenchymal Chondrosarcoma	C7097: Mixed Epithelial and Mesenchymal Hepatoblastoma,,2,0,outside hierarchy,['C25721: Mesenchymal'],mesenchymal
"C115203: Childhood Embryonal Tumor with Multilayered Rosettes, C19MC-Altered",,1,0,inside sysnonym,"['C4915: Embryonal Tumor with Multilayered Rosettes, C19MC-Altered', 'C115203: Childhood Embryonal Tumor with Multilayered Rosettes, C19MC-Altered', 'C8290: Adult Embryonal Tumor with Multilayered Rosettes, C19MC-Altered']",embryonal,neoplasm,with,multilayered,rosette,alter c19mc
C8264: Childhood Meningioma,,1,0,inside sysnonym,"['C3230: Meningioma', 'C8264: Childhood Meningioma', 'C9093: Adult Meningioma']",meningeoma
"C161838: Hepatocellular Malignant Neoplasm, Not Otherwise Specified	C7955: Childhood Hepatocellular Carcinoma",,2,0,outside hierarchy,['C79753: Hepatocellular'],hepatocellular
C116942: Developmental Delay,,1,0,outside hierarchy,"['C25476: Delay', 'C149427: Delayed Release Mechanism of Action', 'C96151: Delayed Testing']",delay
C123844: Childhood Choriocarcinoma,,1,0,outside hierarchy,['C2948: Choriocarcinoma'],chordocarcinoma
C5136: Childhood Glioblastoma,,1,0,inside sysnonym,"['C3058: Glioblastoma', 'C5136: Childhood Glioblastoma', 'C9094: Adult Glioblastoma', 'C32683: Glomerular Basement Membrane']",glioblastoma
C8092: Childhood Alveolar Soft Part Sarcoma	C7958: Childhood Alveolar Rhabdomyosarcoma	C7960: Childhood Rhabdomyosarcoma with Mixed Embryonal and Alveolar Features,,3,0,outside hierarchy,['C14155: Alveolar'],alveolar
C71300: Childhood Grade I Meningioma	C7146: Postsurgical Stage I Hepatoblastoma	C5710: Stage I Childhood Hepatocellular Carcinoma AJCC v6 and v7	C8056: Ann Arbor Stage I Childhood Hodgkin Lymphoma	C141218: St. Jude Stage I Childhood Non-Hodgkin Lymphoma AJCC v8	C94791: Ann Arbor Stage I Childhood Non-Hodgkin Lymphoma	C141180: Lugano Classification Stage I Childhood Hodgkin Lymphoma AJCC v8,,7,0,outside hierarchy,"['C68869: Are', 'C89327: Be', 'C101224: Bonaire, Sint Eustatius and Saba', 'C111138: Biospecimen Events Domain', 'C112320: Immunogenicity Specimen Assessments Domain', 'C113265: ADM wt Allele', 'C118689: Idiopathic Short Stature', 'C119671: ATF7IP wt Allele', 'C127877: International Scale for BCR-ABL1 Measurement', 'C127914: TWIST2 wt Allele', 'C133414: Pathologic Stage I Esophageal Adenocarcinoma AJCC v8', 'C134745: Stage I Hilar Cholangiocarcinoma AJCC v8', 'C134757: Stage I Intrahepatic Cholangiocarcinoma AJCC v8', 'C134813: Stage I Distal Bile Duct Cancer AJCC v8', 'C135452: Accelerator Mass Spectrometry', 'C13662: Androgen Response Element', 'C139734: Stage I Cervical Cancer AJCC v8', 'C140164: Stage I Prostate Cancer AJCC v8', 'C140419: Stage I Bladder Cancer AJCC v8', 'C140977: Stage I Thyroid Gland Papillary Carcinoma AJCC v8', 'C154196: Washo Language', 'C2891: Barrett Esophagus', 'C159060: GDC ISS Stage Terminology', 'C16306: Armenia', 'C16329: Belgium', 'C16704: Iceland', 'C17232: United Arab Emirates', 'C229: Americium', 'C43236: WAS Gene', 'C43238: Wiskott-Aldrich Syndrome Protein', 'C44338: Beryllium', 'C450: DNA Insertion Elements', 'C48500: Inch', 'C5577: Stage I Uveal Melanoma AJCC v7', 'C594: Iodine', 'C68254: Dietary Iodine', 'C68255: Iodide', 'C71212: Attometer', 'C71347: Bachelor of Engineering', 'C94812: Clark Level I']",i
C141221: St. Jude Stage IV Childhood Non-Hodgkin Lymphoma AJCC v8	C94794: Ann Arbor Stage IV Childhood Non-Hodgkin Lymphoma,C7706: Childhood Non-Hodgkin Lymphoma,2,1,inside sysnonym,['C94794: Ann Arbor Stage IV Childhood Non-Hodgkin Lymphoma'],faze,iv,pediatric,hodgkin non,lymphoma
C7145: Postsurgical Stage II Hepatoblastoma	C5709: Stage II Childhood Hepatocellular Carcinoma AJCC v6 and v7	C8055: Ann Arbor Stage II Childhood Hodgkin Lymphoma	C141219: St. Jude Stage II Childhood Non-Hodgkin Lymphoma AJCC v8	C94792: Ann Arbor Stage II Childhood Non-Hodgkin Lymphoma	C141182: Lugano Classification Stage II Childhood Hodgkin Lymphoma AJCC v8,,6,0,outside hierarchy,"['C28054: Stage II', 'C133257: Stage II Cutaneous Squamous Cell Carcinoma of the Head and Neck AJCC v8', 'C136475: Stage II Lung Cancer AJCC v8', 'C139805: Stage II Uterine Corpus Cancer AJCC v8', 'C140324: Stage II Renal Cell Cancer AJCC v8']",faze,second
C98875: Cervical Myelocele	C101210: Cervical Meningocele,,2,0,outside hierarchy,"['C13063: Neck', 'C12844: Cervical', 'C12336: Bladder Neck', 'C158551: Neck of the Pancreas']",neck
C3168: Childhood Acute Lymphoblastic Leukemia,,1,0,outside hierarchy,"['C3167: Acute Lymphoblastic Leukemia', 'C103123: NCI CTEP SDC Acute Lymphoblastic Leukemia Sub-Category Terminology']",acute,lymphoblast,leukemia
C123847: Childhood Embryonal Carcinoma	C6539: Childhood Testicular Mixed Embryonal Carcinoma and Teratoma,,2,0,outside hierarchy,['C3752: Embryonal Carcinoma'],embryonal,carcinoma
C9160: Childhood Acute Myeloid Leukemia,,1,0,outside hierarchy,"['C3171: Acute Myeloid Leukemia', 'C91526: Acute Myeloid Leukemia Pathway', 'C103124: NCI CTEP SDC Acute Myeloid Leukemia Sub-Category Terminology', 'C27753: Acute Myeloid Leukemia Not Otherwise Specified']",acute,myeloid,leukemia
C7715: Childhood Soft Tissue Sarcoma	C123394: Childhood Extranodal Marginal Zone Lymphoma of Mucosa-Associated Lymphoid Tissue,,2,0,outside hierarchy,['C12801: Tissue'],tissue
C27364: Childhood Yolk Sac Tumor,,1,0,outside hierarchy,"['C3011: Yolk Sac Tumor', 'C27241: Adult Yolk Sac Tumor']",yolk,sac,neoplasm
C123396: Childhood Langerhans Cell Histiocytosis without Risk Organ Involvement	C122621: Infant Acute Lymphoblastic Leukemia without KMT2A Gene Rearrangement	C9158: Childhood Acute Myeloid Leukemia without Maturation,,3,0,outside hierarchy,"['C25718: Without', 'C71419: NONO Gene', 'C71445: Non-POU Domain-Containing Octamer-Binding Protein']",without
C98900: Sacral Myelocele	C101212: Sacral Meningocele,,2,0,outside hierarchy,['C33508: Sacrum'],sacrum
C69142: Childhood Classic Hodgkin Lymphoma,,1,0,outside hierarchy,"['C7164: Classic Hodgkin Lymphoma', 'C69138: Adult Classic Hodgkin Lymphoma']",convention,hodgkin,lymphoma
C3168: Childhood Acute Lymphoblastic Leukemia	C9160: Childhood Acute Myeloid Leukemia	C126110: Infant Acute Undifferentiated Leukemia	C126111: Infant Acute Biphenotypic Leukemia,,4,0,outside hierarchy,"['C14140: Acute', 'C150754: Inpatient Acute Care Encounter']",acute
C9234: Childhood Spinal Cord Neoplasm	C101209: Spinal Meningocele,,2,0,outside hierarchy,['C38026: Spinal'],spinal
C114749: Childhood Undifferentiated Pleomorphic Sarcoma	C126110: Infant Acute Undifferentiated Leukemia	C7096: Small Cell Undifferentiated Hepatoblastoma,,3,0,outside hierarchy,"['C14176: Undifferentiated', 'C28082: Grade 4', 'C14144: Anaplastic', 'C41438: Undifferentiated Sex', 'C45908: Intersex', 'C62431: Fuhrman Grade 4']",undifferentiated
C7957: Childhood Embryonal Rhabdomyosarcoma,,1,0,inside sysnonym,"['C8971: Embryonal Rhabdomyosarcoma', 'C7957: Childhood Embryonal Rhabdomyosarcoma']",embryonal,rhabdomyosarcoma
C122691: Childhood Acute Myeloid Leukemia with NUP98 Rearrangement	C122617: Infant Acute Lymphoblastic Leukemia with MLL Rearrangement	C122621: Infant Acute Lymphoblastic Leukemia without KMT2A Gene Rearrangement,,3,0,outside hierarchy,['C21069: DNA Sequence Rearrangement'],rearrangement
C141202: Childhood Lymphoma by AJCC v8 Stage,,1,0,outside hierarchy,['C146985: AJCC Cancer Staging Manual 8th Edition'],ajcc,v8
C124275: Childhood Astrocytoma,,1,0,inside sysnonym,"['C60781: Astrocytoma', 'C124275: Childhood Astrocytoma']",astrocytoma
C116806: Neonatal Listeriosis	C116807: Congenital Listeriosis,,2,0,outside hierarchy,['C82994: Listeriosis'],listeriosis
C124057: Pontocerebellar Hypoplasia Type 2	C7140: PRETEXT Stage 2 Hepatoblastoma,,2,0,outside hierarchy,"['C66833: Two', 'C136415: PSA Level Less than Two', 'C137993: Gleason Grade Group 2', 'C15601: Phase II Trial', 'C159769: Two Full Term Pregnancies', 'C159936: Intensity and Distress 2', 'C41339: Moderate Adverse Event', 'C84264: Moderate Adverse Event', 'C85526: 2+ Score', 'C88128: 2+ Score, WHO']",two
C80373: EBV-Positive T-Cell Lymphoproliferative Disorder of Childhood,,1,0,outside hierarchy,['C9308: Lymphoproliferative Disorder'],lymphoproliferative,disorder
C43223: Myeloid Leukemia Associated with Down Syndrome	C9160: Childhood Acute Myeloid Leukemia,,2,0,outside hierarchy,['C3172: Myeloid Leukemia'],myeloid,leukemia
C98996: Neonatal Disorder,,1,0,outside hierarchy,['C16731: Newborn'],newborn
C8055: Ann Arbor Stage II Childhood Hodgkin Lymphoma	C141182: Lugano Classification Stage II Childhood Hodgkin Lymphoma AJCC v8,C7714: Childhood Hodgkin Lymphoma,2,1,inside sysnonym,['C8055: Ann Arbor Stage II Childhood Hodgkin Lymphoma'],faze,second,pediatric,hodgkin,lymphoma
C27368: Childhood Liver and Intrahepatic Bile Duct Neoplasm,,1,0,outside hierarchy,"['C12392: Liver', 'C73399: Liver Flavor']",liver
C68626: Childhood Teratoma	C6539: Childhood Testicular Mixed Embryonal Carcinoma and Teratoma,,2,0,inside sysnonym,"['C3403: Teratoma', 'C68626: Childhood Teratoma', 'C9013: Adult Teratoma']",teratoma
C114967: Childhood Diffuse Astrocytoma,,1,0,inside sysnonym,"['C7173: Diffuse Astrocytoma', 'C114967: Childhood Diffuse Astrocytoma', 'C7174: Adult Diffuse Astrocytoma']",diffuse,astrocytoma
C7146: Postsurgical Stage I Hepatoblastoma	C5710: Stage I Childhood Hepatocellular Carcinoma AJCC v6 and v7	C8056: Ann Arbor Stage I Childhood Hodgkin Lymphoma	C141218: St. Jude Stage I Childhood Non-Hodgkin Lymphoma AJCC v8	C94791: Ann Arbor Stage I Childhood Non-Hodgkin Lymphoma	C141180: Lugano Classification Stage I Childhood Hodgkin Lymphoma AJCC v8,,6,0,outside hierarchy,"['C27966: Stage I', 'C28285: Stage Is', 'C133256: Stage I Cutaneous Squamous Cell Carcinoma of the Head and Neck AJCC v8', 'C136470: Stage I Lung Cancer AJCC v8', 'C139802: Stage I Uterine Corpus Cancer AJCC v8', 'C140323: Stage I Renal Cell Cancer AJCC v8']",faze,i
C131506: Childhood Melanoma	C5318: Childhood Meningeal Melanoma,,2,0,outside hierarchy,"['C3224: Melanoma', 'C91477: Melanoma Pathway', 'C103113: NCI CTEP SDC Melanoma Sub-Category Terminology']",melanoma
C123836: Childhood Mature Teratoma,,1,0,outside hierarchy,['C9015: Mature Teratoma'],mature,teratoma
C84713: Fetal Alcohol Syndrome	C92780: Fetal Alcohol Spectrum Disorder	C92727: Alcohol Related Birth Defect	C92728: Alcohol Related Neurodevelopmental Disorder,,4,0,outside hierarchy,"['C2190: Alcohol', 'C218: Alcohol [Chemical Class]', 'C74693: Ethanol Measurement']",alcohol
C7953: Childhood T Acute Lymphoblastic Leukemia,,1,0,inside sysnonym,"['C3183: T Acute Lymphoblastic Leukemia', 'C126112: Infant T Acute Lymphoblastic Leukemia', 'C7953: Childhood T Acute Lymphoblastic Leukemia', 'C9142: Adult T Acute Lymphoblastic Leukemia']",t,acute,lymphoblast,leukemia
C117984: Pediatric Infectious Disorder,,1,0,outside hierarchy,['C26726: Infectious Disorder'],infectious,disorder
C80374: Systemic EBV-Positive T-Cell Lymphoma of Childhood	C9471: Childhood Systemic Anaplastic Large Cell Lymphoma,,2,0,outside hierarchy,['C13310: Systemic'],systemic
C9107: Childhood Solid Neoplasm,,1,0,inside sysnonym,"['C9292: Solid Neoplasm', 'C9107: Childhood Solid Neoplasm', 'C8101: Adult Solid Neoplasm']",solid,neoplasm
C7705: Childhood Rhabdomyosarcoma,,1,0,inside sysnonym,"['C3359: Rhabdomyosarcoma', 'C103118: NCI CTEP SDC Rhabdomyosarcoma Sub-Category Terminology', 'C115332: Previously Treated Childhood Rhabdomyosarcoma', 'C7705: Childhood Rhabdomyosarcoma', 'C9130: Adult Rhabdomyosarcoma']",rhabdomyosarcoma
C114833: Childhood Central Nervous System Embryonal Neoplasm,,1,0,outside hierarchy,['C3264: Embryonal Neoplasm'],embryonal,neoplasm
C5800: Childhood Choroid Plexus Papilloma	C124291: Childhood Atypical Choroid Plexus Papilloma,,2,0,outside hierarchy,['C3698: Choroid Plexus Papilloma'],choroid,plexus,papilloma
C8094: Childhood Malignant Peripheral Nerve Sheath Tumor	C7531: Recurrent Childhood Optic Nerve Glioma,,2,0,outside hierarchy,['C12466: Nerve'],nerve
C89330: Developmental Disorder	C9158: Childhood Acute Myeloid Leukemia without Maturation	C9381: Childhood Acute Myeloid Leukemia with Maturation,,3,0,outside hierarchy,"['C17770: Maturation', 'C18732: Development', 'C84377: Development', 'C133991: Development Batch', 'C96110: Development Lot']",maturation
C84593: Benign Neonatal Epilepsy	C5591: Benign Childhood Central Nervous System Neoplasm	C6553: Benign Childhood Germ Cell Tumor,,3,0,outside hierarchy,['C14172: Benign'],benign
C123848: Childhood Mixed Germ Cell Tumor,,1,0,outside hierarchy,['C4290: Mixed Germ Cell Tumor'],mix,germ,cell,neoplasm
C114749: Childhood Undifferentiated Pleomorphic Sarcoma	C7959: Childhood Pleomorphic Rhabdomyosarcoma	C114971: Childhood Pleomorphic Xanthoastrocytoma,,3,0,outside hierarchy,['C28109: Pleomorphic'],pleomorphic
C8588: Childhood Ovarian Germ Cell Tumor,,1,0,inside sysnonym,"['C3873: Ovarian Germ Cell Tumor', 'C8588: Childhood Ovarian Germ Cell Tumor']",ovarian,germ,cell,neoplasm
C27406: Childhood Central Nervous System Germinoma,,1,0,outside hierarchy,"['C3753: Germinoma', 'C8712: Pineal Region Germinoma']",germinoma
C141202: Childhood Lymphoma by AJCC v8 Stage	C141227: Childhood Hodgkin Lymphoma by Ann Arbor Stage	C141236: Childhood Non-Hodgkin Lymphoma by Ann Arbor Stage	C7139: PRETEXT Stage 1 Hepatoblastoma	C7140: PRETEXT Stage 2 Hepatoblastoma	C7141: PRETEXT Stage 3 Hepatoblastoma	C7142: PRETEXT Stage 4 Hepatoblastoma	C7143: Postsurgical Stage IV Hepatoblastoma	C7144: Postsurgical Stage III Hepatoblastoma	C7145: Postsurgical Stage II Hepatoblastoma	C7146: Postsurgical Stage I Hepatoblastoma	C5708: Stage III Childhood Hepatocellular Carcinoma AJCC v7	C5709: Stage II Childhood Hepatocellular Carcinoma AJCC v6 and v7	C5710: Stage I Childhood Hepatocellular Carcinoma AJCC v6 and v7	C7838: Stage IV Childhood Hepatocellular Carcinoma AJCC v7,,15,0,outside hierarchy,"['C25257: Phase', 'C15608: Staging', 'C16899: Stage', 'C48308: Stage', 'C48281: Trial Phase']",faze
C7714: Childhood Hodgkin Lymphoma,,1,0,inside sysnonym,"['C9357: Hodgkin Lymphoma', 'C103135: NCI CTEP SDC Hodgkin Lymphoma Sub-Category Terminology', 'C7702: Adult Hodgkin Lymphoma', 'C7714: Childhood Hodgkin Lymphoma']",hodgkin,lymphoma
C6563: Childhood Kidney Neoplasm,,1,0,inside sysnonym,"['C3150: Kidney Neoplasm', 'C103022: NCI CTEP SDC Kidney Neoplasm Category Terminology', 'C6563: Childhood Kidney Neoplasm']",kidney,neoplasm
C6566: Childhood Multilocular Cystic Renal Neoplasm	C6568: Childhood Renal Cell Carcinoma,,2,0,outside hierarchy,['C25225: Renal'],renal
C123834: Childhood Immature Teratoma,,1,0,outside hierarchy,['C4286: Immature Teratoma'],immature,teratoma
C7928: Childhood Germ Cell Tumor	C114483: Childhood Langerhans Cell Histiocytosis	C118814: Childhood Lung Non-Small Cell Carcinoma	C118815: Childhood Lung Small Cell Carcinoma	C4264: Clear Cell Sarcoma of the Kidney	C27371: Childhood Clear Cell Sarcoma of Soft Parts	C27372: Childhood Desmoplastic Small Round Cell Tumor	C6568: Childhood Renal Cell Carcinoma	C123397: Childhood Spindle Cell Rhabdomyosarcoma	C114966: Childhood Giant Cell Glioblastoma	C39815: Cellular Congenital Mesoblastic Nephroma	C7096: Small Cell Undifferentiated Hepatoblastoma	C114785: Childhood Subependymal Giant Cell Astrocytoma	C5636: Childhood Anaplastic Large Cell Lymphoma	C115196: Childhood Pineal Parenchymal Cell Neoplasm,,15,0,outside hierarchy,"['C12508: Cell', 'C48694: Cell', 'C48938: Cell Count', 'C111153: Cellularity Measurement', 'C49867: Cell Device', 'C60787: Cellular Telephone']",cell
C9047: Childhood Intraocular Retinoblastoma	C9048: Childhood Extraocular Retinoblastoma,,2,0,outside hierarchy,"['C7541: Retinoblastoma', 'C103061: NCI CTEP SDC Retinoblastoma Sub-Category Terminology']",retinoblastoma
C96412: Brain Development Abnormality	C114773: Childhood Brain Oligodendroglioma	C7703: Childhood Brain Neoplasm,,3,0,outside hierarchy,['C12439: Brain'],brain
C4005: Childhood Malignant Neoplasm,,1,0,outside hierarchy,['C14143: Malignant'],malignant
C4045: Childhood Oligodendroglioma	C5447: Childhood Anaplastic Oligodendroglioma,,2,0,inside sysnonym,"['C3288: Oligodendroglioma', 'C4045: Childhood Oligodendroglioma', 'C4014: Adult Oligodendroglioma']",oligodendroglioma
C9221: Recurrent Childhood Malignant Germ Cell Tumor	C123737: Refractory Childhood Malignant Germ Cell Tumor	C68632: Childhood Extragonadal Malignant Germ Cell Tumor,,3,0,outside hierarchy,['C4925: Malignant Germ Cell Tumor'],malignant,germ,cell,neoplasm
C7093: Hepatoblastoma with Pure Fetal Epithelial Differentiation	C7094: Hepatoblastoma with Combined Fetal and Embryonal Epithelial Differentiation,,2,0,outside hierarchy,['C42585: Epithelial Differentiation'],epithelial,differentiation
C141202: Childhood Lymphoma by AJCC v8 Stage	C5708: Stage III Childhood Hepatocellular Carcinoma AJCC v7	C5709: Stage II Childhood Hepatocellular Carcinoma AJCC v6 and v7	C5710: Stage I Childhood Hepatocellular Carcinoma AJCC v6 and v7	C7838: Stage IV Childhood Hepatocellular Carcinoma AJCC v7,,5,0,outside hierarchy,['C39315: American Joint Committee on Cancer'],ajcc
C4048: Childhood Pilocytic Astrocytoma,,1,0,inside sysnonym,"['C4047: Pilocytic Astrocytoma', 'C4048: Childhood Pilocytic Astrocytoma', 'C71016: Adult Pilocytic Astrocytoma']",pilocytic,astrocytoma
C5165: Childhood Lymphoma,,1,0,inside sysnonym,"['C3208: Lymphoma', 'C7587: Adult Lymphoma', 'C5165: Childhood Lymphoma']",lymphoma
C141227: Childhood Hodgkin Lymphoma by Ann Arbor Stage	C141236: Childhood Non-Hodgkin Lymphoma by Ann Arbor Stage,,2,0,outside hierarchy,['C141139: Lymphoma by Ann Arbor Stage'],lymphoma,belarus,ann,arbor,faze
C71301: Childhood Grade II Meningioma	C7145: Postsurgical Stage II Hepatoblastoma	C5709: Stage II Childhood Hepatocellular Carcinoma AJCC v6 and v7	C8055: Ann Arbor Stage II Childhood Hodgkin Lymphoma	C141219: St. Jude Stage II Childhood Non-Hodgkin Lymphoma AJCC v8	C94792: Ann Arbor Stage II Childhood Non-Hodgkin Lymphoma	C141182: Lugano Classification Stage II Childhood Hodgkin Lymphoma AJCC v8,,7,0,outside hierarchy,"['C25666: Second', 'C25667: Secondary', 'C42535: Second', 'C49463: Second', 'C133418: Pathologic Stage II Esophageal Adenocarcinoma AJCC v8', 'C134519: Stage II Hepatocellular Carcinoma AJCC v8', 'C134746: Stage II Hilar Cholangiocarcinoma AJCC v8', 'C134760: Stage II Intrahepatic Cholangiocarcinoma AJCC v8', 'C134814: Stage II Distal Bile Duct Cancer AJCC v8', 'C139743: Stage II Cervical Cancer AJCC v8', 'C140420: Stage II Bladder Cancer AJCC v8', 'C140980: Stage II Thyroid Gland Papillary Carcinoma AJCC v8', 'C51482: VIPR1 wt Allele', 'C52611: TAF8 wt Allele', 'C68861: Second Unit of Plane Angle', 'C94813: Clark Level II', 'C95664: Instance Identifier Data Type', 'C97419: CD74 wt Allele', 'C97420: HLA Class II Histocompatibility Antigen Gamma Chain']",second
C141218: St. Jude Stage I Childhood Non-Hodgkin Lymphoma AJCC v8	C94791: Ann Arbor Stage I Childhood Non-Hodgkin Lymphoma,C7706: Childhood Non-Hodgkin Lymphoma,2,1,inside sysnonym,['C94791: Ann Arbor Stage I Childhood Non-Hodgkin Lymphoma'],faze,i,pediatric,hodgkin non,lymphoma
C8093: Childhood Leiomyosarcoma,,1,0,inside sysnonym,"['C3158: Leiomyosarcoma', 'C8093: Childhood Leiomyosarcoma', 'C7810: Adult Leiomyosarcoma']",leiomyosarcoma
C7139: PRETEXT Stage 1 Hepatoblastoma	C7140: PRETEXT Stage 2 Hepatoblastoma	C7141: PRETEXT Stage 3 Hepatoblastoma	C7142: PRETEXT Stage 4 Hepatoblastoma,,4,0,outside hierarchy,['C141133: PRETEXT Staging System'],pretext,faze
C112865: Transient Myocardial Ischemia of Newborn	C113156: Transient Myocardial Dysfunction of Newborn	C114907: Transient Neonatal Hypoparathyroidism	C116771: Transient Neonatal Pustular Melanosis	C101037: Transient Tachypnea of the Newborn	C114899: Transient Neonatal Diabetes Mellitus	C82339: Transient Abnormal Myelopoiesis Associated with Down Syndrome,,7,0,outside hierarchy,['C53288: Temporary'],temporary
