Potential Subtype(s),Potential Supertype(s),# of Potential Subtype(s),# of Potential Supertype(s),Newly Formalized Concepts
C6563: Childhood Kidney Neoplasm,,1,0,kidney
C113421: Gray Baby Syndrome	C116800: Congenital Varicella Syndrome	C116955: Diencephalic Syndrome of Infancy	C99255: Neonatal Opiate Withdrawal Syndrome	C101320: Perinatal Blood Aspiration Syndrome	C84713: Fetal Alcohol Syndrome	C87093: Meconium Aspiration Syndrome	C98906: Fetal Warfarin Syndrome	C98927: Fetal Hydantoin Syndrome	C98928: Fetal Methotrexate Syndrome	C98929: Fetal Retinoid Syndrome	C98930: Fetal Valproate Syndrome	C99082: Thalidomide Embryopathy Syndrome	C118312: Neonatal Aspiration Syndrome	C43223: Myeloid Leukemia Associated with Down Syndrome	C82339: Transient Abnormal Myelopoiesis Associated with Down Syndrome	C68744: Childhood Myelodysplastic Syndrome	C116933: Double Cortex Syndrome,,18,0,syndrome
C6563: Childhood Kidney Neoplasm,,1,0,pediatric,kidney
C141179: Lugano Classification Limited Stage Childhood Hodgkin Lymphoma AJCC v8	C141185: Lugano Classification Advanced Stage Childhood Hodgkin Lymphoma AJCC v8,C7714: Childhood Hodgkin Lymphoma,2,1,faze,pediatric,hodgkin,lymphoma,ajcc,v8
C4989: Childhood Leukemia	C43223: Myeloid Leukemia Associated with Down Syndrome,,2,0,leukemia
C114833: Childhood Central Nervous System Embryonal Neoplasm	C123847: Childhood Embryonal Carcinoma	C7957: Childhood Embryonal Rhabdomyosarcoma	C7960: Childhood Rhabdomyosarcoma with Mixed Embryonal and Alveolar Features	C7094: Hepatoblastoma with Combined Fetal and Embryonal Epithelial Differentiation	C6539: Childhood Testicular Mixed Embryonal Carcinoma and Teratoma,,6,0,embryonal
C8057: Ann Arbor Stage III Childhood Hodgkin Lymphoma	C141186: Lugano Classification Stage III Childhood Hodgkin Lymphoma AJCC v8,C7714: Childhood Hodgkin Lymphoma,2,1,faze,third,pediatric,hodgkin,lymphoma
C141220: St. Jude Stage III Childhood Non-Hodgkin Lymphoma AJCC v8	C94793: Ann Arbor Stage III Childhood Non-Hodgkin Lymphoma,C7706: Childhood Non-Hodgkin Lymphoma,2,1,faze,third,pediatric,hodgkin non,lymphoma
C122690: Acute Myeloid Leukemia with t(7;12)(q36;p13); HLXB9-ETV6	C122691: Childhood Acute Myeloid Leukemia with NUP98 Rearrangement	C122725: Childhood Acute Myeloid Leukemia with Abnormalities of Chromosome 5q	C122726: Childhood Acute Myeloid Leukemia with Abnormalities of Chromosome 7	C132101: Acute Myeloid Leukemia with t(10;11)(p12;q23); MLL-MLLT10	C132105: Acute Myeloid Leukemia with t(6;11)(q27;q23); KMT2A-MLLT4	C8304: Childhood Acute Myeloid Leukemia with Minimal Differentiation	C9381: Childhood Acute Myeloid Leukemia with Maturation,,8,0,acute,myeloid,leukemia,with
C122690: Acute Myeloid Leukemia with t(7;12)(q36;p13); HLXB9-ETV6	C132109: Acute Megakaryoblastic Leukemia with CBFA2T3-GLIS2	C122691: Childhood Acute Myeloid Leukemia with NUP98 Rearrangement	C122725: Childhood Acute Myeloid Leukemia with Abnormalities of Chromosome 5q	C122726: Childhood Acute Myeloid Leukemia with Abnormalities of Chromosome 7	C132101: Acute Myeloid Leukemia with t(10;11)(p12;q23); MLL-MLLT10	C132105: Acute Myeloid Leukemia with t(6;11)(q27;q23); KMT2A-MLLT4	C7968: Childhood Acute Promyelocytic Leukemia with PML-RARA	C122617: Infant Acute Lymphoblastic Leukemia with MLL Rearrangement	C68659: Childhood B Acute Lymphoblastic Leukemia with t(9;22)(q34.1;q11.2); BCR-ABL1	C8304: Childhood Acute Myeloid Leukemia with Minimal Differentiation	C9381: Childhood Acute Myeloid Leukemia with Maturation,,12,0,leukemia,with
C4264: Clear Cell Sarcoma of the Kidney	C27371: Childhood Clear Cell Sarcoma of Soft Parts,,2,0,clear,cell,sarcoma,of
C6569: Congenital Mesoblastic Nephroma	C157745: Childhood Cystic Nephroma,,2,0,nephroma
C6590: Childhood Conventional Osteosarcoma	C69142: Childhood Classic Hodgkin Lymphoma,,2,0,pediatric,convention
C6586: Extrarenal Rhabdoid Tumor	C8715: Rhabdoid Tumor of the Kidney,,2,0,rhabdoid,neoplasm
C27371: Childhood Clear Cell Sarcoma of Soft Parts	C8092: Childhood Alveolar Soft Part Sarcoma,,2,0,soft,part
C68634: Childhood Atypical Teratoid/Rhabdoid Tumor	C124291: Childhood Atypical Choroid Plexus Papilloma,,2,0,pediatric,atypia
C8588: Childhood Ovarian Germ Cell Tumor,,1,0,ovarian
C118815: Childhood Lung Small Cell Carcinoma	C7096: Small Cell Undifferentiated Hepatoblastoma,,2,0,small,cell
C71303: Childhood Grade III Meningioma	C7144: Postsurgical Stage III Hepatoblastoma	C5708: Stage III Childhood Hepatocellular Carcinoma AJCC v7	C8057: Ann Arbor Stage III Childhood Hodgkin Lymphoma	C115204: Childhood Grade III Lymphomatoid Granulomatosis	C141220: St. Jude Stage III Childhood Non-Hodgkin Lymphoma AJCC v8	C94793: Ann Arbor Stage III Childhood Non-Hodgkin Lymphoma	C141186: Lugano Classification Stage III Childhood Hodgkin Lymphoma AJCC v8,,8,0,third
C118808: Childhood Colorectal Carcinoma	C118809: Childhood Breast Carcinoma	C118811: Childhood Laryngeal Carcinoma	C118812: Childhood Esophageal Carcinoma	C118813: Childhood Gastric Carcinoma	C118814: Childhood Lung Non-Small Cell Carcinoma	C118815: Childhood Lung Small Cell Carcinoma	C118816: Childhood Bladder Carcinoma	C118817: Childhood Nasal Cavity Carcinoma	C118818: Childhood Paranasal Sinus Carcinoma	C118819: Childhood Parathyroid Gland Carcinoma	C118824: Childhood Salivary Gland Carcinoma	C118827: Childhood Thyroid Gland Carcinoma	C124292: Childhood Choroid Plexus Carcinoma	C123847: Childhood Embryonal Carcinoma	C6568: Childhood Renal Cell Carcinoma	C7955: Childhood Hepatocellular Carcinoma	C123933: Childhood Small Intestinal Carcinoma	C6539: Childhood Testicular Mixed Embryonal Carcinoma and Teratoma,,19,0,carcinoma
C118814: Childhood Lung Non-Small Cell Carcinoma	C118815: Childhood Lung Small Cell Carcinoma,,2,0,pediatric,lung
C7928: Childhood Germ Cell Tumor,,1,0,germ,cell,neoplasm
C5053: Childhood Testicular Neoplasm,,1,0,pediatric,testicular
C99232: Neonatal Respiratory System Disorder	C5132: Childhood Central Nervous System Neoplasm,,2,0,system
C101304: Hemolytic Disease of the Newborn	C101037: Transient Tachypnea of the Newborn	C4264: Clear Cell Sarcoma of the Kidney	C8715: Rhabdoid Tumor of the Kidney	C161608: Extrarenal Rhabdoid Tumor of the Prostate	C96847: Extrarenal Rhabdoid Tumor of the Liver	C96830: Calcifying Nested Epithelial Stromal Tumor of the Liver	C35556: Childhood Botryoid-Type Embryonal Rhabdomyosarcoma of the Vagina	C36098: Childhood Botryoid-Type Embryonal Rhabdomyosarcoma of the Vulva,,9,0,of,the
C101320: Perinatal Blood Aspiration Syndrome	C87093: Meconium Aspiration Syndrome	C101028: Neonatal Aspiration of Amniotic Fluid	C118312: Neonatal Aspiration Syndrome,,4,0,aspiration
C35556: Childhood Botryoid-Type Embryonal Rhabdomyosarcoma of the Vagina	C36098: Childhood Botryoid-Type Embryonal Rhabdomyosarcoma of the Vulva,C35574: Childhood Botryoid-Type Embryonal Rhabdomyosarcoma,2,1,pediatric,botryoid type,embryonal,rhabdomyosarcoma,of,the
C112865: Transient Myocardial Ischemia of Newborn	C113156: Transient Myocardial Dysfunction of Newborn,,2,0,temporary,myocardial
"C161838: Hepatocellular Malignant Neoplasm, Not Otherwise Specified	C5961: Childhood Central Nervous System Embryonal Tumor, Not Otherwise Specified	C122625: Childhood Acute Myeloid Leukemia Not Otherwise Specified",,3,0,negation,otherwise,specify
C141227: Childhood Hodgkin Lymphoma by Ann Arbor Stage	C141236: Childhood Non-Hodgkin Lymphoma by Ann Arbor Stage,,2,0,ann,arbor,faze
C8715: Rhabdoid Tumor of the Kidney	C161608: Extrarenal Rhabdoid Tumor of the Prostate	C96847: Extrarenal Rhabdoid Tumor of the Liver,,3,0,rhabdoid,neoplasm,of,the
C141218: St. Jude Stage I Childhood Non-Hodgkin Lymphoma AJCC v8	C141219: St. Jude Stage II Childhood Non-Hodgkin Lymphoma AJCC v8	C141220: St. Jude Stage III Childhood Non-Hodgkin Lymphoma AJCC v8	C141221: St. Jude Stage IV Childhood Non-Hodgkin Lymphoma AJCC v8,C7706: Childhood Non-Hodgkin Lymphoma,4,1,pediatric,hodgkin non,lymphoma,ajcc,v8
C5709: Stage II Childhood Hepatocellular Carcinoma AJCC v6 and v7	C5710: Stage I Childhood Hepatocellular Carcinoma AJCC v6 and v7,C7955: Childhood Hepatocellular Carcinoma,2,1,pediatric,hepatocellular,carcinoma,ajcc,v6,andorra,v7
C123841: Childhood Nongerminomatous Germ Cell Tumor,,1,0,nongerminomatous,germ,cell,neoplasm
C7715: Childhood Soft Tissue Sarcoma,,1,0,sarcoma
C5802: Childhood Infratentorial Neoplasm,,1,0,pediatric,infratentorial
"C123847: Childhood Embryonal Carcinoma	C7957: Childhood Embryonal Rhabdomyosarcoma	C115203: Childhood Embryonal Tumor with Multilayered Rosettes, C19MC-Altered",,3,0,pediatric,embryonal
C162702: Recurrent Childhood Malignant Neoplasm	C9045: Recurrent Childhood Central Nervous System Neoplasm	C115445: Recurrent Childhood Kidney Neoplasm,,3,0,recurrent,pediatric
C6552: Childhood Testicular Germ Cell Tumor,,1,0,testicular,germ,cell,neoplasm
C27377: Childhood Myxoid Chondrosarcoma	C27374: Childhood Mesenchymal Chondrosarcoma,,2,0,chondrosarcoma
C8058: Ann Arbor Stage IV Childhood Hodgkin Lymphoma	C94794: Ann Arbor Stage IV Childhood Non-Hodgkin Lymphoma,,2,0,ann,arbor,faze,iv,pediatric
C5132: Childhood Central Nervous System Neoplasm,,1,0,pediatric,center,nervousness,system
C141202: Childhood Lymphoma by AJCC v8 Stage,,1,0,lymphoma,belarus,ajcc,v8,faze
C7960: Childhood Rhabdomyosarcoma with Mixed Embryonal and Alveolar Features	C6539: Childhood Testicular Mixed Embryonal Carcinoma and Teratoma,,2,0,mix,embryonal
C9045: Recurrent Childhood Central Nervous System Neoplasm,,1,0,recurrent,pediatric,center,nervousness,system
"C4347: Childhood Cerebral Astrocytoma	C6268: Childhood Cerebral Ependymoma	C6219: Benign Childhood Cerebral Neoplasm	C6957: Childhood Cerebral Embryonal Tumor with Multilayered Rosettes, C19MC-Altered",,4,0,pediatric,cerebral
C114966: Childhood Giant Cell Glioblastoma	C114785: Childhood Subependymal Giant Cell Astrocytoma,,2,0,giant,cell
C115196: Childhood Pineal Parenchymal Cell Neoplasm,,1,0,pediatric,pineal,parenchymal
C7940: Childhood Acute Monoblastic and Monocytic Leukemia,,1,0,monocytic,leukemia
C101304: Hemolytic Disease of the Newborn	C101037: Transient Tachypnea of the Newborn,,2,0,of,the,newborn
C114877: Fetus Small for Gestational Age with Abnormal Doppler	C82339: Transient Abnormal Myelopoiesis Associated with Down Syndrome,,2,0,abnormal
C27368: Childhood Liver and Intrahepatic Bile Duct Neoplasm	C7960: Childhood Rhabdomyosarcoma with Mixed Embryonal and Alveolar Features	C5637: Childhood Mature T-Cell and NK-Cell Non-Hodgkin Lymphoma	C6539: Childhood Testicular Mixed Embryonal Carcinoma and Teratoma	C7940: Childhood Acute Monoblastic and Monocytic Leukemia,,5,0,andorra
C114973: Childhood Anaplastic Oligoastrocytoma	C6215: Childhood Anaplastic Astrocytoma	C5447: Childhood Anaplastic Oligodendroglioma	C124293: Childhood Anaplastic Ependymoma	C5636: Childhood Anaplastic Large Cell Lymphoma,,5,0,pediatric,anaplastic
C114875: Fetus Small for Gestational Age	C118815: Childhood Lung Small Cell Carcinoma	C118826: Childhood Malignant Small Intestinal Neoplasm	C27372: Childhood Desmoplastic Small Round Cell Tumor	C7096: Small Cell Undifferentiated Hepatoblastoma,,5,0,small
C42080: Childhood Choroid Plexus Neoplasm,,1,0,choroid,plexus
C122691: Childhood Acute Myeloid Leukemia with NUP98 Rearrangement	C122725: Childhood Acute Myeloid Leukemia with Abnormalities of Chromosome 5q	C122726: Childhood Acute Myeloid Leukemia with Abnormalities of Chromosome 7	C8304: Childhood Acute Myeloid Leukemia with Minimal Differentiation	C9381: Childhood Acute Myeloid Leukemia with Maturation,C9160: Childhood Acute Myeloid Leukemia,5,1,pediatric,acute,myeloid,leukemia,with
C123394: Childhood Extranodal Marginal Zone Lymphoma of Mucosa-Associated Lymphoid Tissue	C68692: Childhood Nasal Type Extranodal NK/T-Cell Lymphoma,,2,0,extranodal
C92719: Fetal Disorder	C7093: Hepatoblastoma with Pure Fetal Epithelial Differentiation	C7094: Hepatoblastoma with Combined Fetal and Embryonal Epithelial Differentiation,,3,0,fetus
C89328: Pediatric Disorder,,1,0,pediatric
C7616: Childhood Diffuse Large B-Cell Lymphoma	C5636: Childhood Anaplastic Large Cell Lymphoma,,2,0,large
C5708: Stage III Childhood Hepatocellular Carcinoma AJCC v7	C5709: Stage II Childhood Hepatocellular Carcinoma AJCC v6 and v7	C5710: Stage I Childhood Hepatocellular Carcinoma AJCC v6 and v7	C7838: Stage IV Childhood Hepatocellular Carcinoma AJCC v7,C7955: Childhood Hepatocellular Carcinoma,4,1,pediatric,hepatocellular,carcinoma,ajcc
C6590: Childhood Conventional Osteosarcoma	C39814: Classic Congenital Mesoblastic Nephroma	C69142: Childhood Classic Hodgkin Lymphoma,,3,0,convention
C71303: Childhood Grade III Meningioma	C71300: Childhood Grade I Meningioma	C71301: Childhood Grade II Meningioma	C115204: Childhood Grade III Lymphomatoid Granulomatosis,,4,0,pediatric,grade
C5591: Benign Childhood Central Nervous System Neoplasm	C6553: Benign Childhood Germ Cell Tumor,,2,0,benign,pediatric
C115195: Childhood Mixed Glioma	C123848: Childhood Mixed Germ Cell Tumor	C7960: Childhood Rhabdomyosarcoma with Mixed Embryonal and Alveolar Features	C97058: Mixed Congenital Mesoblastic Nephroma	C7097: Mixed Epithelial and Mesenchymal Hepatoblastoma	C7098: Mixed Hepatoblastoma with Teratoid Features	C8063: Childhood Mixed Cellularity Classic Hodgkin Lymphoma,,7,0,mix
C7093: Hepatoblastoma with Pure Fetal Epithelial Differentiation	C7094: Hepatoblastoma with Combined Fetal and Embryonal Epithelial Differentiation	C8304: Childhood Acute Myeloid Leukemia with Minimal Differentiation	C124137: Childhood Pineal Parenchymal Tumor of Intermediate Differentiation,,4,0,differentiation
C115195: Childhood Mixed Glioma,,1,0,mix,glioma
C101028: Neonatal Aspiration of Amniotic Fluid	C118312: Neonatal Aspiration Syndrome,,2,0,newborn,aspiration
C116601: Gross Motor Delay	C116602: Fine Motor Delay,,2,0,motor,delay
C5636: Childhood Anaplastic Large Cell Lymphoma,,1,0,anaplastic,large,cell,lymphoma
C7928: Childhood Germ Cell Tumor	C27372: Childhood Desmoplastic Small Round Cell Tumor	C115196: Childhood Pineal Parenchymal Cell Neoplasm,,3,0,cell,neoplasm
C124293: Childhood Anaplastic Ependymoma	C124269: Childhood Myxopapillary Ependymoma	C8578: Childhood Ependymoma,,3,0,ependymoma
C6566: Childhood Multilocular Cystic Renal Neoplasm,,1,0,cystic
C7143: Postsurgical Stage IV Hepatoblastoma	C7838: Stage IV Childhood Hepatocellular Carcinoma AJCC v7	C8058: Ann Arbor Stage IV Childhood Hodgkin Lymphoma	C141221: St. Jude Stage IV Childhood Non-Hodgkin Lymphoma AJCC v8	C94794: Ann Arbor Stage IV Childhood Non-Hodgkin Lymphoma	C141187: Lugano Classification Stage IV Childhood Hodgkin Lymphoma AJCC v8,,6,0,faze,iv
C9124: Childhood Lymphoblastic Lymphoma,,1,0,lymphoblast,lymphoma
C8058: Ann Arbor Stage IV Childhood Hodgkin Lymphoma	C141187: Lugano Classification Stage IV Childhood Hodgkin Lymphoma AJCC v8,C7714: Childhood Hodgkin Lymphoma,2,1,faze,iv,pediatric,hodgkin,lymphoma
C80373: EBV-Positive T-Cell Lymphoproliferative Disorder of Childhood	C82596: Refractory Cytopenia of Childhood,,2,0,of,pediatric
C8055: Ann Arbor Stage II Childhood Hodgkin Lymphoma	C94792: Ann Arbor Stage II Childhood Non-Hodgkin Lymphoma,,2,0,ann,arbor,faze,second
C8057: Ann Arbor Stage III Childhood Hodgkin Lymphoma	C94793: Ann Arbor Stage III Childhood Non-Hodgkin Lymphoma,,2,0,ann,arbor,faze,third,pediatric
C96411: Pediatric Viral Infection,,1,0,infection
"C114876: Fetus Small for Gestational Age with Oligohydraminos	C114877: Fetus Small for Gestational Age with Abnormal Doppler	C114878: Fetus Small for Gestational Age with Abdominal Circumference Less than Tenth Percentile	C43223: Myeloid Leukemia Associated with Down Syndrome	C82339: Transient Abnormal Myelopoiesis Associated with Down Syndrome	C123395: Childhood Langerhans Cell Histiocytosis with Risk Organ Involvement	C7960: Childhood Rhabdomyosarcoma with Mixed Embryonal and Alveolar Features	C115203: Childhood Embryonal Tumor with Multilayered Rosettes, C19MC-Altered	C122690: Acute Myeloid Leukemia with t(7;12)(q36;p13); HLXB9-ETV6	C132109: Acute Megakaryoblastic Leukemia with CBFA2T3-GLIS2	C122691: Childhood Acute Myeloid Leukemia with NUP98 Rearrangement	C122725: Childhood Acute Myeloid Leukemia with Abnormalities of Chromosome 5q	C122726: Childhood Acute Myeloid Leukemia with Abnormalities of Chromosome 7	C132101: Acute Myeloid Leukemia with t(10;11)(p12;q23); MLL-MLLT10	C132105: Acute Myeloid Leukemia with t(6;11)(q27;q23); KMT2A-MLLT4	C7968: Childhood Acute Promyelocytic Leukemia with PML-RARA	C7093: Hepatoblastoma with Pure Fetal Epithelial Differentiation	C7094: Hepatoblastoma with Combined Fetal and Embryonal Epithelial Differentiation	C7098: Mixed Hepatoblastoma with Teratoid Features	C122617: Infant Acute Lymphoblastic Leukemia with MLL Rearrangement	C68659: Childhood B Acute Lymphoblastic Leukemia with t(9;22)(q34.1;q11.2); BCR-ABL1	C8304: Childhood Acute Myeloid Leukemia with Minimal Differentiation	C9381: Childhood Acute Myeloid Leukemia with Maturation",,23,0,with
C7838: Stage IV Childhood Hepatocellular Carcinoma AJCC v7	C8058: Ann Arbor Stage IV Childhood Hodgkin Lymphoma	C141221: St. Jude Stage IV Childhood Non-Hodgkin Lymphoma AJCC v8	C94794: Ann Arbor Stage IV Childhood Non-Hodgkin Lymphoma	C141187: Lugano Classification Stage IV Childhood Hodgkin Lymphoma AJCC v8,,5,0,faze,iv,pediatric
C5710: Stage I Childhood Hepatocellular Carcinoma AJCC v6 and v7	C8056: Ann Arbor Stage I Childhood Hodgkin Lymphoma	C141218: St. Jude Stage I Childhood Non-Hodgkin Lymphoma AJCC v8	C94791: Ann Arbor Stage I Childhood Non-Hodgkin Lymphoma	C141180: Lugano Classification Stage I Childhood Hodgkin Lymphoma AJCC v8,,5,0,faze,i,pediatric
C116708: Floppy Infant	C122603: Infant Leukemia,,2,0,infant
"C124274: Childhood Ganglioneuroblastoma, Nodular	C8060: Childhood Nodular Lymphocyte Predominant Hodgkin Lymphoma	C8062: Childhood Nodular Sclerosis Classic Hodgkin Lymphoma",,3,0,nodular
C50667: Neonatal Hearing Impairment,,1,0,newborn,hear
C115292: Non-Metastatic Childhood Soft Tissue Sarcoma,,1,0,metastatic non,pediatric
C101304: Hemolytic Disease of the Newborn	C111857: Hemorrhagic Disease of Newborn	C112865: Transient Myocardial Ischemia of Newborn	C113156: Transient Myocardial Dysfunction of Newborn	C116955: Diencephalic Syndrome of Infancy	C118190: Reactive Attachment Disorder of Infancy or Early Childhood	C101028: Neonatal Aspiration of Amniotic Fluid	C101037: Transient Tachypnea of the Newborn	C80373: EBV-Positive T-Cell Lymphoproliferative Disorder of Childhood	C4264: Clear Cell Sarcoma of the Kidney	C27371: Childhood Clear Cell Sarcoma of Soft Parts	C8715: Rhabdoid Tumor of the Kidney	C161608: Extrarenal Rhabdoid Tumor of the Prostate	C96847: Extrarenal Rhabdoid Tumor of the Liver	C96830: Calcifying Nested Epithelial Stromal Tumor of the Liver	C82596: Refractory Cytopenia of Childhood	C122725: Childhood Acute Myeloid Leukemia with Abnormalities of Chromosome 5q	C122726: Childhood Acute Myeloid Leukemia with Abnormalities of Chromosome 7	C123394: Childhood Extranodal Marginal Zone Lymphoma of Mucosa-Associated Lymphoid Tissue	C35556: Childhood Botryoid-Type Embryonal Rhabdomyosarcoma of the Vagina	C36098: Childhood Botryoid-Type Embryonal Rhabdomyosarcoma of the Vulva	C124137: Childhood Pineal Parenchymal Tumor of Intermediate Differentiation,,22,0,of
C7144: Postsurgical Stage III Hepatoblastoma	C5708: Stage III Childhood Hepatocellular Carcinoma AJCC v7	C8057: Ann Arbor Stage III Childhood Hodgkin Lymphoma	C141220: St. Jude Stage III Childhood Non-Hodgkin Lymphoma AJCC v8	C94793: Ann Arbor Stage III Childhood Non-Hodgkin Lymphoma	C141186: Lugano Classification Stage III Childhood Hodgkin Lymphoma AJCC v8,,6,0,faze,third
C114973: Childhood Anaplastic Oligoastrocytoma	C6215: Childhood Anaplastic Astrocytoma	C5447: Childhood Anaplastic Oligodendroglioma	C124293: Childhood Anaplastic Ependymoma	C5636: Childhood Anaplastic Large Cell Lymphoma,,5,0,anaplastic
C116943: Motor Developmental Delay,,1,0,motor
C118819: Childhood Parathyroid Gland Carcinoma	C118824: Childhood Salivary Gland Carcinoma	C118827: Childhood Thyroid Gland Carcinoma,,3,0,gland,carcinoma
C118190: Reactive Attachment Disorder of Infancy or Early Childhood	C80373: EBV-Positive T-Cell Lymphoproliferative Disorder of Childhood,,2,0,disorder,of
"C129309: Diffuse Midline Glioma, H3 K27M-Mutant	C7616: Childhood Diffuse Large B-Cell Lymphoma	C114967: Childhood Diffuse Astrocytoma",,3,0,diffuse
C123932: Childhood Small Intestinal Leiomyosarcoma	C123933: Childhood Small Intestinal Carcinoma,,2,0,pediatric,small,intestinal
C5708: Stage III Childhood Hepatocellular Carcinoma AJCC v7	C8057: Ann Arbor Stage III Childhood Hodgkin Lymphoma	C141220: St. Jude Stage III Childhood Non-Hodgkin Lymphoma AJCC v8	C94793: Ann Arbor Stage III Childhood Non-Hodgkin Lymphoma	C141186: Lugano Classification Stage III Childhood Hodgkin Lymphoma AJCC v8,,5,0,faze,third,pediatric
C80373: EBV-Positive T-Cell Lymphoproliferative Disorder of Childhood	C5637: Childhood Mature T-Cell and NK-Cell Non-Hodgkin Lymphoma,,2,0,lymphocyte t
C124271: Childhood Ganglioneuroblastoma,,1,0,ganglioneuroblastoma
C141219: St. Jude Stage II Childhood Non-Hodgkin Lymphoma AJCC v8	C94792: Ann Arbor Stage II Childhood Non-Hodgkin Lymphoma,C7706: Childhood Non-Hodgkin Lymphoma,2,1,faze,second,pediatric,hodgkin non,lymphoma
C122614: Infant Acute Lymphoblastic Leukemia	C126110: Infant Acute Undifferentiated Leukemia	C126111: Infant Acute Biphenotypic Leukemia,,3,0,infant,acute
C123906: Childhood Gastrointestinal Stromal Tumor	C96830: Calcifying Nested Epithelial Stromal Tumor of the Liver,,2,0,stromal,neoplasm
C111857: Hemorrhagic Disease of Newborn	C112865: Transient Myocardial Ischemia of Newborn	C113156: Transient Myocardial Dysfunction of Newborn,,3,0,of,newborn
C114968: Childhood Gliosarcoma,,1,0,gliosarcoma
C141178: Lugano Classification Childhood Hodgkin Lymphoma by AJCC v8 Stage	C141227: Childhood Hodgkin Lymphoma by Ann Arbor Stage,C7714: Childhood Hodgkin Lymphoma,2,1,pediatric,hodgkin,lymphoma,belarus
C6585: Childhood Osteosarcoma,,1,0,osteosarcoma
C124270: Childhood Neuroblastoma,,1,0,neuroblastoma
C118819: Childhood Parathyroid Gland Carcinoma	C118824: Childhood Salivary Gland Carcinoma	C118827: Childhood Thyroid Gland Carcinoma,,3,0,gland
C5640: Childhood T Lymphoblastic Leukemia/Lymphoma,,1,0,t
C3168: Childhood Acute Lymphoblastic Leukemia	C9160: Childhood Acute Myeloid Leukemia,,2,0,pediatric,acute
C42080: Childhood Choroid Plexus Neoplasm,,1,0,pediatric,choroid,plexus
C6283: Childhood Neoplasm,,1,0,neoplasm
C96830: Calcifying Nested Epithelial Stromal Tumor of the Liver	C7093: Hepatoblastoma with Pure Fetal Epithelial Differentiation	C7094: Hepatoblastoma with Combined Fetal and Embryonal Epithelial Differentiation	C7097: Mixed Epithelial and Mesenchymal Hepatoblastoma,,4,0,epithelial
C123394: Childhood Extranodal Marginal Zone Lymphoma of Mucosa-Associated Lymphoid Tissue	C80299: Pediatric Nodal Marginal Zone Lymphoma,,2,0,margin,zone,lymphoma
C116783: Erythema Toxicum Neonatorum	C116814: Tetanus Neonatorum	C116816: Gonococcal Ophthalmia Neonatorum,,3,0,neonatorum
C116818: Neonatal Chemical Conjunctivitis	C116817: Neonatal Chlamydia Conjunctivitis,,2,0,conjunctivitis
C8055: Ann Arbor Stage II Childhood Hodgkin Lymphoma	C94792: Ann Arbor Stage II Childhood Non-Hodgkin Lymphoma,,2,0,ann,arbor,faze,second,pediatric
C80374: Systemic EBV-Positive T-Cell Lymphoma of Childhood	C123394: Childhood Extranodal Marginal Zone Lymphoma of Mucosa-Associated Lymphoid Tissue,,2,0,lymphoma,of
C141292: Noncutaneous Childhood Anaplastic Large Cell Lymphoma by Ann Arbor Stage,C5636: Childhood Anaplastic Large Cell Lymphoma,1,1,noncutaneous,pediatric,anaplastic,large,cell,lymphoma
C7960: Childhood Rhabdomyosarcoma with Mixed Embryonal and Alveolar Features	C7098: Mixed Hepatoblastoma with Teratoid Features,,2,0,characteristic
"C115195: Childhood Mixed Glioma	C129309: Diffuse Midline Glioma, H3 K27M-Mutant	C7535: Childhood Visual Pathway Glioma	C9042: Childhood Brain Stem Glioma",,4,0,glioma
C9190: Recurrent Childhood Brain Stem Glioma,,1,0,recurrent,pediatric,brain,stem
C4005: Childhood Malignant Neoplasm,,1,0,malignant,neoplasm
C7952: Childhood Burkitt Leukemia	C9095: Childhood Burkitt Lymphoma,,2,0,pediatric,burkitt
C123836: Childhood Mature Teratoma	C5637: Childhood Mature T-Cell and NK-Cell Non-Hodgkin Lymphoma,,2,0,mature
"C5961: Childhood Central Nervous System Embryonal Tumor, Not Otherwise Specified",,1,0,embryonal,neoplasm,negation,otherwise,specify
C8056: Ann Arbor Stage I Childhood Hodgkin Lymphoma	C141180: Lugano Classification Stage I Childhood Hodgkin Lymphoma AJCC v8,C7714: Childhood Hodgkin Lymphoma,2,1,faze,i,pediatric,hodgkin,lymphoma
C162703: Refractory Childhood Malignant Neoplasm	C82596: Refractory Cytopenia of Childhood	C71714: Refractory Childhood Spinal Cord Neoplasm,,3,0,refractary
C124057: Pontocerebellar Hypoplasia Type 2	C68692: Childhood Nasal Type Extranodal NK/T-Cell Lymphoma,,2,0,type
C114833: Childhood Central Nervous System Embryonal Neoplasm	C6208: Childhood Central Nervous System Embryonal Carcinoma,,2,0,pediatric,center,nervousness,system,embryonal
C114973: Childhood Anaplastic Oligoastrocytoma	C114974: Childhood Oligoastrocytoma,,2,0,oligoastrocytoma
C89328: Pediatric Disorder,,1,0,disorder
C101320: Perinatal Blood Aspiration Syndrome	C87093: Meconium Aspiration Syndrome	C118312: Neonatal Aspiration Syndrome,,3,0,aspiration,syndrome
C5053: Childhood Testicular Neoplasm,,1,0,testicular
C6215: Childhood Anaplastic Astrocytoma,,1,0,anaplastic,astrocytoma
C162703: Refractory Childhood Malignant Neoplasm,,1,0,refractary,pediatric,malignant
C114907: Transient Neonatal Hypoparathyroidism	C116771: Transient Neonatal Pustular Melanosis	C114899: Transient Neonatal Diabetes Mellitus,,3,0,temporary,newborn
C116800: Congenital Varicella Syndrome	C116799: Congenital Varicella Zoster Infection	C116807: Congenital Listeriosis	C116811: Congenital Candidiasis	C6569: Congenital Mesoblastic Nephroma	C128732: Congenital Microcephaly,,6,0,congenital
C132109: Acute Megakaryoblastic Leukemia with CBFA2T3-GLIS2	C7972: Childhood Acute Megakaryoblastic Leukemia	C132111: Acute Megakaryoblastic Leukemia with NUP98-KDM5A,,3,0,acute,megakaryoblastic,leukemia
C116810: Neonatal Candidiasis	C116811: Congenital Candidiasis,,2,0,candidiasis
C5640: Childhood T Lymphoblastic Leukemia/Lymphoma	C3168: Childhood Acute Lymphoblastic Leukemia	C9124: Childhood Lymphoblastic Lymphoma,,3,0,lymphoblast
C7706: Childhood Non-Hodgkin Lymphoma,,1,0,hodgkin non,lymphoma
C8057: Ann Arbor Stage III Childhood Hodgkin Lymphoma	C94793: Ann Arbor Stage III Childhood Non-Hodgkin Lymphoma,,2,0,ann,arbor,faze,third
C162702: Recurrent Childhood Malignant Neoplasm	C9045: Recurrent Childhood Central Nervous System Neoplasm	C115445: Recurrent Childhood Kidney Neoplasm,,3,0,recurrent
C7715: Childhood Soft Tissue Sarcoma,,1,0,soft
C99128: Thoracic Myelocele	C101213: Thoracic Meningocele,,2,0,thoracic
"C7320: Childhood Chronic Myelogenous Leukemia, BCR-ABL1 Positive	C68659: Childhood B Acute Lymphoblastic Leukemia with t(9;22)(q34.1;q11.2); BCR-ABL1",,2,0,abl1 bcr
C113485: Diabetic Embryopathy	C111909: Diabetic Fetopathy,,2,0,diabetic
C96412: Brain Development Abnormality	C122725: Childhood Acute Myeloid Leukemia with Abnormalities of Chromosome 5q	C122726: Childhood Acute Myeloid Leukemia with Abnormalities of Chromosome 7,,3,0,abnormality
C27374: Childhood Mesenchymal Chondrosarcoma	C7097: Mixed Epithelial and Mesenchymal Hepatoblastoma,,2,0,mesenchymal
"C115203: Childhood Embryonal Tumor with Multilayered Rosettes, C19MC-Altered",,1,0,embryonal,neoplasm,with,multilayered,rosette,alter c19mc
C8715: Rhabdoid Tumor of the Kidney	C161608: Extrarenal Rhabdoid Tumor of the Prostate	C96847: Extrarenal Rhabdoid Tumor of the Liver	C96830: Calcifying Nested Epithelial Stromal Tumor of the Liver,,4,0,neoplasm,of,the
C5970: Childhood Cerebellar Neoplasm,,1,0,pediatric,cerebellum
C7529: Recurrent Childhood Visual Pathway Glioma,,1,0,recurrent,pediatric,visual,pathway
C8264: Childhood Meningioma,,1,0,meningeoma
C118827: Childhood Thyroid Gland Carcinoma,,1,0,pediatric,thyroid,gland
"C161838: Hepatocellular Malignant Neoplasm, Not Otherwise Specified	C7955: Childhood Hepatocellular Carcinoma",,2,0,hepatocellular
C116942: Developmental Delay,,1,0,delay
C141179: Lugano Classification Limited Stage Childhood Hodgkin Lymphoma AJCC v8	C141185: Lugano Classification Advanced Stage Childhood Hodgkin Lymphoma AJCC v8,C7714: Childhood Hodgkin Lymphoma,2,1,pediatric,hodgkin,lymphoma,ajcc,v8
C123844: Childhood Choriocarcinoma,,1,0,chordocarcinoma
C5136: Childhood Glioblastoma,,1,0,glioblastoma
C8092: Childhood Alveolar Soft Part Sarcoma	C7958: Childhood Alveolar Rhabdomyosarcoma	C7960: Childhood Rhabdomyosarcoma with Mixed Embryonal and Alveolar Features,,3,0,alveolar
C71300: Childhood Grade I Meningioma	C7146: Postsurgical Stage I Hepatoblastoma	C5710: Stage I Childhood Hepatocellular Carcinoma AJCC v6 and v7	C8056: Ann Arbor Stage I Childhood Hodgkin Lymphoma	C141218: St. Jude Stage I Childhood Non-Hodgkin Lymphoma AJCC v8	C94791: Ann Arbor Stage I Childhood Non-Hodgkin Lymphoma	C141180: Lugano Classification Stage I Childhood Hodgkin Lymphoma AJCC v8,,7,0,i
C9221: Recurrent Childhood Malignant Germ Cell Tumor	C123737: Refractory Childhood Malignant Germ Cell Tumor,,2,0,pediatric,malignant,germ,cell,neoplasm
C5640: Childhood T Lymphoblastic Leukemia/Lymphoma,,1,0,pediatric,t,lymphoblast
C7959: Childhood Pleomorphic Rhabdomyosarcoma	C114971: Childhood Pleomorphic Xanthoastrocytoma,,2,0,pediatric,pleomorphic
C114806: Childhood Favorable Prognosis Hodgkin Lymphoma	C114808: Childhood Unfavorable Prognosis Hodgkin Lymphoma,,2,0,prognose,hodgkin,lymphoma
C8060: Childhood Nodular Lymphocyte Predominant Hodgkin Lymphoma	C8062: Childhood Nodular Sclerosis Classic Hodgkin Lymphoma,,2,0,pediatric,nodular
C8715: Rhabdoid Tumor of the Kidney	C161608: Extrarenal Rhabdoid Tumor of the Prostate	C96847: Extrarenal Rhabdoid Tumor of the Liver	C96830: Calcifying Nested Epithelial Stromal Tumor of the Liver	C124137: Childhood Pineal Parenchymal Tumor of Intermediate Differentiation,,5,0,neoplasm,of
C141221: St. Jude Stage IV Childhood Non-Hodgkin Lymphoma AJCC v8	C94794: Ann Arbor Stage IV Childhood Non-Hodgkin Lymphoma,C7706: Childhood Non-Hodgkin Lymphoma,2,1,faze,iv,pediatric,hodgkin non,lymphoma
C7145: Postsurgical Stage II Hepatoblastoma	C5709: Stage II Childhood Hepatocellular Carcinoma AJCC v6 and v7	C8055: Ann Arbor Stage II Childhood Hodgkin Lymphoma	C141219: St. Jude Stage II Childhood Non-Hodgkin Lymphoma AJCC v8	C94792: Ann Arbor Stage II Childhood Non-Hodgkin Lymphoma	C141182: Lugano Classification Stage II Childhood Hodgkin Lymphoma AJCC v8,,6,0,faze,second
C98875: Cervical Myelocele	C101210: Cervical Meningocele,,2,0,neck
C7535: Childhood Visual Pathway Glioma,,1,0,pediatric,visual,pathway
C116955: Diencephalic Syndrome of Infancy	C118190: Reactive Attachment Disorder of Infancy or Early Childhood,,2,0,of,infancy
C3168: Childhood Acute Lymphoblastic Leukemia,,1,0,acute,lymphoblast,leukemia
C123847: Childhood Embryonal Carcinoma	C6539: Childhood Testicular Mixed Embryonal Carcinoma and Teratoma,,2,0,embryonal,carcinoma
C9160: Childhood Acute Myeloid Leukemia,,1,0,acute,myeloid,leukemia
C114773: Childhood Brain Oligodendroglioma	C7703: Childhood Brain Neoplasm,,2,0,pediatric,brain
C7715: Childhood Soft Tissue Sarcoma	C123394: Childhood Extranodal Marginal Zone Lymphoma of Mucosa-Associated Lymphoid Tissue,,2,0,tissue
C27364: Childhood Yolk Sac Tumor,,1,0,yolk,sac,neoplasm
C123396: Childhood Langerhans Cell Histiocytosis without Risk Organ Involvement	C122621: Infant Acute Lymphoblastic Leukemia without KMT2A Gene Rearrangement	C9158: Childhood Acute Myeloid Leukemia without Maturation,,3,0,without
C8056: Ann Arbor Stage I Childhood Hodgkin Lymphoma	C94791: Ann Arbor Stage I Childhood Non-Hodgkin Lymphoma,,2,0,ann,arbor,faze,i,pediatric
C162702: Recurrent Childhood Malignant Neoplasm,,1,0,recurrent,pediatric,malignant
C98900: Sacral Myelocele	C101212: Sacral Meningocele,,2,0,sacrum
C7940: Childhood Acute Monoblastic and Monocytic Leukemia,,1,0,pediatric,acute,monoblastic
C35095: Perinatal Disorder,,1,0,perinatal
C116800: Congenital Varicella Syndrome	C116799: Congenital Varicella Zoster Infection,,2,0,congenital,varicella
C5708: Stage III Childhood Hepatocellular Carcinoma AJCC v7	C7838: Stage IV Childhood Hepatocellular Carcinoma AJCC v7,C7955: Childhood Hepatocellular Carcinoma,2,1,pediatric,hepatocellular,carcinoma,ajcc,v7
C141202: Childhood Lymphoma by AJCC v8 Stage	C141227: Childhood Hodgkin Lymphoma by Ann Arbor Stage	C141236: Childhood Non-Hodgkin Lymphoma by Ann Arbor Stage,,3,0,lymphoma,belarus
C69142: Childhood Classic Hodgkin Lymphoma,,1,0,convention,hodgkin,lymphoma
C7531: Recurrent Childhood Optic Nerve Glioma,,1,0,recurrent,pediatric,eye,nerve
C7143: Postsurgical Stage IV Hepatoblastoma	C7144: Postsurgical Stage III Hepatoblastoma	C7145: Postsurgical Stage II Hepatoblastoma	C7146: Postsurgical Stage I Hepatoblastoma,,4,0,postsurgical,faze
C115195: Childhood Mixed Glioma	C123848: Childhood Mixed Germ Cell Tumor	C8063: Childhood Mixed Cellularity Classic Hodgkin Lymphoma,,3,0,pediatric,mix
C3168: Childhood Acute Lymphoblastic Leukemia	C9160: Childhood Acute Myeloid Leukemia	C126110: Infant Acute Undifferentiated Leukemia	C126111: Infant Acute Biphenotypic Leukemia,,4,0,acute
C9234: Childhood Spinal Cord Neoplasm	C101209: Spinal Meningocele,,2,0,spinal
C8056: Ann Arbor Stage I Childhood Hodgkin Lymphoma	C94791: Ann Arbor Stage I Childhood Non-Hodgkin Lymphoma,,2,0,ann,arbor,faze,i
C122621: Infant Acute Lymphoblastic Leukemia without KMT2A Gene Rearrangement	C9158: Childhood Acute Myeloid Leukemia without Maturation,,2,0,leukemia,without
C114749: Childhood Undifferentiated Pleomorphic Sarcoma	C126110: Infant Acute Undifferentiated Leukemia	C7096: Small Cell Undifferentiated Hepatoblastoma,,3,0,undifferentiated
C7957: Childhood Embryonal Rhabdomyosarcoma,,1,0,embryonal,rhabdomyosarcoma
C6542: Childhood Testicular Mixed Germ Cell Tumor,,1,0,pediatric,testicular,mix
C122691: Childhood Acute Myeloid Leukemia with NUP98 Rearrangement	C122617: Infant Acute Lymphoblastic Leukemia with MLL Rearrangement	C122621: Infant Acute Lymphoblastic Leukemia without KMT2A Gene Rearrangement,,3,0,rearrangement
C141202: Childhood Lymphoma by AJCC v8 Stage,,1,0,ajcc,v8
C5709: Stage II Childhood Hepatocellular Carcinoma AJCC v6 and v7	C8055: Ann Arbor Stage II Childhood Hodgkin Lymphoma	C141219: St. Jude Stage II Childhood Non-Hodgkin Lymphoma AJCC v8	C94792: Ann Arbor Stage II Childhood Non-Hodgkin Lymphoma	C141182: Lugano Classification Stage II Childhood Hodgkin Lymphoma AJCC v8,,5,0,faze,second,pediatric
C4264: Clear Cell Sarcoma of the Kidney	C8715: Rhabdoid Tumor of the Kidney,,2,0,of,the,kidney
C124275: Childhood Astrocytoma,,1,0,astrocytoma
C116806: Neonatal Listeriosis	C116807: Congenital Listeriosis,,2,0,listeriosis
C71303: Childhood Grade III Meningioma	C115204: Childhood Grade III Lymphomatoid Granulomatosis,,2,0,pediatric,grade,third
C162703: Refractory Childhood Malignant Neoplasm	C71714: Refractory Childhood Spinal Cord Neoplasm,,2,0,refractary,pediatric
C111908: Angiotensin Converting Enzyme Inhibitor Fetopathy	C111909: Diabetic Fetopathy,,2,0,fetopathy
C124057: Pontocerebellar Hypoplasia Type 2	C7140: PRETEXT Stage 2 Hepatoblastoma,,2,0,two
C80373: EBV-Positive T-Cell Lymphoproliferative Disorder of Childhood,,1,0,lymphoproliferative,disorder
C43223: Myeloid Leukemia Associated with Down Syndrome	C9160: Childhood Acute Myeloid Leukemia,,2,0,myeloid,leukemia
C98996: Neonatal Disorder,,1,0,newborn
C101304: Hemolytic Disease of the Newborn	C111857: Hemorrhagic Disease of Newborn,,2,0,disease,of
C84713: Fetal Alcohol Syndrome	C92780: Fetal Alcohol Spectrum Disorder,,2,0,fetus,alcohol
C8055: Ann Arbor Stage II Childhood Hodgkin Lymphoma	C141182: Lugano Classification Stage II Childhood Hodgkin Lymphoma AJCC v8,C7714: Childhood Hodgkin Lymphoma,2,1,faze,second,pediatric,hodgkin,lymphoma
C27368: Childhood Liver and Intrahepatic Bile Duct Neoplasm,,1,0,liver
C68626: Childhood Teratoma	C6539: Childhood Testicular Mixed Embryonal Carcinoma and Teratoma,,2,0,teratoma
C114967: Childhood Diffuse Astrocytoma,,1,0,diffuse,astrocytoma
C7146: Postsurgical Stage I Hepatoblastoma	C5710: Stage I Childhood Hepatocellular Carcinoma AJCC v6 and v7	C8056: Ann Arbor Stage I Childhood Hodgkin Lymphoma	C141218: St. Jude Stage I Childhood Non-Hodgkin Lymphoma AJCC v8	C94791: Ann Arbor Stage I Childhood Non-Hodgkin Lymphoma	C141180: Lugano Classification Stage I Childhood Hodgkin Lymphoma AJCC v8,,6,0,faze,i
C122617: Infant Acute Lymphoblastic Leukemia with MLL Rearrangement	C68659: Childhood B Acute Lymphoblastic Leukemia with t(9;22)(q34.1;q11.2); BCR-ABL1,,2,0,acute,lymphoblast,leukemia,with
C123836: Childhood Mature Teratoma	C5637: Childhood Mature T-Cell and NK-Cell Non-Hodgkin Lymphoma,,2,0,pediatric,mature
C131506: Childhood Melanoma	C5318: Childhood Meningeal Melanoma,,2,0,melanoma
C123836: Childhood Mature Teratoma,,1,0,mature,teratoma
C84713: Fetal Alcohol Syndrome	C92780: Fetal Alcohol Spectrum Disorder	C92727: Alcohol Related Birth Defect	C92728: Alcohol Related Neurodevelopmental Disorder,,4,0,alcohol
C118814: Childhood Lung Non-Small Cell Carcinoma	C118815: Childhood Lung Small Cell Carcinoma	C6568: Childhood Renal Cell Carcinoma,,3,0,cell,carcinoma
C8058: Ann Arbor Stage IV Childhood Hodgkin Lymphoma	C94794: Ann Arbor Stage IV Childhood Non-Hodgkin Lymphoma,,2,0,ann,arbor,faze,iv
C7953: Childhood T Acute Lymphoblastic Leukemia,,1,0,t,acute,lymphoblast,leukemia
C117984: Pediatric Infectious Disorder,,1,0,infectious,disorder
C80374: Systemic EBV-Positive T-Cell Lymphoma of Childhood	C9471: Childhood Systemic Anaplastic Large Cell Lymphoma,,2,0,systemic
C118826: Childhood Malignant Small Intestinal Neoplasm,,1,0,small,intestinal
C113485: Diabetic Embryopathy	C99082: Thalidomide Embryopathy Syndrome,,2,0,embryopathy
"C114774: Childhood Supratentorial Embryonal Tumor, Not Otherwise Specified	C6772: Childhood Supratentorial Embryonal Tumor with Multilayered Rosettes, C19MC-Altered",,2,0,pediatric,supratentorial,embryonal,neoplasm
C9107: Childhood Solid Neoplasm,,1,0,solid,neoplasm
C5640: Childhood T Lymphoblastic Leukemia/Lymphoma,,1,0,pediatric,t
C7705: Childhood Rhabdomyosarcoma,,1,0,rhabdomyosarcoma
C114833: Childhood Central Nervous System Embryonal Neoplasm,,1,0,embryonal,neoplasm
C5969: Childhood Brain Stem Neoplasm,,1,0,pediatric,brain,stem
C161608: Extrarenal Rhabdoid Tumor of the Prostate	C96847: Extrarenal Rhabdoid Tumor of the Liver,C6586: Extrarenal Rhabdoid Tumor,2,1,extrarenal,rhabdoid,neoplasm,of,the
C5800: Childhood Choroid Plexus Papilloma	C124291: Childhood Atypical Choroid Plexus Papilloma,,2,0,choroid,plexus,papilloma
C8094: Childhood Malignant Peripheral Nerve Sheath Tumor	C7531: Recurrent Childhood Optic Nerve Glioma,,2,0,nerve
C7784: Recurrent Childhood Acute Lymphoblastic Leukemia	C9068: Recurrent Childhood Acute Myeloid Leukemia,,2,0,recurrent,pediatric,acute
C141179: Lugano Classification Limited Stage Childhood Hodgkin Lymphoma AJCC v8	C141185: Lugano Classification Advanced Stage Childhood Hodgkin Lymphoma AJCC v8	C141218: St. Jude Stage I Childhood Non-Hodgkin Lymphoma AJCC v8	C141219: St. Jude Stage II Childhood Non-Hodgkin Lymphoma AJCC v8	C141220: St. Jude Stage III Childhood Non-Hodgkin Lymphoma AJCC v8	C141221: St. Jude Stage IV Childhood Non-Hodgkin Lymphoma AJCC v8,,6,0,lymphoma,ajcc,v8
C89330: Developmental Disorder	C9158: Childhood Acute Myeloid Leukemia without Maturation	C9381: Childhood Acute Myeloid Leukemia with Maturation,,3,0,maturation
C114876: Fetus Small for Gestational Age with Oligohydraminos	C114877: Fetus Small for Gestational Age with Abnormal Doppler	C114878: Fetus Small for Gestational Age with Abdominal Circumference Less than Tenth Percentile,C114875: Fetus Small for Gestational Age,3,1,fetus,small,for,gestational,age,with
C115356: Recurrent Childhood Anaplastic Astrocytoma	C115358: Recurrent Childhood Anaplastic Oligoastrocytoma	C115359: Recurrent Childhood Anaplastic Oligodendroglioma	C115357: Recurrent Childhood Anaplastic Large Cell Lymphoma,,4,0,recurrent,pediatric,anaplastic
C84593: Benign Neonatal Epilepsy	C5591: Benign Childhood Central Nervous System Neoplasm	C6553: Benign Childhood Germ Cell Tumor,,3,0,benign
C123848: Childhood Mixed Germ Cell Tumor,,1,0,mix,germ,cell,neoplasm
C114749: Childhood Undifferentiated Pleomorphic Sarcoma	C7959: Childhood Pleomorphic Rhabdomyosarcoma	C114971: Childhood Pleomorphic Xanthoastrocytoma,,3,0,pleomorphic
"C161838: Hepatocellular Malignant Neoplasm, Not Otherwise Specified	C5961: Childhood Central Nervous System Embryonal Tumor, Not Otherwise Specified",,2,0,neoplasm,negation,otherwise,specify
C43223: Myeloid Leukemia Associated with Down Syndrome	C82339: Transient Abnormal Myelopoiesis Associated with Down Syndrome,,2,0,associate,with,down,syndrome
C8588: Childhood Ovarian Germ Cell Tumor,,1,0,ovarian,germ,cell,neoplasm
C5960: Childhood Supratentorial Neoplasm,,1,0,pediatric,supratentorial
C27406: Childhood Central Nervous System Germinoma,,1,0,germinoma
C141202: Childhood Lymphoma by AJCC v8 Stage	C141227: Childhood Hodgkin Lymphoma by Ann Arbor Stage	C141236: Childhood Non-Hodgkin Lymphoma by Ann Arbor Stage	C7139: PRETEXT Stage 1 Hepatoblastoma	C7140: PRETEXT Stage 2 Hepatoblastoma	C7141: PRETEXT Stage 3 Hepatoblastoma	C7142: PRETEXT Stage 4 Hepatoblastoma	C7143: Postsurgical Stage IV Hepatoblastoma	C7144: Postsurgical Stage III Hepatoblastoma	C7145: Postsurgical Stage II Hepatoblastoma	C7146: Postsurgical Stage I Hepatoblastoma	C5708: Stage III Childhood Hepatocellular Carcinoma AJCC v7	C5709: Stage II Childhood Hepatocellular Carcinoma AJCC v6 and v7	C5710: Stage I Childhood Hepatocellular Carcinoma AJCC v6 and v7	C7838: Stage IV Childhood Hepatocellular Carcinoma AJCC v7,,15,0,faze
C7714: Childhood Hodgkin Lymphoma,,1,0,hodgkin,lymphoma
C7616: Childhood Diffuse Large B-Cell Lymphoma	C114967: Childhood Diffuse Astrocytoma,,2,0,pediatric,diffuse
C132109: Acute Megakaryoblastic Leukemia with CBFA2T3-GLIS2	C132111: Acute Megakaryoblastic Leukemia with NUP98-KDM5A,,2,0,acute,megakaryoblastic,leukemia,with
C6563: Childhood Kidney Neoplasm,,1,0,kidney,neoplasm
C6566: Childhood Multilocular Cystic Renal Neoplasm	C6568: Childhood Renal Cell Carcinoma,,2,0,renal
C92727: Alcohol Related Birth Defect	C92728: Alcohol Related Neurodevelopmental Disorder,,2,0,alcohol,relationship
C123834: Childhood Immature Teratoma,,1,0,immature,teratoma
C7928: Childhood Germ Cell Tumor	C114483: Childhood Langerhans Cell Histiocytosis	C118814: Childhood Lung Non-Small Cell Carcinoma	C118815: Childhood Lung Small Cell Carcinoma	C4264: Clear Cell Sarcoma of the Kidney	C27371: Childhood Clear Cell Sarcoma of Soft Parts	C27372: Childhood Desmoplastic Small Round Cell Tumor	C6568: Childhood Renal Cell Carcinoma	C123397: Childhood Spindle Cell Rhabdomyosarcoma	C114966: Childhood Giant Cell Glioblastoma	C39815: Cellular Congenital Mesoblastic Nephroma	C7096: Small Cell Undifferentiated Hepatoblastoma	C114785: Childhood Subependymal Giant Cell Astrocytoma	C5636: Childhood Anaplastic Large Cell Lymphoma	C115196: Childhood Pineal Parenchymal Cell Neoplasm,,15,0,cell
C9047: Childhood Intraocular Retinoblastoma	C9048: Childhood Extraocular Retinoblastoma,,2,0,retinoblastoma
C8588: Childhood Ovarian Germ Cell Tumor,,1,0,pediatric,ovarian
C96847: Extrarenal Rhabdoid Tumor of the Liver	C96830: Calcifying Nested Epithelial Stromal Tumor of the Liver,,2,0,neoplasm,of,the,liver
C96412: Brain Development Abnormality	C114773: Childhood Brain Oligodendroglioma	C7703: Childhood Brain Neoplasm,,3,0,brain
C9140: Childhood B Acute Lymphoblastic Leukemia	C7209: Childhood B Lymphoblastic Lymphoma,,2,0,pediatric,b
C4005: Childhood Malignant Neoplasm,,1,0,malignant
C122725: Childhood Acute Myeloid Leukemia with Abnormalities of Chromosome 5q	C122726: Childhood Acute Myeloid Leukemia with Abnormalities of Chromosome 7,C9160: Childhood Acute Myeloid Leukemia,2,1,pediatric,acute,myeloid,leukemia,with,abnormality,of,chromosome
C118817: Childhood Nasal Cavity Carcinoma	C68692: Childhood Nasal Type Extranodal NK/T-Cell Lymphoma,,2,0,pediatric,nasal
C4045: Childhood Oligodendroglioma	C5447: Childhood Anaplastic Oligodendroglioma,,2,0,oligodendroglioma
C9221: Recurrent Childhood Malignant Germ Cell Tumor	C123737: Refractory Childhood Malignant Germ Cell Tumor	C68632: Childhood Extragonadal Malignant Germ Cell Tumor,,3,0,malignant,germ,cell,neoplasm
C7093: Hepatoblastoma with Pure Fetal Epithelial Differentiation	C7094: Hepatoblastoma with Combined Fetal and Embryonal Epithelial Differentiation,,2,0,epithelial,differentiation
C7834: Recurrent Childhood Brain Neoplasm,,1,0,recurrent,pediatric,brain
C141202: Childhood Lymphoma by AJCC v8 Stage	C5708: Stage III Childhood Hepatocellular Carcinoma AJCC v7	C5709: Stage II Childhood Hepatocellular Carcinoma AJCC v6 and v7	C5710: Stage I Childhood Hepatocellular Carcinoma AJCC v6 and v7	C7838: Stage IV Childhood Hepatocellular Carcinoma AJCC v7,,5,0,ajcc
C141217: St. Jude Childhood Non-Hodgkin Lymphoma by AJCC v8 Stage	C141236: Childhood Non-Hodgkin Lymphoma by Ann Arbor Stage,C7706: Childhood Non-Hodgkin Lymphoma,2,1,pediatric,hodgkin non,lymphoma,belarus
C4048: Childhood Pilocytic Astrocytoma,,1,0,pilocytic,astrocytoma
C5165: Childhood Lymphoma,,1,0,lymphoma
C80373: EBV-Positive T-Cell Lymphoproliferative Disorder of Childhood,,1,0,ebv positive,lymphocyte t
C98976: Lumbar Myelocele	C101211: Lumbar Meningocele,,2,0,lumbar
C141227: Childhood Hodgkin Lymphoma by Ann Arbor Stage	C141236: Childhood Non-Hodgkin Lymphoma by Ann Arbor Stage,,2,0,lymphoma,belarus,ann,arbor,faze
C8092: Childhood Alveolar Soft Part Sarcoma	C7958: Childhood Alveolar Rhabdomyosarcoma,,2,0,pediatric,alveolar
C71301: Childhood Grade II Meningioma	C7145: Postsurgical Stage II Hepatoblastoma	C5709: Stage II Childhood Hepatocellular Carcinoma AJCC v6 and v7	C8055: Ann Arbor Stage II Childhood Hodgkin Lymphoma	C141219: St. Jude Stage II Childhood Non-Hodgkin Lymphoma AJCC v8	C94792: Ann Arbor Stage II Childhood Non-Hodgkin Lymphoma	C141182: Lugano Classification Stage II Childhood Hodgkin Lymphoma AJCC v8,,7,0,second
C141218: St. Jude Stage I Childhood Non-Hodgkin Lymphoma AJCC v8	C94791: Ann Arbor Stage I Childhood Non-Hodgkin Lymphoma,C7706: Childhood Non-Hodgkin Lymphoma,2,1,faze,i,pediatric,hodgkin non,lymphoma
C8093: Childhood Leiomyosarcoma,,1,0,leiomyosarcoma
C7139: PRETEXT Stage 1 Hepatoblastoma	C7140: PRETEXT Stage 2 Hepatoblastoma	C7141: PRETEXT Stage 3 Hepatoblastoma	C7142: PRETEXT Stage 4 Hepatoblastoma,,4,0,pretext,faze
C5448: Malignant Childhood Central Nervous System Neoplasm	C6541: Malignant Childhood Germ Cell Tumor,,2,0,malignant,pediatric
C7093: Hepatoblastoma with Pure Fetal Epithelial Differentiation	C7094: Hepatoblastoma with Combined Fetal and Embryonal Epithelial Differentiation	C7098: Mixed Hepatoblastoma with Teratoid Features,C3728: Hepatoblastoma,3,1,hepatoblastoma,with
C112865: Transient Myocardial Ischemia of Newborn	C113156: Transient Myocardial Dysfunction of Newborn	C114907: Transient Neonatal Hypoparathyroidism	C116771: Transient Neonatal Pustular Melanosis	C101037: Transient Tachypnea of the Newborn	C114899: Transient Neonatal Diabetes Mellitus	C82339: Transient Abnormal Myelopoiesis Associated with Down Syndrome,,7,0,temporary
C4005: Childhood Malignant Neoplasm,,1,0,pediatric,malignant
