Potential Subtype(s),Potential Supertype(s),# of Potential Subtype(s),# of Potential Supertype(s),Supporting Path,Semantic Type(s) of Potential Subtype(s),Semantic Type(s) of Mapped CUI,Mapped Atoms,Newly Formalized Concepts
C6569: Congenital Mesoblastic Nephroma	C157745: Childhood Cystic Nephroma,,2,0,,Neoplastic Process,Neoplastic Process* Fungus,"['(A0752120, RCD)--C0027708: Nephroma', '(A3048749, SNOMEDCT_US)--C0027708: Nephroma', '(A3048748, SNOMEDCT_US)--C0027708: Nephroma', '(A18648725, CHV)--C0027708: nephroma', '(A4438008, ICPC2ICD10ENG)--C0027708: nephroma', '(A18648726, CHV)--C0027708: nephromas', '(A0752119, NCBI)--C1014240: Nephroma', '(A18644207, CHV)--C1014240: nephroma', '(A18662814, CHV)--C1014240: nephromas']",nephroma
C162702: Recurrent Childhood Malignant Neoplasm	C9045: Recurrent Childhood Central Nervous System Neoplasm	C115445: Recurrent Childhood Kidney Neoplasm,,3,0,,Neoplastic Process,Neoplastic Process,"['(A18599440, CHV)--C0278519: recurrent pediatric', '(A18673724, CHV)--C0278519: recurrent childhood']",recurrent,pediatric
C101028: Neonatal Aspiration of Amniotic Fluid	C118312: Neonatal Aspiration Syndrome,,2,0,,Disease or Syndrome,Disease or Syndrome,"['(A17866885, ICD10CM)--C1142168: Neonatal aspiration', '(A25722662, MDR)--C1142168: Neonatal aspiration', '(A30942226, ICD10CM)--C1142168: Neonatal aspiration', '(A2397828, MDR)--C1142168: Neonatal aspiration']",newborn,aspiration
C116601: Gross Motor Delay	C116602: Fine Motor Delay,,2,0,,Finding* Disease or Syndrome,Finding* Disease or Syndrome,"['(A21109899, SNOMEDCT_US)--C0520947: Motor delay', '(A11969012, OMIM)--C1854301: Motor delay', '(A24666099, HPO)--C1854301: Motor delay', '(A21158040, MTH)--C1854301: Motor delay']",motor,delay
C6566: Childhood Multilocular Cystic Renal Neoplasm,,1,0,,Neoplastic Process,Qualitative Concept,"['(A0358412, RCD)--C0205207: Cystic', '(A0358413, SNMI)--C0205207: Cystic', '(A2921074, SNOMEDCT_US)--C0205207: Cystic', '(A29392331, LNC)--C0205207: Cystic', '(A12926285, MTH)--C0205207: Cystic', '(A18560070, CHV)--C0205207: cystic']",cystic
"C124274: Childhood Ganglioneuroblastoma, Nodular	C8060: Childhood Nodular Lymphocyte Predominant Hodgkin Lymphoma	C8062: Childhood Nodular Sclerosis Classic Hodgkin Lymphoma",,3,0,,Neoplastic Process,Qualitative Concept,"['(A0358562, RCD)--C0205297: Nodular', '(A0358563, SNMI)--C0205297: Nodular', '(A27127393, LNC)--C0205297: Nodular', '(A2921180, SNOMEDCT_US)--C0205297: Nodular', '(A18689918, CHV)--C0205297: nodular']",nodular
C50667: Neonatal Hearing Impairment,,1,0,,Disease or Syndrome,Clinical Attribute,"['(A21135729, LNC)--C3534379: Newborn hearing']",newborn,hear
C101320: Perinatal Blood Aspiration Syndrome	C87093: Meconium Aspiration Syndrome	C118312: Neonatal Aspiration Syndrome,,3,0,,Disease or Syndrome,Disease or Syndrome,"['(A4388682, ICPC2ICD10ENG)--C0264390: aspiration; syndrome']",aspiration,syndrome
C5053: Childhood Testicular Neoplasm,,1,0,,Neoplastic Process,Spatial Concept* Disease or Syndrome,"['(A18671394, CHV)--C0205070: testicular', '(A0358110, SNMI)--C0205070: Testicular', '(A1207573, CST)--C0405581: TESTICULAR']",testicular
C113485: Diabetic Embryopathy	C111909: Diabetic Fetopathy,,2,0,,Disease or Syndrome,Finding,"['(A27143356, LNC)--C0241863: Diabetic', '(A25726231, MDR)--C0241863: Diabetic', '(A0404593, DXP)--C0241863: DIABETIC', '(A18654336, CHV)--C0241863: diabetic', '(A18579921, CHV)--C0241863: diabetics']",diabetic
C35095: Perinatal Disorder,,1,0,,Disease or Syndrome,Temporal Concept,"['(A1045730, SNMI)--C0178795: Perinatal', '(A24101714, LNC)--C0178795: Perinatal', '(A0319692, AOD)--C0178795: perinatal', '(A18670701, CHV)--C0178795: perinatal', '(A0319693, CSP)--C0178795: perinatal']",perinatal
C116800: Congenital Varicella Syndrome	C116799: Congenital Varicella Zoster Infection,,2,0,,Disease or Syndrome,Disease or Syndrome,"['(A4399591, ICPC2ICD10ENG)--C1393720: congenital; varicella']",congenital,varicella
C118826: Childhood Malignant Small Intestinal Neoplasm,,1,0,,Neoplastic Process,"Body Part, Organ, or Organ Component","['(A1087399, RCD)--C0021852: Small intestinal', '(A1087400, SNMI)--C0021852: Small intestinal', '(A3202028, SNOMEDCT_US)--C0021852: Small intestinal']",small,intestinal
C113485: Diabetic Embryopathy	C99082: Thalidomide Embryopathy Syndrome,,2,0,,Congenital Abnormality* Disease or Syndrome,Disease or Syndrome,"['(A7758374, MSH)--C0013949: Embryopathies', '(A18646941, CHV)--C0013949: embryopathies', '(A0053674, MSH)--C0013949: Embryopathy', '(A18628297, CHV)--C0013949: embryopathy']",embryopathy
C96847: Extrarenal Rhabdoid Tumor of the Liver	C96830: Calcifying Nested Epithelial Stromal Tumor of the Liver,,2,0,,Neoplastic Process,Neoplastic Process,"['(A24680085, HPO)--C0023903: Neoplasm of the liver']",neoplasm,of,the,liver
C98976: Lumbar Myelocele	C101211: Lumbar Meningocele,,2,0,,Congenital Abnormality* Disease or Syndrome,Body Location or Region,"['(A0990171, RCD)--C0024090: Lumbar', '(A8312401, HL7V2.5)--C0024090: Lumbar', '(A3154634, SNOMEDCT_US)--C0024090: Lumbar']",lumbar
