Potential Subtype(s),Potential Supertype(s),# of Potential Subtype(s),# of Potential Supertype(s),If Inside the Given Hierarchy,Mapped Existing Concept,Newly Formalized Concepts
C35516: Gastrointestinal Polyp,,1,0,outside hierarchy,"['C13359: Gastrointestinal', 'C53802: Adverse Event Associated with the Gastrointestinal System']",gastrointestinal
C5680: Colorectal Inflammatory Polyp	C96693: Anal Inflammatory Cloacogenic Polyp,,2,0,outside hierarchy,['C25535: Inflammatory'],inflammatory
C5674: Colorectal Traditional Serrated Adenoma,,1,0,outside hierarchy,['C38458: Traditional Serrated Adenoma'],traditional,serrate,adenoma
C2939: Cervical Polyp,,1,0,outside hierarchy,"['C13063: Neck', 'C12844: Cervical', 'C12336: Bladder Neck', 'C158551: Neck of the Pancreas']",neck
C3954: Gastric Polyp,,1,0,outside hierarchy,"['C12391: Stomach', 'C13307: Gastric']",stomach
C3948: Gingival Polyp,,1,0,outside hierarchy,['C32677: Gingiva'],gingiva
C83176: Colorectal Sessile Serrated Adenoma/Polyp,,1,0,outside hierarchy,['C96414: Sessile Serrated Adenoma/Polyp'],sessile,serrate,adenoma polyp
C3351: Rectal Polyp,,1,0,outside hierarchy,"['C25224: Rectal', 'C69046: Rectal Dosage Form', 'C38295: Rectal Route of Administration']",rectal
C8961: Fundic Gland Polyp	C43526: Pyloric Gland Adenoma,,2,0,outside hierarchy,['C13319: Gland'],gland
C96469: Colorectal Sporadic Serrated Polyp	C96470: Colon Serrated Polyposis,,2,0,outside hierarchy,['C157671: Serrated Nodule'],serrate
C3909: Gallbladder Polyp,,1,0,outside hierarchy,"['C12377: Gallbladder', 'C22520: Mouse Gallbladder']",gallbladder
C36206: Small Intestinal Hamartoma,,1,0,outside hierarchy,"['C25376: Small', 'C75908: Smallest']",small
C96475: Gastrointestinal Hamartoma,,1,0,outside hierarchy,['C3075: Hamartoma'],hamartoma
C3664: Vaginal Polyp,,1,0,outside hierarchy,"['C13309: Vaginal', 'C69048: Vaginal Dosage Form', 'C38313: Vaginal Route of Administration']",vaginal
C3957: Anal Polyp,,1,0,outside hierarchy,['C43362: Anus'],ani
C96554: Anal Canal Squamous Cell Papilloma	C5344: Esophageal Squamous Cell Papilloma	C96471: Colorectal Goblet Cell Rich Hyperplastic Polyp,,3,0,outside hierarchy,"['C12508: Cell', 'C48694: Cell', 'C48938: Cell Count', 'C111153: Cellularity Measurement', 'C49867: Cell Device', 'C60787: Cellular Telephone']",cell
C43601: Gallbladder Tubular Adenoma	C7036: Gastric Tubular Adenoma,,2,0,outside hierarchy,['C4133: Tubular Adenoma'],tubular,adenoma
C5971: Ear Polyp	C98919: Ear Tag,,2,0,outside hierarchy,['C12394: Ear'],ear
C7755: Peutz-Jeghers Polyp of the Small Intestine	C96052: Juvenile Polyp of the Small Intestine,C3340: Polyp,2,1,inside sysnonym,['C36206: Small Intestinal Hamartoma'],polyp,of,the,small,intestine
C3374: Skin Tag,,1,0,outside hierarchy,"['C45561: Label', 'C2480: Tracer', 'C43386: Labeled', 'C82486: Tag Dosing Unit', 'C87539: Tag Dosage Form']",tag
C5674: Colorectal Traditional Serrated Adenoma,,1,0,outside hierarchy,['C38458: Traditional Serrated Adenoma'],serrate,adenoma
C2954: Colon Polyp,,1,0,outside hierarchy,"['C12382: Colon', 'C73381: Cola Flavor']",cola
C96554: Anal Canal Squamous Cell Papilloma	C5344: Esophageal Squamous Cell Papilloma,,2,0,outside hierarchy,['C3712: Squamous Cell Papilloma'],squamous,cell,papilloma
C7720: Gallbladder Adenoma	C7699: Gastric Adenoma	C5674: Colorectal Traditional Serrated Adenoma,,3,0,outside hierarchy,['C2855: Adenoma'],adenoma
C4057: Esophageal Polyp,,1,0,outside hierarchy,['C37950: Esophageal'],esophageal
C5679: Colorectal Polyp,,1,0,outside hierarchy,['C13363: Colorectal'],colorectal
