Potential Subtype(s),Potential Supertype(s),# of Potential Subtype(s),# of Potential Supertype(s),Newly Formalized Concepts
C35516: Gastrointestinal Polyp,,1,0,gastrointestinal
C5680: Colorectal Inflammatory Polyp	C96693: Anal Inflammatory Cloacogenic Polyp,,2,0,inflammatory
C5674: Colorectal Traditional Serrated Adenoma,,1,0,traditional,serrate,adenoma
C36205: Peutz-Jeghers Polyp of the Stomach	C7755: Peutz-Jeghers Polyp of the Small Intestine	C96052: Juvenile Polyp of the Small Intestine,C3340: Polyp,3,1,polyp,of,the
C2939: Cervical Polyp,,1,0,neck
C3954: Gastric Polyp,,1,0,stomach
C3948: Gingival Polyp,,1,0,gingiva
C83176: Colorectal Sessile Serrated Adenoma/Polyp,,1,0,sessile,serrate,adenoma polyp
C7486: Paranasal Sinus Polyp,C3340: Polyp,1,1,sinus,polyp
C3351: Rectal Polyp,,1,0,rectal
C8961: Fundic Gland Polyp	C43526: Pyloric Gland Adenoma,,2,0,gland
C96469: Colorectal Sporadic Serrated Polyp	C96470: Colon Serrated Polyposis,,2,0,serrate
C3337: Fibroepithelial Polyp,,1,0,fibroepithelial
C3909: Gallbladder Polyp,,1,0,gallbladder
C36205: Peutz-Jeghers Polyp of the Stomach	C7755: Peutz-Jeghers Polyp of the Small Intestine,C4733: Peutz-Jeghers Polyp,2,1,jeghers peutz,polyp,of,the
C36206: Small Intestinal Hamartoma,,1,0,small
C96475: Gastrointestinal Hamartoma,,1,0,hamartoma
C3664: Vaginal Polyp,,1,0,vaginal
C3957: Anal Polyp,,1,0,ani
C96554: Anal Canal Squamous Cell Papilloma	C5344: Esophageal Squamous Cell Papilloma	C96471: Colorectal Goblet Cell Rich Hyperplastic Polyp,,3,0,cell
C43601: Gallbladder Tubular Adenoma	C7036: Gastric Tubular Adenoma,,2,0,tubular,adenoma
C5971: Ear Polyp	C98919: Ear Tag,,2,0,ear
C3978: Vulvar Polyp,,1,0,vulvar
C5680: Colorectal Inflammatory Polyp,C3340: Polyp,1,1,inflammatory,polyp
C7755: Peutz-Jeghers Polyp of the Small Intestine	C96052: Juvenile Polyp of the Small Intestine,C3340: Polyp,2,1,polyp,of,the,small,intestine
C3374: Skin Tag,,1,0,tag
C5674: Colorectal Traditional Serrated Adenoma,,1,0,serrate,adenoma
C2954: Colon Polyp,,1,0,cola
C96554: Anal Canal Squamous Cell Papilloma	C5344: Esophageal Squamous Cell Papilloma,,2,0,squamous,cell,papilloma
C7720: Gallbladder Adenoma	C7699: Gastric Adenoma	C5674: Colorectal Traditional Serrated Adenoma,,3,0,adenoma
C4057: Esophageal Polyp,,1,0,esophageal
C5679: Colorectal Polyp,,1,0,colorectal
C3764: Adenomatous Polyp,,1,0,adenomatous
