Potential Subtype(s),Potential Supertype(s),# of Potential Subtype(s),# of Potential Supertype(s),Newly Formalized Concepts
C34423: Bipolar Disorder,,1,0,bipolar
C84800: Kleine-Levin Syndrome	C27743: Somnolence Syndrome	C97159: Asperger Syndrome,,3,0,syndrome
C116361: Behavioral Insomnia of Childhood	C34363: Agoraphobia without a History of Panic Disorder	C35670: Phobia of Driving,,3,0,of
C34358: Adjustment Reaction with Brief Depressive Reaction	C35191: Adjustment Reaction with Prolonged Depressive Reaction,,2,0,adjustment,reaction,with
C92202: Sexual and Gender Identity Disorders,,1,0,sexual
C92199: Mental Disorder Due to a General Medical Condition	C35604: Sleep Disorder due to General Medical Condition	C34867: Anxiety Disorder Due to a General Medical Condition	C92642: Amnestic Disorder Due to a General Medical Condition	C94392: Psychotic Disorder Due to a General Medical Condition	C35647: Insomnia due to Organic Factor	C92639: Delirium Due to a General Medical Condition,,7,0,due,tonga
C35007: Residual Type Schizophrenia,,1,0,residual
C46084: Memory Dysfunction,,1,0,memory
C94382: Erotomanic Type Delusional Disorder	C94383: Grandiose Type Delusional Disorder	C94385: Jealous Type Delusional Disorder	C94386: Persecutory Type Delusional Disorder	C94387: Somatic Type Delusional Disorder	C94388: Mixed Type Delusional Disorder	C94389: Unspecified Type Delusional Disorder,C94379: Delusional Disorder,7,1,type,delusional,disorder
C94390: Brief Psychotic Disorder	C34358: Adjustment Reaction with Brief Depressive Reaction,,2,0,brief
C92199: Mental Disorder Due to a General Medical Condition	C35604: Sleep Disorder due to General Medical Condition	C34867: Anxiety Disorder Due to a General Medical Condition	C92642: Amnestic Disorder Due to a General Medical Condition	C94392: Psychotic Disorder Due to a General Medical Condition	C35804: Conditioned Insomnia	C92639: Delirium Due to a General Medical Condition,,7,0,condition
C46083: Cognitive Dysfunction	C92196: Cognitive Disorder,,2,0,cognitive
C92200: Mood Disorder,,1,0,mood
C35421: Nonorganic Insomnia	C34628: Nonorganic Enuresis,,2,0,nonorganic
C92197: Dissociative Disorder,,1,0,dissociative
C35092: Attention Deficit Disorder	C97160: Attention Deficit Hyperactivity Disorder,,2,0,attention,deficit
C3376: Sleep Disorder	C118188: Sleep Related Eating Disorder,,2,0,sleep
C95073: Delayed Sleep Phase Type Circadian Rhythm Sleep Disorder	C95074: Jet Lag Type Circadian Rhythm Sleep Disorder	C95075: Shift Work Type Circadian Rhythm Sleep Disorder,C95071: Circadian Rhythm Sleep Disorder,3,1,type,circadian,rhythm,sleep,disorder
C118188: Sleep Related Eating Disorder	C92937: Pregnancy Related Mood Swing,,2,0,relationship
C92642: Amnestic Disorder Due to a General Medical Condition	C92643: Substance-Induced Persisting Amnestic Disorder,,2,0,amnestic,disorder
C35029: Socialized Conduct Disorder	C89329: Conduct Disorder	C116361: Behavioral Insomnia of Childhood,,3,0,behavior
C92199: Mental Disorder Due to a General Medical Condition	C35604: Sleep Disorder due to General Medical Condition	C34867: Anxiety Disorder Due to a General Medical Condition	C92642: Amnestic Disorder Due to a General Medical Condition	C94392: Psychotic Disorder Due to a General Medical Condition,,5,0,disorder,due,tonga
C34633: Gastrointestinal Malfunction Arising from Mental Factor	C35186: Physiological Malfunction Arising from Mental Factor	C35188: Skin Disorder Arising from Mental Factor	C35189: Genitourinary Malfunction Arising from Mental Factor	C35190: Endocrine Disorder Arising from Mental Factor	C35390: Respiratory Malfunction Arising from Mental Factor,,6,0,arise,from,mental,factor
C35003: Catatonic Type Schizophrenia	C35005: Disorganized Type Schizophrenia	C35006: Paranoid Type Schizophrenia	C35007: Residual Type Schizophrenia	C35269: Simple Type Schizophrenia	C94370: Undifferentiated Type Schizophrenia,C3362: Schizophrenia,6,1,type,schizophrenia
C92199: Mental Disorder Due to a General Medical Condition	C34867: Anxiety Disorder Due to a General Medical Condition	C92642: Amnestic Disorder Due to a General Medical Condition	C94392: Psychotic Disorder Due to a General Medical Condition	C92639: Delirium Due to a General Medical Condition,,5,0,due,tonga,a,generalise,medical,condition
"C35091: Undersocialized Conduct Disorder, Aggressive Type	C95073: Delayed Sleep Phase Type Circadian Rhythm Sleep Disorder	C95074: Jet Lag Type Circadian Rhythm Sleep Disorder	C95075: Shift Work Type Circadian Rhythm Sleep Disorder	C35003: Catatonic Type Schizophrenia	C35005: Disorganized Type Schizophrenia	C35006: Paranoid Type Schizophrenia	C35007: Residual Type Schizophrenia	C35269: Simple Type Schizophrenia	C94370: Undifferentiated Type Schizophrenia	C94382: Erotomanic Type Delusional Disorder	C94383: Grandiose Type Delusional Disorder	C94385: Jealous Type Delusional Disorder	C94386: Persecutory Type Delusional Disorder	C94387: Somatic Type Delusional Disorder	C94388: Mixed Type Delusional Disorder	C94389: Unspecified Type Delusional Disorder	C123412: Familial Alzheimer's Disease, Type 3	C123413: Familial Alzheimer's Disease, Type 4	C146894: Familial Alzheimer's Disease, Type 1",,20,0,type
C2893: Psychiatric Disorder,,1,0,disorder
C92202: Sexual and Gender Identity Disorders	C92201: Schizophrenia and Other Psychotic Disorders,,2,0,andorra
C89332: Eating Disorder	C92566: Pica Eating Disorder,,2,0,ate
C34759: Latent Schizophrenia,,1,0,latent
C34633: Gastrointestinal Malfunction Arising from Mental Factor	C35186: Physiological Malfunction Arising from Mental Factor	C35189: Genitourinary Malfunction Arising from Mental Factor	C35390: Respiratory Malfunction Arising from Mental Factor,,4,0,failure,arise,from,mental,factor
C92201: Schizophrenia and Other Psychotic Disorders,,1,0,psychotic,disorder
C92640: Substance Intoxication Delirium	C92641: Substance Withdrawal Delirium,,2,0,substance
C34387: Anorexia Nervosa	C34440: Bulimia Nervosa,,2,0,nervosa
C92199: Mental Disorder Due to a General Medical Condition	C35604: Sleep Disorder due to General Medical Condition	C34867: Anxiety Disorder Due to a General Medical Condition	C92642: Amnestic Disorder Due to a General Medical Condition	C94392: Psychotic Disorder Due to a General Medical Condition	C92639: Delirium Due to a General Medical Condition,,6,0,generalise,medical,condition
C35791: Passive-Aggressive Behavior	C34904: Passive-Aggressive Personality Disorder,,2,0,aggressive passive
C35188: Skin Disorder Arising from Mental Factor	C35190: Endocrine Disorder Arising from Mental Factor,,2,0,disorder,arise,from,mental,factor
C92190: Pediatric Psychiatric Disorder	C116361: Behavioral Insomnia of Childhood	C35004: Childhood Schizophrenia,,3,0,pediatric
C35274: Perception Disturbance	C27101: Cognitive Disturbance,,2,0,disturbance
C34890: Panic Disorder	C92620: Panic Attack	C97193: Panic Disorder without Agoraphobia	C97194: Panic Disorder with Agoraphobia	C34363: Agoraphobia without a History of Panic Disorder,,5,0,panic
C92191: Adjustment Disorder	C34358: Adjustment Reaction with Brief Depressive Reaction	C35191: Adjustment Reaction with Prolonged Depressive Reaction,,3,0,adjustment
C95079: Substance-Induced Sleep Disorder	C94350: Substance-Induced Sexual Dysfunction	C92623: Substance-Induced Anxiety Disorder	C92643: Substance-Induced Persisting Amnestic Disorder	C34957: Substance-Induced Psychotic Disorder,,5,0,induce substance
C92199: Mental Disorder Due to a General Medical Condition	C34867: Anxiety Disorder Due to a General Medical Condition	C92642: Amnestic Disorder Due to a General Medical Condition	C94392: Psychotic Disorder Due to a General Medical Condition	C34363: Agoraphobia without a History of Panic Disorder	C92639: Delirium Due to a General Medical Condition,,6,0,a
C46083: Cognitive Dysfunction	C46084: Memory Dysfunction	C94350: Substance-Induced Sexual Dysfunction,,3,0,pathophysiology
C92202: Sexual and Gender Identity Disorders	C94330: Dissociative Identity Disorder,,2,0,identity,disorder
C92630: Paranoid Personality Disorder	C35006: Paranoid Type Schizophrenia,,2,0,paranoid
C92563: Mixed Receptive-Expressive Language Disorder	C94388: Mixed Type Delusional Disorder,,2,0,mix
C34870: Organic Mental Disorder	C35647: Insomnia due to Organic Factor,,2,0,organic
C84781: Idiopathic Hypersomnolence	C116343: Idiopathic Hypersomnia,,2,0,idiopathic
C92621: Acute Stress Disorder	C3389: Post-Traumatic Stress Disorder,,2,0,stress,disorder
"C123412: Familial Alzheimer's Disease, Type 3	C123413: Familial Alzheimer's Disease, Type 4	C146894: Familial Alzheimer's Disease, Type 1",C2866: Alzheimer's Disease,3,1,family,alzheimer,disease,type
C35526: Chronic Insomnia	C35270: Chronic Schizophrenia,,2,0,chronic
C92199: Mental Disorder Due to a General Medical Condition	C34867: Anxiety Disorder Due to a General Medical Condition	C92642: Amnestic Disorder Due to a General Medical Condition	C94392: Psychotic Disorder Due to a General Medical Condition,,4,0,disorder,due,tonga,a,generalise,medical,condition
C92199: Mental Disorder Due to a General Medical Condition	C35604: Sleep Disorder due to General Medical Condition	C34867: Anxiety Disorder Due to a General Medical Condition	C92622: Generalized Anxiety Disorder	C92642: Amnestic Disorder Due to a General Medical Condition	C94392: Psychotic Disorder Due to a General Medical Condition	C92639: Delirium Due to a General Medical Condition,,7,0,generalise
C34633: Gastrointestinal Malfunction Arising from Mental Factor	C35186: Physiological Malfunction Arising from Mental Factor	C35188: Skin Disorder Arising from Mental Factor	C35189: Genitourinary Malfunction Arising from Mental Factor	C35190: Endocrine Disorder Arising from Mental Factor	C35390: Respiratory Malfunction Arising from Mental Factor	C35647: Insomnia due to Organic Factor,,7,0,factor
"C84711: Fatal Familial Insomnia	C123412: Familial Alzheimer's Disease, Type 3	C123413: Familial Alzheimer's Disease, Type 4	C146894: Familial Alzheimer's Disease, Type 1",,4,0,family
C92199: Mental Disorder Due to a General Medical Condition	C34633: Gastrointestinal Malfunction Arising from Mental Factor	C35186: Physiological Malfunction Arising from Mental Factor	C35188: Skin Disorder Arising from Mental Factor	C35189: Genitourinary Malfunction Arising from Mental Factor	C35190: Endocrine Disorder Arising from Mental Factor	C35390: Respiratory Malfunction Arising from Mental Factor,,7,0,mental
C92199: Mental Disorder Due to a General Medical Condition,,1,0,mental,disorder
C34805: Manic Bipolar Affective Disorder	C34361: Affective Psychosis,,2,0,affective
C97194: Panic Disorder with Agoraphobia	C34358: Adjustment Reaction with Brief Depressive Reaction	C35191: Adjustment Reaction with Prolonged Depressive Reaction,,3,0,with
C117287: Night Terrors	C95077: Sleep Terror Disorder,,2,0,terror
