Potential Subtype(s),Potential Supertype(s),# of Potential Subtype(s),# of Potential Supertype(s),Newly Formalized Concepts
C26684: Radiation-Induced Disorder,,1,0,disorder
C27920: Solar Radiation-Related Cutaneous Melanoma	C27719: Cutaneous Radiation-Related Angiosarcoma,,2,0,cutaneous
C26684: Radiation-Induced Disorder,,1,0,induce radiation
C27776: Solar Radiation-Related Malignant Neoplasm,,1,0,solar,radiation relate
C3265: Radiation-Related Neoplasm,,1,0,neoplasm
C53539: Radiation-Related Non-Neoplastic Disorder	C3265: Radiation-Related Neoplasm,,2,0,radiation relate
C27947: Radiation Anemia	C3905: Radiation Enteritis	C50723: Radiation Sickness Syndrome,,3,0,radiation
