Potential Subtype(s),Potential Supertype(s),# of Potential Subtype(s),# of Potential Supertype(s),If Inside the Given Hierarchy,Mapped Existing Concept,Newly Formalized Concepts
C26684: Radiation-Induced Disorder,,1,0,outside hierarchy,['C2991: Disease or Disorder'],disorder
C27920: Solar Radiation-Related Cutaneous Melanoma	C27719: Cutaneous Radiation-Related Angiosarcoma,,2,0,outside hierarchy,"['C13316: Cutaneous', 'C38675: Cutaneous Route of Administration']",cutaneous
C3265: Radiation-Related Neoplasm,,1,0,outside hierarchy,"['C3262: Neoplasm', 'C88025: CDISC SEND Tumor Findings Results Terminology', 'C6283: Childhood Neoplasm', 'C98275: Tumor Mass']",neoplasm
C27947: Radiation Anemia	C3905: Radiation Enteritis	C50723: Radiation Sickness Syndrome,,3,0,outside hierarchy,"['C15313: Radiation Therapy', 'C18068: Radiation Dose Unit', 'C15846: Radiation Ionizing Radiotherapy', 'C16049: Radiotherapy Research', 'C160612: Radiation Therapy was Curative Therapy', 'C17050: Electromagnetic Radiation', 'C58009: Rash and Dermatitis Associated with Radiation Excluding Chemoradiation, CTCAE']",radiation
