Potential Subtype(s),Potential Supertype(s),# of Potential Subtype(s),# of Potential Supertype(s),Supporting Path,Semantic Type(s) of Potential Subtype(s),Semantic Type(s) of Mapped CUI,Mapped Atoms,Newly Formalized Concepts
"C125390: Episodic Pain Syndrome, Familial, 3	C122792: Severe Neonatal Episodic Laryngospasm",,2,0,,Disease or Syndrome,Temporal Concept,"['(A0695559, RCD)--C1455761: Episodic', '(A0695560, SNMI)--C1455761: Episodic', '(A24622859, OMIM)--C1455761: Episodic', '(A28255520, HPO)--C1455761: Episodic', '(A3019119, SNOMEDCT_US)--C1455761: Episodic', '(A7163466, MTH)--C1455761: Episodic']",episodic
"C103968: Pyruvate Dehydrogenase Deficiency	C129929: Long-Chain 3-Hydroxyacyl-CoA Dehydrogenase Deficiency	C129975: Isobutyryl-CoA Dehydrogenase Deficiency	C84537: Long-Chain Acyl-CoA Dehydrogenase Deficiency	C84538: Medium-Chain Acyl-CoA Dehydrogenase Deficiency	C84539: Acyl-CoA Dehydrogenase, Short-Chain Deficiency	C84672: Dihydropyrimidine Dehydrogenase Deficiency	C84907: Multiple Acyl-CoA Dehydrogenase Deficiency	C98647: Very Long-Chain Acyl-CoA Dehydrogenase Deficiency	C98933: Glucose-6-Phosphate Dehydrogenase Deficiency	C98994: NADH Dehydrogenase Deficiency",,11,0,,Disease or Syndrome,"Enzyme* Qualitative Concept* Amino Acid, Peptide, or Protein","['(A23864938, LCH_NW)--C0030016: Dehydrogenases', '(A7559830, PSY)--C0030016: Dehydrogenases', '(A26655428, MSH)--C0030016: Dehydrogenases', '(A0046034, RCD)--C0030016: Dehydrogenase', '(A18246344, LNC)--C0030016: Dehydrogenase', '(A2880482, SNOMEDCT_US)--C0030016: Dehydrogenase', '(A26623009, MSH)--C0030016: Dehydrogenase', '(A18685948, CHV)--C0030016: dehydrogenase', '(A1186807, CSP)--C0030016: dehydrogenase', '(A28912276, SNOMEDCT_US)--C4521774: Dehydrogenase']",dehydrogenase
C84737: Glycogen Storage Disease Type IV	C157148: Congenital Dyserythropoietic Anemia Type IV	C84896: Mucolipidosis Type IV,,3,0,,Disease or Syndrome,Classification,"['(A1109164, RCD)--C0441732: Type IV', '(A27117690, LNC)--C0441732: Type IV', '(A3214115, SNOMEDCT_US)--C0441732: Type IV', '(A18601827, CHV)--C0441732: type iv', '(A18564733, CHV)--C0441732: types iv']",type,iv
C84679: Dystrophia Myotonica 1	C84680: Dystrophia Myotonica 2,,2,0,,Disease or Syndrome,Disease or Syndrome,"['(A26668635, MSH)--C0027126: Dystrophia Myotonica', '(A0549897, RCD)--C0027126: Dystrophia myotonica', '(A0549898, SNMI)--C0027126: Dystrophia myotonica', '(A12973097, MTHICD9)--C0027126: Dystrophia myotonica', '(A25701525, MDR)--C0027126: Dystrophia myotonica', '(A2963025, SNOMEDCT_US)--C0027126: Dystrophia myotonica', '(A18685682, CHV)--C0027126: dystrophia myotonica', '(A24121541, MSH)--C0027126: Dystrophia Myotonicas', '(A24599099, OMIM)--C3250443: DYSTROPHIA MYOTONICA']",dystrophia,myotonica
"C121572: Complex Regional Pain Syndrome II	C125390: Episodic Pain Syndrome, Familial, 3	C85042: Complex Regional Pain Syndrome I",,3,0,,Disease or Syndrome,Mental or Behavioral Dysfunction,"['(A18638111, CHV)--C0391976: pain syndromes', '(A13776813, MEDCIN)--C0391976: pain syndromes', '(A18656627, CHV)--C0391976: pain syndrome', '(A1622225, CCPSS)--C0391976: PAIN SYNDROME']",pain,syndrome
C84910: Muscular Dystrophy	C118788: Vitelliform Macular Dystrophy	C84721: Fuchs Endothelial Dystrophy	C84795: Meesmann Corneal Dystrophy	C84927: Infantile Neuroaxonal Dystrophy,,5,0,,Congenital Abnormality* Disease or Syndrome,Pathologic Function,"['(A0691342, SNM)--C0333606: Dystrophy', '(A0691343, SNM)--C0333606: Dystrophy', '(A3017060, SNOMEDCT_US)--C0333606: Dystrophy', '(A18600160, CHV)--C0333606: dystrophy', '(A0684187, SNMI)--C0333606: DYSTROPHIES', '(A0691339, SNM)--C0333606: Dystrophies', '(A18600159, CHV)--C0333606: dystrophies']",dystrophy
"C126739: Muscular Dystrophy-Dystroglycanopathy (Limb-Girdle) Type C, 5	C133730: Muscular Dystrophy-Dystroglycanopathy (Limb-Girdle) Type C, 1	C85214: Niemann-Pick Disease, Type C",,3,0,,Disease or Syndrome,Classification,"['(A27114593, LNC)--C4264484: Type C']",type,c
"C84537: Long-Chain Acyl-CoA Dehydrogenase Deficiency	C84538: Medium-Chain Acyl-CoA Dehydrogenase Deficiency	C84539: Acyl-CoA Dehydrogenase, Short-Chain Deficiency	C84907: Multiple Acyl-CoA Dehydrogenase Deficiency	C98647: Very Long-Chain Acyl-CoA Dehydrogenase Deficiency",,5,0,,Disease or Syndrome,"Enzyme* Amino Acid, Peptide, or Protein","['(A0157956, MTH)--C0050688: acyl-CoA dehydrogenase', '(A18650693, CHV)--C0050688: acyl-coa dehydrogenase', '(A2785896, MSH)--C0050688: Acyl-CoA Dehydrogenase', '(A0640248, SNMI)--C0085744: Acyl-CoA dehydrogenase', '(A2989191, SNOMEDCT_US)--C0085744: Acyl-CoA dehydrogenase', '(A18651304, CHV)--C0085744: acyl-coa dehydrogenase', '(A2785895, MSH)--C0085744: Acyl-CoA Dehydrogenases']",acyl coa,dehydrogenase
C146639: Zellweger Spectrum Disorder,,1,0,,Disease or Syndrome,Disease or Syndrome,"['(A4411626, ICPC2ICD10ENG)--C0043459: Zellweger']",zellweger
"C129022: Deafness, Autosomal Recessive 1A	C129023: Deafness, Autosomal Recessive 28	C129024: Deafness, Autosomal Recessive 49	C129874: Deafness, Autosomal Recessive 39	C158787: Deafness, Autosomal Recessive 4, with Enlarged Vestibular Aqueduct",,5,0,,Disease or Syndrome,Disease or Syndrome,"['(A20981266, MSH)--C1846647: Deafness, Autosomal Recessive', '(A16607679, OMIM)--C1846647: DEAFNESS, AUTOSOMAL RECESSIVE', '(A24614987, OMIM)--C1846647: DEAFNESS, AUTOSOMAL RECESSIVE', '(A11939149, OMIM)--C1846647: DEAFNESS, AUTOSOMAL RECESSIVE']",deafness,autosome,recessive
C123434: Immunoglobulin A Deficiency 1	C99072: Surfactant Protein A Deficiency,,2,0,,Disease or Syndrome,Disease or Syndrome,"['(A26666860, MSH)--C0175683: ASS Deficiency', '(A0530684, CSP)--C0175683: ASS deficiency', '(A0530685, SNMI)--C0175683: ASS deficiency', '(A2951864, SNOMEDCT_US)--C0175683: ASS deficiency', '(A18559325, CHV)--C0175683: ass deficiency', '(A24599441, OMIM)--C0175683: ASS DEFICIENCY', '(A16992101, MSH)--C0175683: ASS Deficiencies']",a,deficiency
C129075: Leber Congenital Amaurosis	C84550: Amaurosis Fugax,,2,0,,Sign or Symptom* Disease or Syndrome,Disease or Syndrome,"['(A0022381, MDR)--C0376288: Amaurosis', '(A0022383, SNM)--C0376288: Amaurosis', '(A16613809, OMIM)--C0376288: Amaurosis', '(A25700287, MDR)--C0376288: Amaurosis', '(A2878330, SNOMEDCT_US)--C0376288: Amaurosis', '(A7755990, MSH)--C0376288: Amaurosis', '(A0386009, CST)--C0376288: AMAUROSIS', '(A0386008, COSTAR)--C0376288: AMAUROSIS', '(A0592558, AOD)--C0376288: amaurosis', '(A0592559, CSP)--C0376288: amaurosis', '(A4387155, ICPC2ICD10ENG)--C0376288: amaurosis', '(A18582139, CHV)--C0376288: amaurosis', '(A0022379, MSH)--C0376288: Amauroses']",amaurosis
C99067: Surfactant Protein Deficiency,,1,0,,Disease or Syndrome,Laboratory Procedure,"['(A25749301, MDR)--C3544277: Surfactant protein', '(A21209233, MDR)--C3544277: Surfactant protein']",surfactant,protein
C121572: Complex Regional Pain Syndrome II	C85042: Complex Regional Pain Syndrome I,,2,0,,Disease or Syndrome,Disease or Syndrome,"['(A1641184, MSH)--C0458219: Complex Regional Pain Syndromes', '(A28941865, MTH)--C0458219: Complex Regional Pain Syndromes', '(A0902228, RCD)--C0458219: Complex regional pain syndromes', '(A18639566, CHV)--C0458219: complex regional pain syndromes', '(A0902227, RCD)--C0458219: Complex regional pain syndrome', '(A24194303, MEDCIN)--C0458219: Complex regional pain syndrome', '(A25731634, MDR)--C0458219: Complex regional pain syndrome', '(A8254229, MDR)--C0458219: Complex regional pain syndrome', '(A7874024, SNOMEDCT_US)--C0458219: Complex regional pain syndrome', '(A18620884, CHV)--C0458219: complex regional pain syndrome', '(A21145355, MEDLINEPLUS)--C0458219: Complex Regional Pain Syndrome', '(A31093260, MSH)--C0458219: Complex Regional Pain Syndrome']",complex,regional,pain,syndrome
C84697: Erythropoietic Porphyria	C84698: Erythropoietic Protoporphyria,,2,0,,Disease or Syndrome,Functional Concept,"['(A18599801, CHV)--C0312829: erythropoietic', '(A0696288, SNMI)--C0312829: Erythropoietic']",erythropoetic
C122787: Non-Dystrophic Myotonia,,1,0,,Disease or Syndrome,Finding,"['(A0089636, COSTAR)--C0027125: Myotonia', '(A0089638, LCH)--C0027125: Myotonia', '(A0089641, SNMI)--C0027125: Myotonia', '(A11938346, OMIM)--C0027125: Myotonia', '(A23863721, LCH_NW)--C0027125: Myotonia', '(A24670937, HPO)--C0027125: Myotonia', '(A25706414, MDR)--C0027125: Myotonia', '(A2849444, MDR)--C0027125: Myotonia', '(A2884389, SNOMEDCT_US)--C0027125: Myotonia', '(A7560673, PSY)--C0027125: Myotonia', '(A0089639, MSH)--C0027125: Myotonia', '(A13977704, MEDCIN)--C0027125: myotonia', '(A18685681, CHV)--C0027125: myotonia', '(A4437130, ICPC2ICD10ENG)--C0027125: myotonia', '(A13942844, MEDCIN)--C0027125: myotonia', '(A0089645, MSH)--C0027125: Myotonias', '(A18667249, CHV)--C0027125: myotonias']",myotonia
C84773: Familial Hypertrophic Cardiomyopathy	C85023: Primary Hypertrophic Osteoarthropathy,,2,0,,Disease or Syndrome,Functional Concept* Disease or Syndrome* Pathologic Function,"['(A0719549, RCD)--C0020564: Hypertrophic', '(A3032282, SNOMEDCT_US)--C0020564: Hypertrophic', '(A18592035, CHV)--C0020564: hypertrophic', '(A0719547, CST)--C0263630: Hypertrophic', '(A0719550, SNMI)--C0333959: Hypertrophic', '(A0719548, MTH)--C0333959: Hypertrophic', '(A18581569, CHV)--C0333959: hypertrophic']",hypertrophic
"C129022: Deafness, Autosomal Recessive 1A	C118783: Merosin-Deficient Congenital Muscular Dystrophy Type 1A	C155748: Peroxisome Biogenesis Disorder 1A",,3,0,,Disease or Syndrome,Medical Device* Intellectual Product,"['(A0843849, RCD)--C0450344: 1A', '(A27454647, LNC)--C0450344: 1A', '(A3088172, SNOMEDCT_US)--C0450344: 1A', '(A8317775, HL7V3.0)--C1553633: 1a']",1a
C84524: 5' 10' Methylenetetrahydrofolate Reductase Deficiency	C98699: 5 Alpha Steroid Reductase 2 Deficiency,,2,0,,Disease or Syndrome,"Enzyme* Amino Acid, Peptide, or Protein","['(A26660714, MSH)--C0030016: Reductases', '(A0110294, RCD)--C0030016: Reductase', '(A0110295, SNM)--C0030016: Reductase', '(A2886175, SNOMEDCT_US)--C0030016: Reductase', '(A26663398, MSH)--C0030016: Reductase', '(A18574490, CHV)--C0030016: reductase']",reductase
C118783: Merosin-Deficient Congenital Muscular Dystrophy Type 1A	C123438: Ullrich Congenital Muscular Dystrophy,C84910: Muscular Dystrophy,2,1,,Disease or Syndrome,Gene or Genome* Disease or Syndrome,"['(A0903957, RCD)--C0699743: Congenital muscular dystrophy', '(A12031618, OMIM)--C0699743: Congenital muscular dystrophy', '(A24680243, HPO)--C0699743: Congenital muscular dystrophy', '(A18660332, CHV)--C0699743: congenital muscular dystrophy', '(A20721249, HGNC)--C1416776: congenital muscular dystrophy']",congenital,muscle,dystrophy
"C126561: Niemann-Pick Disease, Type A	C85214: Niemann-Pick Disease, Type C	C126866: Niemann-Pick Disease, Type B",C61269: Niemann-Pick Disease,3,1,['C0268242'],Disease or Syndrome,Disease or Syndrome,"['(A18636326, CHV)--C0268242: niemann-pick disease type']",niemann pick,disease,type
C61272: Glycogen Storage Disease	C61250: Lysosomal Storage Disease,,2,0,,Disease or Syndrome,Disease or Syndrome,"['(A0585010, SNM)--C0267971: Storage disease', '(A2981957, SNOMEDCT_US)--C0267971: Storage disease', '(A18562068, CHV)--C0267971: storage disease']",storage,disease
C98827: Large Intestine Atresia	C98828: Small Intestine Atresia,,2,0,,Congenital Abnormality,Disease or Syndrome,"['(A18555098, CHV)--C0021828: intestine atresia', '(A4391206, ICPC2ICD10ENG)--C0021828: bowel; atresia']",intestine,atresia
C119676: D-Bifunctional Protein Deficiency	C98991: Mitochondrial Trifunctional Protein Deficiency	C99067: Surfactant Protein Deficiency,,3,0,,Disease or Syndrome* Pathologic Function,Disease or Syndrome,"['(A0106379, MSH)--C0033626: Protein Deficiency', '(A0449429, LCH)--C0033626: Protein deficiency', '(A23867207, LCH_NW)--C0033626: Protein deficiency', '(A25732712, MDR)--C0033626: Protein deficiency', '(A21210018, MDR)--C0033626: Protein deficiency', '(A0487500, AOD)--C0033626: protein deficiency', '(A0487501, CSP)--C0033626: protein deficiency', '(A18574904, CHV)--C0033626: protein deficiency', '(A4448709, ICPC2ICD10ENG)--C0033626: protein; deficiency', '(A0106378, MSH)--C0033626: Protein Deficiencies', '(A18593549, CHV)--C0033626: protein deficiencies']",protein,deficiency
C84742: Transposition of Great Vessels,,1,0,,Congenital Abnormality,"Body Part, Organ, or Organ Component","['(A18290644, LNC)--C0225991: Great vessel', '(A23516656, LNC)--C0225991: Great vessel', '(A3480882, SNOMEDCT_US)--C0225991: Great vessel', '(A0417470, SNM)--C0225991: Great vessels', '(A18616172, CHV)--C0225991: great vessels']",more,vessel
C118636: Stiff Skin Syndrome	C85170: Stiff Person Syndrome,,2,0,,Disease or Syndrome,Sign or Symptom,"['(A0460861, SNMI)--C0221170: Stiff']",stiff
C84986: Pachyonychia Congenita	C111802: Dyskeratosis Congenita	C122790: Paramyotonia Congenita	C84912: Myotonia Congenita,,4,0,,Disease or Syndrome,Qualitative Concept,"['(A0677912, RCD)--C1744681: Congenita', '(A3009591, SNOMEDCT_US)--C1744681: Congenita']",congenita
C129721: Albright Hereditary Osteodystrophy with Multiple Hormone Resistance	C129722: Albright Hereditary Osteodystrophy without Multiple Hormone Resistance,,2,0,,Disease or Syndrome,Finding,"['(A20267315, OMIM)--C3276229: Multiple hormone resistance']",many,hormone,resistance
C84736: Glycogen Storage Disease Type III	C75034: Type III Acrocephalosyndactyly	C129978: Mucolipidosis Type III Gamma,,3,0,,Disease or Syndrome,Classification,"['(A1109156, RCD)--C0441731: Type III', '(A27109868, LNC)--C0441731: Type III', '(A3214110, SNOMEDCT_US)--C0441731: Type III', '(A18583152, CHV)--C0441731: type iii']",type,third
"C129931: Mental Retardation, X-linked 102	C133729: Mental Retardation, X-linked 1",,2,0,,Disease or Syndrome,Disease or Syndrome,"['(A2368002, MSH)--C1136249: Mental Retardation, X-Linked', '(A12058220, MTH)--C1136249: Mental Retardation, X-Linked', '(A11930275, OMIM)--C1136249: MENTAL RETARDATION, X-LINKED', '(A24581792, OMIM)--C1136249: MENTAL RETARDATION, X-LINKED', '(A24581476, OMIM)--C1136249: MENTAL RETARDATION, X-LINKED']",mental,retardation,link x
C75109: Trichorhinophalangeal Syndrome Type I	C8967: Brain Iron Accumulation Type I Syndrome	C84733: Glycogen Storage Disease Type I	C99099: Type I Acrocephalosyndactyly	C84757: Hereditary Angioedema Types I and II	C85053: Mucopolysaccharidosis Type I	C150601: Citrullinemia Type I,,7,0,,Congenital Abnormality* Disease or Syndrome,Classification,"['(A1109141, RCD)--C0441729: Type I', '(A27144937, LNC)--C0441729: Type I', '(A3214100, SNOMEDCT_US)--C0441729: Type I', '(A18657590, CHV)--C0441729: type i']",type,i
C84829: Lipoid Proteinosis of Urbach and Wiethe	C85037: Pulmonary Alveolar Proteinosis,,2,0,,Disease or Syndrome,Disease or Syndrome,"['(A0578651, SNM)--C0268422: Proteinosis', '(A2978713, SNOMEDCT_US)--C0268422: Proteinosis', '(A18580503, CHV)--C0268422: proteinosis']",proteinosis
C84908: Multiple Sulfatase Deficiency Disease	C84957: Ornithine Carbamoyltransferase Deficiency Disease,,2,0,,Disease or Syndrome,Disease or Syndrome,"['(A0045860, MSH)--C0011156: Deficiency Diseases', '(A17773172, MTH)--C0011156: Deficiency Diseases', '(A0405859, LCH)--C0011156: Deficiency diseases', '(A23864936, LCH_NW)--C0011156: Deficiency diseases', '(A18553727, CHV)--C0011156: deficiency diseases', '(A0045859, MSH)--C0011156: Deficiency Disease', '(A18665192, CHV)--C0011156: deficiencies disease', '(A18646657, CHV)--C0011156: deficiency disease', '(A17697851, NCI)--C0751753: Deficiency Disease']",deficiency,disease
"C131811: Eiken Type Chondrodysplasia	C131868: Metaphyseal Chondrodysplasia, Jansen Type	C84632: Chondrodysplasia Punctata	C118696: FGFR3 Chondrodysplasia	C131420: Blomstrand Type Chondrodysplasia",,5,0,,Congenital Abnormality* Disease or Syndrome,Congenital Abnormality,"['(A27815464, OMIM)--C0343284: Chondrodysplasia', '(A3006723, SNOMEDCT_US)--C0343284: Chondrodysplasia', '(A4396588, ICPC2ICD10ENG)--C0343284: chondrodysplasia', '(A18600495, CHV)--C0343284: chondrodysplasia', '(A18693225, CHV)--C0343284: chondrodysplasias']",chondrodysplasia
"C128804: D-Glyceric Aciduria	C84569: Argininosuccinic Aciduria	C98944: Hereditary Orotic Aciduria	C142171: Methylmalonic Aciduria, cblA Type	C142172: Methylmalonic Aciduria, cblB Type	C142174: Methylmalonic Aciduria and Homocystinuria, cblC Type	C148366: Methylmalonic Aciduria Due to Methylmalonyl-CoA Mutase Deficiency",,7,0,,Disease or Syndrome,Finding,"['(A0531982, SNMI)--C0278026: Aciduria', '(A24674529, HPO)--C0278026: Aciduria', '(A2952562, SNOMEDCT_US)--C0278026: Aciduria', '(A18580807, CHV)--C0278026: aciduria', '(A18636648, CHV)--C0278026: acidurias']",aciduria
C74998: Familial Juvenile Nephronophthisis	C75483: Juvenile X-Linked Retinoschisis	C114358: Juvenile Polymyositis,,3,0,,Disease or Syndrome,Age Group,"['(A0426545, RCD)--C3146221: Juvenile', '(A0426546, SNM)--C3146221: Juvenile', '(A0426547, SNMI)--C3146221: Juvenile', '(A2935282, SNOMEDCT_US)--C3146221: Juvenile', '(A1394516, AOD)--C3146221: juvenile', '(A18671486, CHV)--C3146221: juvenile', '(A18652893, CHV)--C3146221: juveniles']",juvenile
C114766: Carnitine Palmitoyltransferase II Deficiency	C98871: Carnitine Palmitoyltransferase I Deficiency,,2,0,,Disease or Syndrome,"Enzyme* Amino Acid, Peptide, or Protein","['(A26614172, MSH)--C0007262: Carnitine Palmitoyltransferase', '(A0669276, RCD)--C0007262: Carnitine palmitoyltransferase', '(A0669277, SNMI)--C0007262: Carnitine palmitoyltransferase', '(A18243972, LNC)--C0007262: Carnitine palmitoyltransferase', '(A3004793, SNOMEDCT_US)--C0007262: Carnitine palmitoyltransferase', '(A18664720, CHV)--C0007262: carnitine palmitoyltransferase']",carnitine,palmitoyltransferase
C84537: Long-Chain Acyl-CoA Dehydrogenase Deficiency	C84538: Medium-Chain Acyl-CoA Dehydrogenase Deficiency	C84907: Multiple Acyl-CoA Dehydrogenase Deficiency	C98647: Very Long-Chain Acyl-CoA Dehydrogenase Deficiency,,4,0,,Disease or Syndrome,Disease or Syndrome,"['(A3481571, SNOMEDCT_US)--C0268635: Acyl-CoA dehydrogenase deficiency', '(A14025733, MEDCIN)--C0268635: acyl-CoA dehydrogenase deficiency']",acyl coa,dehydrogenase,deficiency
"C118437: Glycogen Storage Disease Type VII	C84733: Glycogen Storage Disease Type I	C122662: Glycogen Storage Disease Type IX	C126875: Glycogen Storage Disease Type VI	C84734: Glycogen Storage Disease Type II	C84736: Glycogen Storage Disease Type III	C84737: Glycogen Storage Disease Type IV	C84738: Glycogen Storage Disease Type V	C126561: Niemann-Pick Disease, Type A	C85214: Niemann-Pick Disease, Type C	C126866: Niemann-Pick Disease, Type B",,11,0,,Disease or Syndrome,Intellectual Product,"['(A18620865, CHV)--C0457464: disease types', '(A18695027, CHV)--C0457464: disease type', '(A18676603, CHV)--C0457464: diseases types', '(A18695028, CHV)--C0457464: diseases type']",disease,type
C84574: Atrophic Muscular Disorder	C84835: Malignant Atrophic Papulosis,,2,0,,Disease or Syndrome,Disease or Syndrome* Pathologic Function,"['(A0649320, CST)--C0151514: Atrophic', '(A0649322, RCD)--C0333641: Atrophic', '(A0649323, SNMI)--C0333641: Atrophic', '(A2994126, SNOMEDCT_US)--C0333641: Atrophic', '(A0649321, MTH)--C0333641: Atrophic', '(A18608660, CHV)--C0333641: atrophic', '(A18618717, CHV)--C0333641: atrophic']",atropic
C84927: Infantile Neuroaxonal Dystrophy	C84789: Infantile Refsum Disease,,2,0,,Disease or Syndrome,Qualitative Concept* Temporal Concept,"['(A0358509, SNMI)--C0231330: Infantile', '(A26501281, LNC)--C0231330: Infantile', '(A0358508, RCD)--C2939166: Infantile', '(A2921143, SNOMEDCT_US)--C2939166: Infantile', '(A18671434, CHV)--C2939166: infantile']",infantile
C75118: Trichorhinophalangeal Syndrome Type II	C84734: Glycogen Storage Disease Type II	C98873: Type II Acrocephalopolysyndactyly	C75007: Marfan Syndrome Type II	C3816: Type II Achondrogenesis	C150603: Citrullinemia Type II,,6,0,,Congenital Abnormality* Disease or Syndrome,Classification,"['(A1109149, RCD)--C0441730: Type II', '(A27138489, LNC)--C0441730: Type II', '(A3214105, SNOMEDCT_US)--C0441730: Type II', '(A18601825, CHV)--C0441730: type ii']",type,second
"C123417: Mandibuloacral Dysplasia with Type A Lipodystrophy	C126740: Muscular Dystrophy-Dystroglycanopathy (Congenital with Brain and Eye Anomalies) Type A, 3	C126741: Muscular Dystrophy-Dystroglycanopathy (Congenital with Brain and Eye Anomalies) Type A, 4	C126742: Muscular Dystrophy-Dystroglycanopathy (Congenital with Brain and Eye Anomalies) Type A, 2	C126743: Muscular Dystrophy-Dystroglycanopathy (Congenital with Brain and Eye Anomalies) Type A, 6	C128118: Muscular Dystrophy-Dystroglycanopathy (Congenital with Brain and Eye Anomalies) Type A, 1	C126561: Niemann-Pick Disease, Type A",,7,0,,Disease or Syndrome,Classification,"['(A27116137, LNC)--C4264487: Type A']",type,a
"C118631: Alpha Thalassemia X-Linked Mental Retardation Syndrome	C125665: X-Linked Creatine Transporter Deficiency	C129931: Mental Retardation, X-linked 102	C133729: Mental Retardation, X-linked 1	C157505: X-Linked Dystonia-Parkinsonism	C75483: Juvenile X-Linked Retinoschisis	C85233: Spinal and Bulbar Muscular Atrophy, X-linked 1	C85234: X-Linked Dominant Hypophosphatemic Rickets	C118781: X-Linked Centronuclear Myopathy	C75485: X-Linked Cornelia De Lange Syndrome	C126352: X-Linked Dyskeratosis Congenita	C84779: X-Linked Ichthyosis",,12,0,,Congenital Abnormality* Disease or Syndrome,Genetic Function,"['(A1121926, RCD)--C0241764: X-linked', '(A12009615, OMIM)--C0241764: X-linked', '(A24682061, HPO)--C0241764: X-linked', '(A29387501, LNC)--C0241764: X-linked', '(A3220201, SNOMEDCT_US)--C0241764: X-linked', '(A0471981, DXP)--C0241764: X-LINKED']",link x
C118826: Childhood Malignant Small Intestinal Neoplasm,,1,0,,Neoplastic Process,"Body Part, Organ, or Organ Component","['(A1087399, RCD)--C0021852: Small intestinal', '(A1087400, SNMI)--C0021852: Small intestinal', '(A3202028, SNOMEDCT_US)--C0021852: Small intestinal']",small,intestinal
C123429: Hyperkalemic Periodic Paralysis	C84709: Familial Periodic Paralysis	C84775: Hypokalemic Periodic Paralysis	C122791: Normokalemic Periodic Paralysis,,4,0,,Disease or Syndrome,Disease or Syndrome,"['(A0573511, COSTAR)--C0030443: PERIODIC PARALYSIS', '(A0575025, SNMI)--C0030443: Periodic paralysis', '(A18593183, CHV)--C0030443: periodic paralysis', '(A4443906, ICPC2ICD10ENG)--C0030443: periodic; paralysis', '(A0575023, ICD10)--C1279412: Periodic paralysis', '(A0575024, ICD10AM)--C1279412: Periodic paralysis', '(A12979919, ICD9CM)--C1279412: Periodic paralysis', '(A16983045, ICD9CM)--C1279412: Periodic paralysis', '(A17812897, ICD10CM)--C1279412: Periodic paralysis', '(A20151882, ICD10CM)--C1279412: Periodic paralysis', '(A24666558, HPO)--C1279412: Periodic paralysis', '(A22867371, SNOMEDCT_US)--C1279412: Periodic paralysis', '(A18644977, CHV)--C1279412: periodic paralysis']",periodic,paralyse
C85013: Pityriasis Lichenoides	C85014: Pityriasis Rubra Pilaris,,2,0,,Disease or Syndrome,Disease or Syndrome* Bird,"['(A0101871, MDR)--C0032024: Pityriasis', '(A0101872, MSH)--C0032024: Pityriasis', '(A0101873, MTH)--C0032024: Pityriasis', '(A25711905, MDR)--C0032024: Pityriasis', '(A2885536, SNOMEDCT_US)--C0032024: Pityriasis', '(A9332934, ICPC2P)--C0032024: Pityriasis', '(A12926426, MTH)--C0032024: Pityriasis', '(A0443137, COSTAR)--C0032024: PITYRIASIS', '(A4445061, ICPC2ICD10ENG)--C0032024: pityriasis', '(A9336651, ICPC2P)--C0032024: pityriasis', '(A18574730, CHV)--C0032024: pityriasis', '(A0101868, MSH)--C0032024: Pityriases', '(A12910982, NCBI)--C1948007: Pityriasis', '(A18076337, SNOMEDCT_US)--C1948007: Pityriasis']",pityriasis
C118844: Hypohidrotic Ectodermal Dysplasia with Immune Deficiency	C84580: Autosomal Recessive Hypohidrotic Ectodermal Dysplasia,C84683: Ectodermal Dysplasia,2,1,"['C1846006', 'C0406701']",Congenital Abnormality* Disease or Syndrome,Congenital Abnormality* Disease or Syndrome,"['(A26618885, MSH)--C0162359: Hypohidrotic Ectodermal Dysplasia', '(A0317758, RCD)--C0162359: Hypohidrotic ectodermal dysplasia', '(A25699408, MDR)--C0162359: Hypohidrotic ectodermal dysplasia', '(A24666981, HPO)--C0162359: Hypohidrotic ectodermal dysplasia', '(A31065406, SNOMEDCT_US)--C0406701: Hypohidrotic ectodermal dysplasia']",hypohidrotic,ectoderm,dysplasia
C98986: Methylmalonic Acidemia	C99101: Glutaric Acidemia Type 1,,2,0,,Disease or Syndrome,Pathologic Function,"['(A0531971, RCDAE)--C0268030: Acidemia', '(A0531972, SNM)--C0268030: Acidemia', '(A0531973, SNMI)--C0268030: Acidemia', '(A25689345, MDR)--C0268030: Acidemia', '(A2952560, SNOMEDCT_US)--C0268030: Acidemia', '(A30926801, HPO)--C0268030: Acidemia', '(A24840521, MTH)--C0268030: Acidemia', '(A1610311, CCPSS)--C0268030: ACIDEMIA', '(A4432966, ICPC2ICD10ENG)--C0268030: acidemia', '(A18636316, CHV)--C0268030: acidemia', '(A0638388, RCD)--C0268030: Acidaemia', '(A25714698, MDR)--C0268030: Acidaemia', '(A2988003, SNOMEDCT_US)--C0268030: Acidaemia', '(A18617682, CHV)--C0268030: acidaemia', '(A18599103, CHV)--C0268030: acidemias']",acidemia
C98842: Holocarboxylase Synthetase Deficiency	C84612: Carbamoyl-Phosphate Synthetase I Deficiency,,2,0,,Disease or Syndrome,"Enzyme* Amino Acid, Peptide, or Protein","['(A26665874, MSH)--C0023689: Synthetases', '(A1397311, AOD)--C0023689: synthetases', '(A0122332, SNMI)--C0023689: Synthetase', '(A2887066, SNOMEDCT_US)--C0023689: Synthetase', '(A26660531, MSH)--C0023689: Synthetase', '(A18611046, CHV)--C0023689: synthetase']",synthetase
"C125419: Spondyloepimetaphyseal Dysplasia with Joint Laxity Type 2	C129031: Spondyloepimetaphyseal Dysplasia, Sponastrime Type",,2,0,,Disease or Syndrome,Disease or Syndrome,"['(A12027336, OMIM)--C0432211: Spondyloepimetaphyseal dysplasia', '(A24673243, HPO)--C0432211: Spondyloepimetaphyseal dysplasia', '(A30052491, MEDCIN)--C0432211: Spondyloepimetaphyseal dysplasia', '(A24818886, SNOMEDCT_US)--C0432211: Spondyloepimetaphyseal dysplasia']",spondyloepimetaphyseal,dysplasia
C103968: Pyruvate Dehydrogenase Deficiency	C129929: Long-Chain 3-Hydroxyacyl-CoA Dehydrogenase Deficiency	C129975: Isobutyryl-CoA Dehydrogenase Deficiency	C84537: Long-Chain Acyl-CoA Dehydrogenase Deficiency	C84538: Medium-Chain Acyl-CoA Dehydrogenase Deficiency	C84672: Dihydropyrimidine Dehydrogenase Deficiency	C84907: Multiple Acyl-CoA Dehydrogenase Deficiency	C98647: Very Long-Chain Acyl-CoA Dehydrogenase Deficiency	C98933: Glucose-6-Phosphate Dehydrogenase Deficiency	C98994: NADH Dehydrogenase Deficiency,,10,0,,Disease or Syndrome,Disease or Syndrome,"['(A18645087, CHV)--C1291311: dehydrogenase deficiency']",dehydrogenase,deficiency
C126558: Combined Lipase Deficiency	C129030: Pancreatic Lipase Deficiency,,2,0,,Disease or Syndrome,Disease or Syndrome,"['(A18682116, CHV)--C1291447: lipase deficiency']",lipase,deficiency
