Potential Subtype(s),Potential Supertype(s),# of Potential Subtype(s),# of Potential Supertype(s),Newly Formalized Concepts
C116362: Alice in Wonderland Syndrome	C103183: In Utero Drug Withdrawal,,2,0,in
C116955: Diencephalic Syndrome of Infancy	C123231: Syndrome of Apparent Mineralocorticoid Excess	C122797: Nephrotic Syndrome of Childhood - Steroid Sensitive	C122798: Nephrotic Syndrome of Childhood - Steroid Resistant	C3988: Syndrome of Inappropriate Antidiuretic Hormone Secretion,C28193: Syndrome,5,1,syndrome,of
C75011: Waardenburg Syndrome Type 2A	C3226: Multiple Endocrine Neoplasia Type 2A,,2,0,type,2a
C75016: Cornelia De Lange Syndrome	C84793: Jervell and Lange Nielsen Syndrome,,2,0,lange
C126566: Fragile X Tremor/Ataxia Syndrome	C84717: Fragile X Syndrome,,2,0,fragile,x
C124838: Orofacial Cleft 1	C122656: Cleft Lip/Palate-Ectodermal Dysplasia Syndrome,,2,0,split
"C116917: Periodic Fever, Aphthous Stomatitis, Pharyngitis, Adenitis Syndrome	C118240: Periodic Fever Syndrome",,2,0,periodic,fever
C135725: Cockayne Syndrome Type A	C135726: Cockayne Syndrome Type B,C9460: Cockayne Syndrome,2,1,cockayne,syndrome,type
C39855: Diffuse Leiomyomatosis Syndrome	C51302: Hereditary Leiomyomatosis and Renal Cell Cancer,,2,0,leiomyomatosis
"C75109: Trichorhinophalangeal Syndrome Type I	C125696: Ehlers-Danlos Syndrome, Type I",C28193: Syndrome,2,1,syndrome,type,i
"C121572: Complex Regional Pain Syndrome II	C125390: Episodic Pain Syndrome, Familial, 3	C85042: Complex Regional Pain Syndrome I",C28193: Syndrome,3,1,pain,syndrome
C123229: Primary Fanconi Syndrome	C3034: Fanconi Syndrome	C62505: Fanconi Anemia,,3,0,fanconi
C130986: Distal 18q Deletion Syndrome	C84522: Deletion 18q Syndrome,,2,0,18q
C121572: Complex Regional Pain Syndrome II	C99081: Arakawa Syndrome II,C28193: Syndrome,2,1,syndrome,second
C130989: Immunoglobulin Superfamily Member 1 Deficiency Syndrome	C126337: IFN-gamma Receptor 1 Deficiency,,2,0,one,deficiency
C82343: Irritable Bowel Syndrome	C99059: Short Bowel Syndrome,C28193: Syndrome,2,1,intestine,syndrome
"C116916: Progressive Hemifacial Atrophy	C84453: Progressive Familial Intrahepatic Cholestasis	C85028: Progressive Supranuclear Palsy	C143014: Neurofibromatosis Type 1 with Inoperable, Progressive, Symptomatic Plexiform Neurofibromas",,4,0,progressive
"C111814: Griscelli Syndrome Type 2	C118845: Otopalatodigital Syndrome Type 1	C124841: Orofaciodigital Syndrome Type 6	C130992: Kenny-Caffey Syndrome Type 1	C130993: Kenny-Caffey Syndrome Type 2	C75118: Trichorhinophalangeal Syndrome Type II	C75015: Rieger Syndrome Type 1	C75109: Trichorhinophalangeal Syndrome Type I	C75481: Orofaciodigital Syndrome Type 1	C114768: Loeys-Dietz Syndrome Type 2	C75119: Loeys-Dietz Syndrome Type 1	C124842: Waardenburg Syndrome Type 4	C75008: Waardenburg Syndrome Type 1	C75009: Waardenburg Syndrome Type 2	C125696: Ehlers-Danlos Syndrome, Type I	C125697: Ehlers-Danlos Syndrome, Type II	C125698: Ehlers-Danlos Syndrome, Type III	C125699: Ehlers-Danlos Syndrome, Type IV	C125700: Ehlers-Danlos Syndrome, Type VI	C125701: Ehlers-Danlos Syndrome, Type VII	C141423: Ehlers-Danlos Syndrome, Type V	C126327: Usher Syndrome Type 1	C126328: Usher Syndrome Type 2	C126329: Usher Syndrome Type 3	C129727: Autoimmune Polyglandular Syndrome Type 1	C129728: Autoimmune Polyglandular Syndrome Type 2	C135725: Cockayne Syndrome Type A	C135726: Cockayne Syndrome Type B	C148259: Joubert Syndrome Type 3	C159653: Joubert Syndrome Type 7	C74997: Joubert Syndrome Type 4	C75007: Marfan Syndrome Type II	C74985: Stickler Syndrome Type 2	C153290: Rubinstein-Taybi Syndrome Type 1	C153291: Rubinstein-Taybi Syndrome Type 2	C40464: Turcot Syndrome Type 2	C40463: Turcot Syndrome Type 1",C28193: Syndrome,37,1,syndrome,type
C40553: Tooth and Nail Syndrome	C85238: Yellow Nail Syndrome,C28193: Syndrome,2,1,nail,syndrome
C129867: Growth Hormone Insensitivity Syndrome	C27226: Androgen Insensitivity Syndrome,C28193: Syndrome,2,1,insensitivity,syndrome
C35214: Nephrotic Syndrome with Lesion of Proliferative Glomerulonephritis	C35215: Nephrotic Syndrome with Lesion of Membranous Glomerulonephritis	C35216: Nephrotic Syndrome with Lesion of Membranoproliferative Glomerulonephritis	C35533: Nephrotic Syndrome with Lesion of Focal Glomerulosclerosis	C35534: Nephrotic Syndrome with Lesion of Segmental Hyalinosis	C35535: Nephrotic Syndrome with Lesion of Endothelial Glomerulonephritis	C35536: Nephrotic Syndrome with Lesion of Hypocomplementemic Glomerulonephritis	C35537: Nephrotic Syndrome with Lesion of Persistent Glomerulonephritis	C35540: Nephrotic Syndrome with Lesion of Minimal Change Glomerulonephritis,C34845: Nephrotic Syndrome,9,1,nephrotic,syndrome,with,lesion,of
C123223: Atypical Hemolytic Uremic Syndrome	C123228: Familial Atypical Hemolytic Uremic Syndrome	C27264: Familial Atypical Mole Melanoma Syndrome,,3,0,atypia
C101223: Complete Trisomy 13 Syndrome	C125418: Pseudotrisomy 13 Syndrome,C28193: Syndrome,2,1,thirteen,syndrome
C131006: Wilms Tumor 1 Gene Syndromes	C122804: Wilms Tumor-Aniridia-Genitourinary Anomalies-Mental Retardation-Obesity Syndrome	C3718: Wilms Tumor-Aniridia-Genitourinary Anomalies-Mental Retardation Syndrome,,3,0,wilm
C111814: Griscelli Syndrome Type 2	C130993: Kenny-Caffey Syndrome Type 2	C114768: Loeys-Dietz Syndrome Type 2	C75009: Waardenburg Syndrome Type 2	C126328: Usher Syndrome Type 2	C129728: Autoimmune Polyglandular Syndrome Type 2	C74985: Stickler Syndrome Type 2	C74995: Holoprosencephaly Type 2	C123329: Multiple Endocrine Neoplasia Type 2	C39576: Type 2 Autoimmune Lymphoproliferative Syndrome	C153291: Rubinstein-Taybi Syndrome Type 2	C4690: Leukocyte Adhesion Deficiency Type 2	C40464: Turcot Syndrome Type 2	C3274: Neurofibromatosis Type 2,,14,0,type,two
C116378: Posterior Fossa Syndrome	C78598: Reversible Posterior Leukoencephalopathy Syndrome,,2,0,posterior
C2969: Cushing Syndrome,,1,0,cushing
C35439: Hemophagocytic Syndrome,,1,0,hemophagocytic
"C116380: Chronic Infantile Neurological Cutaneous and Articular Syndrome	C119049: Synovitis, Acne, Pustulosis, Hyperostosis, and Osteitis Syndrome	C121944: Rapid-Onset Obesity with Hypothalamic Dysfunction, Hypoventilation, and Autonomic Dysregulation	C123018: Renal Cysts and Diabetes Syndrome	C123021: Tubulointerstitial Nephritis and Uveitis	C123437: Multicentric Osteolysis, Nodulosis, and Arthropathy	C126650: Infantile Convulsions and Paroxysmal Choreoathetosis, Familial	C130996: Maternal Diabetes and Deafness Syndrome	C131009: Immune Dysregulation, Polyendocrinopathy, and Enteropathy X-Linked Syndrome	C40553: Tooth and Nail Syndrome	C50794: Uveitis Glaucoma And Hyphema Syndrome	C85236: XXXY and XXXXY Syndrome	C116927: Acute Motor and Sensory Axonal Neuropathy	C119055: Pyogenic Arthritis, Pyoderma Gangrenosum and Acne	C123729: Natural Killer Cell and Glucocorticoid Deficiency with DNA Repair Defect	C34731: Intestinal Disaccharidase Deficiency and Disaccharide Malabsorption	C84793: Jervell and Lange Nielsen Syndrome	C157461: Glucagon Cell Hyperplasia and Neoplasia	C8493: Hereditary Breast and Ovarian Cancer Syndrome	C51302: Hereditary Leiomyomatosis and Renal Cell Cancer	C130037: Myelodysplastic Syndrome with Ring Sideroblasts and Single Lineage Dysplasia	C27726: Myelodysplastic Syndrome with Ring Sideroblasts and Multilineage Dysplasia	C82595: Myelodysplastic Syndrome with Excess Blasts and Fibrosis	C61238: Severe Combined Immunodeficiency with Absence of T and B Cells",,24,0,andorra
C84670: Diffuse Cerebral Sclerosis of Schilder	C121198: Congenital Nephrotic Syndrome - Diffuse Mesangial Sclerosis	C3424: Tuberous Sclerosis,,3,0,sclerose
C118631: Alpha Thalassemia X-Linked Mental Retardation Syndrome	C126747: Lubs X-Linked Mental Retardation Syndrome	C3718: Wilms Tumor-Aniridia-Genitourinary Anomalies-Mental Retardation Syndrome,C28193: Syndrome,3,1,retardation,syndrome
C124841: Orofaciodigital Syndrome Type 6	C122654: Short-Rib Thoracic Dysplasia 6 with or without Polydactyly	C132292: Presynaptic Congenital Myasthenic Syndrome 6	C150369: Hermansky-Pudlak Syndrome 6,,4,0,six
C84897: Mucopolysaccharidosis Type IIIA	C84898: Mucopolysaccharidosis Type IIIB	C84899: Mucopolysaccharidosis Type IIIC	C84900: Mucopolysaccharidosis Type IIID	C84901: Mucopolysaccharidosis Type IVA	C84902: Mucopolysaccharidosis Type IVB,,6,0,mucopolysaccharidosis,type
C118631: Alpha Thalassemia X-Linked Mental Retardation Syndrome	C126747: Lubs X-Linked Mental Retardation Syndrome,C28193: Syndrome,2,1,link x,mental,retardation,syndrome
C84713: Fetal Alcohol Syndrome	C98906: Fetal Warfarin Syndrome	C98927: Fetal Hydantoin Syndrome	C98928: Fetal Methotrexate Syndrome	C98929: Fetal Retinoid Syndrome	C98930: Fetal Valproate Syndrome,,6,0,fetus
C99267: Congenital Malformation Syndrome	C75012: Dandy-Walker Malformation	C75002: Split-Hand/Foot Malformation Type 5	C75045: Split-Hand/Foot Malformation Type 1	C75121: Split-Hand/Foot Malformation Type 3,,5,0,malformation
C118845: Otopalatodigital Syndrome Type 1	C130992: Kenny-Caffey Syndrome Type 1	C75015: Rieger Syndrome Type 1	C75481: Orofaciodigital Syndrome Type 1	C75119: Loeys-Dietz Syndrome Type 1	C75008: Waardenburg Syndrome Type 1	C126327: Usher Syndrome Type 1	C129727: Autoimmune Polyglandular Syndrome Type 1	C75476: Holoprosencephaly Type 1	C75045: Split-Hand/Foot Malformation Type 1	C3225: Multiple Endocrine Neoplasia Type 1	C153290: Rubinstein-Taybi Syndrome Type 1	C4689: Leukocyte Adhesion Deficiency Type 1	C40463: Turcot Syndrome Type 1	C3273: Neurofibromatosis Type 1,,15,0,type,one
C129727: Autoimmune Polyglandular Syndrome Type 1	C129728: Autoimmune Polyglandular Syndrome Type 2,C129726: Autoimmune Polyglandular Syndrome,2,1,autoimmune,polyglandular,syndrome,type
C122797: Nephrotic Syndrome of Childhood - Steroid Sensitive	C122798: Nephrotic Syndrome of Childhood - Steroid Resistant	C68744: Childhood Myelodysplastic Syndrome,,3,0,pediatric
C75460: Holoprosencephaly Type 5	C75002: Split-Hand/Foot Malformation Type 5,,2,0,type,five
"C121944: Rapid-Onset Obesity with Hypothalamic Dysfunction, Hypoventilation, and Autonomic Dysregulation	C35066: Temporomandibular Joint Dysfunction Syndrome	C43245: Pyramidal Tract Dysfunction",,3,0,pathophysiology
C84792: Iridocorneal Endothelial Syndrome	C35535: Nephrotic Syndrome with Lesion of Endothelial Glomerulonephritis,,2,0,endothelium
C123329: Multiple Endocrine Neoplasia Type 2	C157449: Multiple Endocrine Neoplasia Type 4	C3225: Multiple Endocrine Neoplasia Type 1,C6432: Multiple Endocrine Neoplasia,3,1,many,endocrin,neoplasm,type
C27873: Congenital Disorder of Natural Immunity	C126868: Congenital Disorder of Glycosylation Type Ia	C126869: Congenital Disorder of Glycosylation Type Ic	C126870: Congenital Disorder of Glycosylation Type Id	C126871: Congenital Disorder of Glycosylation Type Ie	C126872: Congenital Disorder of Glycosylation Type If	C126873: Congenital Disorder of Glycosylation Type Ig	C126874: Congenital Disorder of Glycosylation Type Ij,,8,0,congenital,disorder,of
C85065: Short Rib-Polydactyly Syndrome	C99059: Short Bowel Syndrome	C92206: Short Limb Dwarfism-Saddle Nose-Spinal Alterations-Metaphyseal Striation Syndrome,,3,0,short
C45428: Tropical Sprue	C45426: Collagenous Sprue,,2,0,sprue
C130990: Insulin Receptor Mutation - Associated Insulin Resistance Syndromes	C119051: Tumor Necrosis Factor Receptor 1-Associated Periodic Syndrome	C119056: Deficiency of the Interleukin-1 Receptor Antagonist	C119057: Deficiency of the Interleukin-36 Receptor Antagonist	C126337: IFN-gamma Receptor 1 Deficiency,,5,0,receptor
C122796: Idiopathic Nephrotic Syndrome	C84780: Idiopathic CD4-Positive T-Lymphocytopenia,,2,0,idiopathic
C154615: Leukocyte Adhesion Deficiency Type 3	C4689: Leukocyte Adhesion Deficiency Type 1	C4690: Leukocyte Adhesion Deficiency Type 2,C27874: Leukocyte Adhesion Deficiency,3,1,leucocyte,adhesion,deficiency,type
C126559: Hard Skin Syndrome Parana Type	C85077: Staphylococcal Scalded Skin Syndrome,C28193: Syndrome,2,1,skin,syndrome
"C123083: Nephrotic Syndrome - Hepatitis C Virus Associated	C125704: Fanconi Anemia, Complementation Group C",,2,0,c
"C121944: Rapid-Onset Obesity with Hypothalamic Dysfunction, Hypoventilation, and Autonomic Dysregulation	C98889: Congenital Central Hypoventilation",,2,0,hypoventilation
C121572: Complex Regional Pain Syndrome II	C85042: Complex Regional Pain Syndrome I,C28193: Syndrome,2,1,complex,regional,pain,syndrome
C75016: Cornelia De Lange Syndrome	C84666: De Sanctis-Cacchione Syndrome	C8253: de novo Myelodysplastic Syndrome,,3,0,de
"C123082: Nephrotic Syndrome - Hepatitis B Virus Associated	C135726: Cockayne Syndrome Type B	C61238: Severe Combined Immunodeficiency with Absence of T and B Cells	C61239: Severe Combined Immunodeficiency with Absence of T, Normal B Cells	C125703: Fanconi Anemia, Complementation Group B",,5,0,b
C121572: Complex Regional Pain Syndrome II	C85042: Complex Regional Pain Syndrome I	C4705: Carney Complex,,3,0,complex
C122797: Nephrotic Syndrome of Childhood - Steroid Sensitive	C122798: Nephrotic Syndrome of Childhood - Steroid Resistant	C82596: Refractory Cytopenia of Childhood,,3,0,of,pediatric
"C123124: Nephrotic Syndrome-Remission, Partial Remission	C120192: Partial Androgen Insensitivity Syndrome",,2,0,partial
"C119049: Synovitis, Acne, Pustulosis, Hyperostosis, and Osteitis Syndrome	C84530: Acquired Hyperostosis Syndrome",,2,0,hyperostosis
"C101325: Heterotaxy Syndrome with Polysplenia	C101326: Heterotaxy Syndrome with Asplenia	C121944: Rapid-Onset Obesity with Hypothalamic Dysfunction, Hypoventilation, and Autonomic Dysregulation	C125712: Immune Reconstitution Inflammatory Syndrome Associated with Kaposi Sarcoma	C84889: Myoclonic Epilepsy Associated with Ragged-Red Fibers	C85073: Selective Antibody Deficiency with Normal Immunoglobulins	C4065: Ectopic Hormone Secretion Syndrome Associated with Neoplasia	C75479: Hypogonadotropic Hypogonadism with Anosmia	C129721: Albright Hereditary Osteodystrophy with Multiple Hormone Resistance	C122654: Short-Rib Thoracic Dysplasia 6 with or without Polydactyly	C35214: Nephrotic Syndrome with Lesion of Proliferative Glomerulonephritis	C35215: Nephrotic Syndrome with Lesion of Membranous Glomerulonephritis	C35216: Nephrotic Syndrome with Lesion of Membranoproliferative Glomerulonephritis	C35533: Nephrotic Syndrome with Lesion of Focal Glomerulosclerosis	C35534: Nephrotic Syndrome with Lesion of Segmental Hyalinosis	C35535: Nephrotic Syndrome with Lesion of Endothelial Glomerulonephritis	C35536: Nephrotic Syndrome with Lesion of Hypocomplementemic Glomerulonephritis	C35537: Nephrotic Syndrome with Lesion of Persistent Glomerulonephritis	C35540: Nephrotic Syndrome with Lesion of Minimal Change Glomerulonephritis	C123729: Natural Killer Cell and Glucocorticoid Deficiency with DNA Repair Defect	C84783: Immunodeficiency With Hyper-IgM	C34453: Cauda Equina Syndrome with Neurogenic Bladder	C4036: Myelodysplastic Syndrome with Ring Sideroblasts	C97310: Myelodysplastic Syndrome with Gene Mutation	C82591: Myelodysplastic Syndrome with Single Lineage Dysplasia	C6867: Myelodysplastic Syndrome with Isolated del(5q)	C7506: Myelodysplastic Syndrome with Excess Blasts	C8574: Myelodysplastic Syndrome with Multilineage Dysplasia	C122663: Inclusion Body Myopathy with Early-Onset Paget Disease with or without Frontotemporal Dementia 1	C61238: Severe Combined Immunodeficiency with Absence of T and B Cells	C61239: Severe Combined Immunodeficiency with Absence of T, Normal B Cells	C143014: Neurofibromatosis Type 1 with Inoperable, Progressive, Symptomatic Plexiform Neurofibromas",,32,0,with
C112208: Drug Hypersensitivity Syndrome	C101321: Neonatal Drug Withdrawal	C103170: Postnatal Drug Withdrawal	C103183: In Utero Drug Withdrawal	C99258: Perinatal Drug Withdrawal,,5,0,medication
"C119049: Synovitis, Acne, Pustulosis, Hyperostosis, and Osteitis Syndrome	C119055: Pyogenic Arthritis, Pyoderma Gangrenosum and Acne",,2,0,acne
C8966: Paraneoplastic Opsoclonus Ataxia	C2887: Ataxia Telangiectasia Syndrome,,2,0,ataxia
C27871: Congenital Combined Immunodeficiency,,1,0,combine,immunodeficiency
C123018: Renal Cysts and Diabetes Syndrome	C130996: Maternal Diabetes and Deafness Syndrome,,2,0,diabetes
C129866: Dopamine Transporter Deficiency Syndrome	C130989: Immunoglobulin Superfamily Member 1 Deficiency Syndrome	C84397: Alpha-1 Antitrypsin Deficiency	C85073: Selective Antibody Deficiency with Normal Immunoglobulins	C119056: Deficiency of the Interleukin-1 Receptor Antagonist	C119057: Deficiency of the Interleukin-36 Receptor Antagonist	C4691: Complement Deficiency	C123729: Natural Killer Cell and Glucocorticoid Deficiency with DNA Repair Defect	C126290: TERC Deficiency	C126291: TERT Deficiency	C126292: Perforin Deficiency	C126293: UNC13D Deficiency	C126294: STXBP2 Deficiency	C126295: XIAP Deficiency	C126336: MAGT1 Deficiency	C126337: IFN-gamma Receptor 1 Deficiency	C126338: Hypomorphic RAG1 Deficiency	C126339: PGM3 Deficiency	C126344: ITK Deficiency	C126349: GATA2 Deficiency	C126350: SH2D1A Deficiency	C4799: Deficiency of Humoral Immunity	C61244: CD40 Ligand Deficiency	C131130: STAT5B Deficiency	C34731: Intestinal Disaccharidase Deficiency and Disaccharide Malabsorption	C130202: Constitutional Mismatch Repair Deficiency Syndrome	C122658: DNA Ligase I Deficiency	C27874: Leukocyte Adhesion Deficiency	C162695: Severe Combined Immunodeficiency due to NHEJ1 Deficiency	C3962: Adenosine Deaminase Deficiency	C3963: Purine-Nucleoside Phosphorylase Deficiency,,31,0,deficiency
"C116955: Diencephalic Syndrome of Infancy	C123231: Syndrome of Apparent Mineralocorticoid Excess	C84670: Diffuse Cerebral Sclerosis of Schilder	C120194: 46,XY Disorder of Androgen Action	C119056: Deficiency of the Interleukin-1 Receptor Antagonist	C119057: Deficiency of the Interleukin-36 Receptor Antagonist	C122797: Nephrotic Syndrome of Childhood - Steroid Sensitive	C122798: Nephrotic Syndrome of Childhood - Steroid Resistant	C35214: Nephrotic Syndrome with Lesion of Proliferative Glomerulonephritis	C35215: Nephrotic Syndrome with Lesion of Membranous Glomerulonephritis	C35216: Nephrotic Syndrome with Lesion of Membranoproliferative Glomerulonephritis	C35533: Nephrotic Syndrome with Lesion of Focal Glomerulosclerosis	C35534: Nephrotic Syndrome with Lesion of Segmental Hyalinosis	C35535: Nephrotic Syndrome with Lesion of Endothelial Glomerulonephritis	C35536: Nephrotic Syndrome with Lesion of Hypocomplementemic Glomerulonephritis	C35537: Nephrotic Syndrome with Lesion of Persistent Glomerulonephritis	C35540: Nephrotic Syndrome with Lesion of Minimal Change Glomerulonephritis	C126296: Immunodeficiency of Unknown Origin	C27873: Congenital Disorder of Natural Immunity	C4799: Deficiency of Humoral Immunity	C126868: Congenital Disorder of Glycosylation Type Ia	C126869: Congenital Disorder of Glycosylation Type Ic	C126870: Congenital Disorder of Glycosylation Type Id	C126871: Congenital Disorder of Glycosylation Type Ie	C126872: Congenital Disorder of Glycosylation Type If	C126873: Congenital Disorder of Glycosylation Type Ig	C126874: Congenital Disorder of Glycosylation Type Ij	C3988: Syndrome of Inappropriate Antidiuretic Hormone Secretion	C4461: Multiple Self Healing Epithelioma of Ferguson-Smith	C82596: Refractory Cytopenia of Childhood	C61238: Severe Combined Immunodeficiency with Absence of T and B Cells	C61239: Severe Combined Immunodeficiency with Absence of T, Normal B Cells",,32,0,of
C111814: Griscelli Syndrome Type 2	C130993: Kenny-Caffey Syndrome Type 2	C114768: Loeys-Dietz Syndrome Type 2	C75009: Waardenburg Syndrome Type 2	C126328: Usher Syndrome Type 2	C129728: Autoimmune Polyglandular Syndrome Type 2	C74985: Stickler Syndrome Type 2	C153291: Rubinstein-Taybi Syndrome Type 2	C40464: Turcot Syndrome Type 2,C28193: Syndrome,9,1,syndrome,type,two
C3214: Malabsorption Syndrome,,1,0,malabsorption
"C120194: 46,XY Disorder of Androgen Action	C27873: Congenital Disorder of Natural Immunity	C126868: Congenital Disorder of Glycosylation Type Ia	C126869: Congenital Disorder of Glycosylation Type Ic	C126870: Congenital Disorder of Glycosylation Type Id	C126871: Congenital Disorder of Glycosylation Type Ie	C126872: Congenital Disorder of Glycosylation Type If	C126873: Congenital Disorder of Glycosylation Type Ig	C126874: Congenital Disorder of Glycosylation Type Ij",,9,0,disorder,of
C35699: Diffuse Infiltrative Lymphocytosis Syndrome	C84670: Diffuse Cerebral Sclerosis of Schilder	C39855: Diffuse Leiomyomatosis Syndrome	C121198: Congenital Nephrotic Syndrome - Diffuse Mesangial Sclerosis,,4,0,diffuse
C125712: Immune Reconstitution Inflammatory Syndrome Associated with Kaposi Sarcoma	C4065: Ectopic Hormone Secretion Syndrome Associated with Neoplasia,C28193: Syndrome,2,1,syndrome,associate,with
C114768: Loeys-Dietz Syndrome Type 2	C75119: Loeys-Dietz Syndrome Type 1,C75006: Loeys-Dietz Syndrome,2,1,dietz loeys,syndrome,type
C35046: Substance Withdrawal Syndrome,C28193: Syndrome,1,1,withdraw,syndrome
C3311: Paraneoplastic Syndrome,,1,0,paraneoplastic
C75486: Menkes Disease	C26714: Celiac Disease	C113210: Cushing Disease	C122663: Inclusion Body Myopathy with Early-Onset Paget Disease with or without Frontotemporal Dementia 1	C26788: Chronic Granulomatous Disease,,5,0,disease
C3396: Superior Vena Cava Syndrome	C85175: Superior Mesenteric Artery Syndrome,,2,0,superior
C34450: Carpal Tunnel Syndrome	C85183: Tarsal Tunnel Syndrome,C28193: Syndrome,2,1,tunnel,syndrome
C4065: Ectopic Hormone Secretion Syndrome Associated with Neoplasia,C28193: Syndrome,1,1,hormone,secretion,syndrome
C126566: Fragile X Tremor/Ataxia Syndrome	C84717: Fragile X Syndrome	C89802: Penta X Syndrome	C120084: Familial Colorectal Cancer Type X,,4,0,x
C4377: Adult Fanconi Syndrome	C115153: Adult Myelodysplastic Syndrome,,2,0,adult
C27870: Selective Immunoglobulin Isotype Deficiency,,1,0,selective,immunoglobulin
C119056: Deficiency of the Interleukin-1 Receptor Antagonist	C119057: Deficiency of the Interleukin-36 Receptor Antagonist,,2,0,deficiency,of,the
C123223: Atypical Hemolytic Uremic Syndrome	C123226: Diarrhea-associated Hemolytic Uremic Syndrome	C123228: Familial Atypical Hemolytic Uremic Syndrome,C28193: Syndrome,3,1,hemolyse,uremic,syndrome
C129867: Growth Hormone Insensitivity Syndrome	C4065: Ectopic Hormone Secretion Syndrome Associated with Neoplasia	C129721: Albright Hereditary Osteodystrophy with Multiple Hormone Resistance	C129722: Albright Hereditary Osteodystrophy without Multiple Hormone Resistance,,4,0,hormone
C27141: Immunoglobulin Heavy Chain Deletion	C159456: Light Chain Fanconi Syndrome,,2,0,chain
C131006: Wilms Tumor 1 Gene Syndromes	C4065: Ectopic Hormone Secretion Syndrome Associated with Neoplasia	C6432: Multiple Endocrine Neoplasia	C3425: Tumor Lysis Syndrome	C119051: Tumor Necrosis Factor Receptor 1-Associated Periodic Syndrome	C157461: Glucagon Cell Hyperplasia and Neoplasia	C93268: Rhabdoid Tumor Predisposition Syndrome	C48287: Hyperparathyroidism-Jaw Tumor Syndrome,,8,0,neoplasm
C125712: Immune Reconstitution Inflammatory Syndrome Associated with Kaposi Sarcoma	C130990: Insulin Receptor Mutation - Associated Insulin Resistance Syndromes	C84889: Myoclonic Epilepsy Associated with Ragged-Red Fibers	C4065: Ectopic Hormone Secretion Syndrome Associated with Neoplasia	C122795: Nephrotic Syndrome - NPHS1 Associated	C123067: Nephrotic Syndrome - ACTN4 Associated	C123068: Nephrotic Syndrome - ADCK4 Associated	C123069: Nephrotic Syndrome - ANLN Associated	C123070: Nephrotic Syndrome - ARHGAP24 Associated	C123071: Nephrotic Syndrome - ARHGDIA Associated	C123072: Nephrotic Syndrome - CD2AP Associated	C123073: Nephrotic Syndrome - CFH Associated	C123074: Nephrotic Syndrome - COQ2 Associated	C123075: Nephrotic Syndrome - COQ6 Associated	C123076: Nephrotic Syndrome - CRB2 Associated	C123077: Nephrotic Syndrome - CUBN Associated	C123078: Nephrotic Syndrome - Cytomegalovirus Associated	C123079: Nephrotic Syndrome - DGKE Associated	C123080: Nephrotic Syndrome - EMP2 Associated	C123081: Nephrotic Syndrome - Epstein-Barr Virus Associated	C123082: Nephrotic Syndrome - Hepatitis B Virus Associated	C123083: Nephrotic Syndrome - Hepatitis C Virus Associated	C123084: Nephrotic Syndrome - Human Immunodeficiency Virus Associated	C123085: Nephrotic Syndrome - INF2 Associated	C123086: Nephrotic Syndrome - Infection Associated	C123087: Nephrotic Syndrome - ITGA3 Associated	C123088: Nephrotic Syndrome - ITGB4 Associated	C123089: Nephrotic Syndrome - LAMB2 Associated	C123090: Nephrotic Syndrome - LMX1B Associated	C123091: Nephrotic Syndrome - Malaria Associated	C123092: Nephrotic Syndrome - MEFV Associated	C123093: Nephrotic Syndrome - MYO1E Associated	C123094: Nephrotic Syndrome - NEIL1 Associated	C123095: Nephrotic Syndrome - NPHS2 Associated	C123096: Nephrotic Syndrome - Parvovirus B19 Associated	C123097: Nephrotic Syndrome - PDSS2 Associated	C123098: Nephrotic Syndrome - PLCE1 Associated	C123099: Nephrotic Syndrome - PTPRO Associated	C123100: Nephrotic Syndrome - SCARB2 Associated	C123101: Nephrotic Syndrome - Simian Virus 40 Associated	C123102: Nephrotic Syndrome - SMARCAL1 Associated	C123103: Nephrotic Syndrome - Syphilis Associated	C123104: Nephrotic Syndrome - Toxoplasmosis Associated	C123105: Nephrotic Syndrome - TRPC6 Associated	C123106: Nephrotic Syndrome - WT1 Associated	C162484: Polymerase Proofreading Associated Polyposis	C123045: Congenital Nephrotic Syndrome - Cytomegalovirus Associated	C123046: Congenital Nephrotic Syndrome - Infection Associated	C123047: Congenital Nephrotic Syndrome - Rubivirus Associated	C123048: Congenital Nephrotic Syndrome - Toxoplasma Associated	C123049: Congenital Nephrotic Syndrome - Treponema Pallidum Associated,,51,0,associate
C118456: Hair Tourniquet	C61245: Cartilage Hair Hypoplasia,,2,0,hair
C120408: Chromosome 16p11.2 Deletion Syndrome	C129021: Chromosome 2q37 Deletion Syndrome	C129875: Chromosome 16p12.1 Deletion Syndrome	C130982: 10p13-p14 Deletion Syndrome	C130986: Distal 18q Deletion Syndrome	C74983: 1p36 Deletion Syndrome	C75478: 22q Telomere Deletion Syndrome,C28193: Syndrome,7,1,deletion,syndrome
C101321: Neonatal Drug Withdrawal	C103170: Postnatal Drug Withdrawal	C103183: In Utero Drug Withdrawal	C99258: Perinatal Drug Withdrawal,,4,0,medication,withdraw
C127159: Iatrogenic Cushing Syndrome	C131863: Iatrogenic Contrasexual Pubertal Development,,2,0,iatrogenic
C7506: Myelodysplastic Syndrome with Excess Blasts,C3247: Myelodysplastic Syndrome,1,1,myelodysplastic,syndrome,with,excess
C158135: Infantile Liver Failure Syndrome 2	C94810: Inherited Bone Marrow Failure Syndrome,C28193: Syndrome,2,1,failure,syndrome
C101038: Lethal Multiple Pterygium Syndrome	C84909: Multiple System Atrophy	C129869: Multiple Vascular Disruption Syndrome	C6432: Multiple Endocrine Neoplasia	C129721: Albright Hereditary Osteodystrophy with Multiple Hormone Resistance	C129722: Albright Hereditary Osteodystrophy without Multiple Hormone Resistance	C5183: Hereditary Multiple Exostoses	C4461: Multiple Self Healing Epithelioma of Ferguson-Smith,,8,0,many
C82591: Myelodysplastic Syndrome with Single Lineage Dysplasia	C130037: Myelodysplastic Syndrome with Ring Sideroblasts and Single Lineage Dysplasia,,2,0,single,lineage,dysplasia
"C130990: Insulin Receptor Mutation - Associated Insulin Resistance Syndromes	C131008: Hyperandrogenism, Insulin Resistance, Acanthosis Nigricans Syndrome	C113169: Insulin Resistance Syndrome",,3,0,insulin,resistance
"C120194: 46,XY Disorder of Androgen Action	C27226: Androgen Insensitivity Syndrome",,2,0,androgen
C124841: Orofaciodigital Syndrome Type 6	C75481: Orofaciodigital Syndrome Type 1,C28193: Syndrome,2,1,orofaciodigital,syndrome,type
C148362: Refractory Myelodysplastic Syndrome	C153297: Refractory Hemophagocytic Lymphohistiocytosis	C2872: Refractory Anemia	C82593: Refractory Neutropenia	C82594: Refractory Thrombocytopenia	C82596: Refractory Cytopenia of Childhood	C155986: Refractory Neurofibromatosis Type 1,,7,0,refractary
"C111814: Griscelli Syndrome Type 2	C118845: Otopalatodigital Syndrome Type 1	C124841: Orofaciodigital Syndrome Type 6	C126559: Hard Skin Syndrome Parana Type	C130992: Kenny-Caffey Syndrome Type 1	C130993: Kenny-Caffey Syndrome Type 2	C75118: Trichorhinophalangeal Syndrome Type II	C75015: Rieger Syndrome Type 1	C75109: Trichorhinophalangeal Syndrome Type I	C75481: Orofaciodigital Syndrome Type 1	C8967: Brain Iron Accumulation Type I Syndrome	C114768: Loeys-Dietz Syndrome Type 2	C75119: Loeys-Dietz Syndrome Type 1	C124842: Waardenburg Syndrome Type 4	C75008: Waardenburg Syndrome Type 1	C75009: Waardenburg Syndrome Type 2	C125696: Ehlers-Danlos Syndrome, Type I	C125697: Ehlers-Danlos Syndrome, Type II	C125698: Ehlers-Danlos Syndrome, Type III	C125699: Ehlers-Danlos Syndrome, Type IV	C125700: Ehlers-Danlos Syndrome, Type VI	C125701: Ehlers-Danlos Syndrome, Type VII	C141423: Ehlers-Danlos Syndrome, Type V	C126327: Usher Syndrome Type 1	C126328: Usher Syndrome Type 2	C126329: Usher Syndrome Type 3	C126868: Congenital Disorder of Glycosylation Type Ia	C126869: Congenital Disorder of Glycosylation Type Ic	C126870: Congenital Disorder of Glycosylation Type Id	C126871: Congenital Disorder of Glycosylation Type Ie	C126872: Congenital Disorder of Glycosylation Type If	C126873: Congenital Disorder of Glycosylation Type Ig	C126874: Congenital Disorder of Glycosylation Type Ij	C129727: Autoimmune Polyglandular Syndrome Type 1	C129728: Autoimmune Polyglandular Syndrome Type 2	C135725: Cockayne Syndrome Type A	C135726: Cockayne Syndrome Type B	C148259: Joubert Syndrome Type 3	C159653: Joubert Syndrome Type 7	C74997: Joubert Syndrome Type 4	C75034: Type III Acrocephalosyndactyly	C98873: Type II Acrocephalopolysyndactyly	C99099: Type I Acrocephalosyndactyly	C99100: Type V Acrocephalosyndactyly	C75007: Marfan Syndrome Type II	C84897: Mucopolysaccharidosis Type IIIA	C84898: Mucopolysaccharidosis Type IIIB	C84899: Mucopolysaccharidosis Type IIIC	C84900: Mucopolysaccharidosis Type IIID	C84901: Mucopolysaccharidosis Type IVA	C84902: Mucopolysaccharidosis Type IVB	C74985: Stickler Syndrome Type 2	C74995: Holoprosencephaly Type 2	C75475: Holoprosencephaly Type 4	C75460: Holoprosencephaly Type 5	C75476: Holoprosencephaly Type 1	C75002: Split-Hand/Foot Malformation Type 5	C75045: Split-Hand/Foot Malformation Type 1	C75121: Split-Hand/Foot Malformation Type 3	C123329: Multiple Endocrine Neoplasia Type 2	C157449: Multiple Endocrine Neoplasia Type 4	C3225: Multiple Endocrine Neoplasia Type 1	C39574: Type 1a Autoimmune Lymphoproliferative Syndrome	C39575: Type 1b Autoimmune Lymphoproliferative Syndrome	C39576: Type 2 Autoimmune Lymphoproliferative Syndrome	C39577: Type 3 Autoimmune Lymphoproliferative Syndrome	C120084: Familial Colorectal Cancer Type X	C153290: Rubinstein-Taybi Syndrome Type 1	C153291: Rubinstein-Taybi Syndrome Type 2	C162694: Severe Combined Immunodeficiency, Athabascan Type	C154314: Autosomal Recessive Cytochrome B-Positive Chronic Granulomatous Disease Type I	C154615: Leukocyte Adhesion Deficiency Type 3	C4689: Leukocyte Adhesion Deficiency Type 1	C4690: Leukocyte Adhesion Deficiency Type 2	C40464: Turcot Syndrome Type 2	C40463: Turcot Syndrome Type 1	C3273: Neurofibromatosis Type 1	C3274: Neurofibromatosis Type 2",,78,0,type
"C116994: Lupus Anticoagulant Disorder	C120194: 46,XY Disorder of Androgen Action	C27873: Congenital Disorder of Natural Immunity	C126868: Congenital Disorder of Glycosylation Type Ia	C126869: Congenital Disorder of Glycosylation Type Ic	C126870: Congenital Disorder of Glycosylation Type Id	C126871: Congenital Disorder of Glycosylation Type Ie	C126872: Congenital Disorder of Glycosylation Type If	C126873: Congenital Disorder of Glycosylation Type Ig	C126874: Congenital Disorder of Glycosylation Type Ij",,10,0,disorder
C4065: Ectopic Hormone Secretion Syndrome Associated with Neoplasia,,1,0,secretion
C125711: KSHV Inflammatory Cytokine Syndrome	C78251: Cytokine Release Syndrome,,2,0,cytokine
C101320: Perinatal Blood Aspiration Syndrome	C87093: Meconium Aspiration Syndrome,C28193: Syndrome,2,1,aspiration,syndrome
C118434: Albright's Hereditary Osteodystrophy	C3940: Hereditary Benign Intraepithelial Dyskeratosis	C119043: NALP12-Associated Hereditary Periodic Fever Syndrome	C3266: Hereditary Neoplastic Syndrome,,4,0,hereditary
C123729: Natural Killer Cell and Glucocorticoid Deficiency with DNA Repair Defect	C122658: DNA Ligase I Deficiency,,2,0,dna
C101325: Heterotaxy Syndrome with Polysplenia	C101326: Heterotaxy Syndrome with Asplenia,C117273: Heterotaxy Syndrome,2,1,heterotaxy,syndrome,with
C99267: Congenital Malformation Syndrome	C116800: Congenital Varicella Syndrome	C84647: Congenital Myasthenic Syndrome	C98889: Congenital Central Hypoventilation	C35337: Congenital Nephrotic Syndrome	C27871: Congenital Combined Immunodeficiency	C27873: Congenital Disorder of Natural Immunity	C126868: Congenital Disorder of Glycosylation Type Ia	C126869: Congenital Disorder of Glycosylation Type Ic	C126870: Congenital Disorder of Glycosylation Type Id	C126871: Congenital Disorder of Glycosylation Type Ie	C126872: Congenital Disorder of Glycosylation Type If	C126873: Congenital Disorder of Glycosylation Type Ig	C126874: Congenital Disorder of Glycosylation Type Ij	C27872: Congenital T-Cell Immunodeficiency	C61236: Congenital Pure Red Cell Aplasia,,16,0,congenital
C158135: Infantile Liver Failure Syndrome 2	C137957: Long QT Syndrome 2	C150368: Hermansky-Pudlak Syndrome 2,C28193: Syndrome,3,1,syndrome,two
C2872: Refractory Anemia	C62505: Fanconi Anemia,,2,0,anemia
C34845: Nephrotic Syndrome,,1,0,nephrotic
"C35710: Triple A Syndrome	C135725: Cockayne Syndrome Type A	C123434: Immunoglobulin A Deficiency 1	C125702: Fanconi Anemia, Complementation Group A",,4,0,a
C99544: Left Ventricular Non-Compaction Syndrome	C98894: Hypoplastic Left Heart Syndrome,,2,0,departure
C84403: Bile Acid Synthesis Defect	C98956: Inspissated Bile Syndrome,,2,0,bile
C148363: Recurrent Myelodysplastic Syndrome	C153296: Recurrent Hemophagocytic Lymphohistiocytosis	C153340: Recurrent Cushing Disease	C155985: Recurrent Neurofibromatosis Type 1,,4,0,recurrent
C123021: Tubulointerstitial Nephritis and Uveitis	C50794: Uveitis Glaucoma And Hyphema Syndrome,,2,0,uveitis
C99544: Left Ventricular Non-Compaction Syndrome,,1,0,departure,ventricular
C101222: Complete Trisomy 21 Syndrome	C101223: Complete Trisomy 13 Syndrome	C101362: Complete Trisomy 18 Syndrome	C120191: Complete Androgen Insensitivity Syndrome,,4,0,finish
C85188: Thoracic Outlet Syndrome	C122654: Short-Rib Thoracic Dysplasia 6 with or without Polydactyly,,2,0,thoracic
C131006: Wilms Tumor 1 Gene Syndromes	C97310: Myelodysplastic Syndrome with Gene Mutation,,2,0,gene
C75118: Trichorhinophalangeal Syndrome Type II	C75109: Trichorhinophalangeal Syndrome Type I,C28193: Syndrome,2,1,trichorhinophalangeal,syndrome,type
C85073: Selective Antibody Deficiency with Normal Immunoglobulins	C27870: Selective Immunoglobulin Isotype Deficiency,,2,0,selective
C116380: Chronic Infantile Neurological Cutaneous and Articular Syndrome	C35066: Temporomandibular Joint Dysfunction Syndrome,,2,0,joint
C112208: Drug Hypersensitivity Syndrome,C28193: Syndrome,1,1,hypersensitivity,syndrome
C129721: Albright Hereditary Osteodystrophy with Multiple Hormone Resistance	C129722: Albright Hereditary Osteodystrophy without Multiple Hormone Resistance,,2,0,many,hormone,resistance
"C85073: Selective Antibody Deficiency with Normal Immunoglobulins	C61239: Severe Combined Immunodeficiency with Absence of T, Normal B Cells",,2,0,normal
"C124842: Waardenburg Syndrome Type 4	C146899: Trichothiodystrophy 4, Nonphotosensitive	C74997: Joubert Syndrome Type 4	C75475: Holoprosencephaly Type 4	C157449: Multiple Endocrine Neoplasia Type 4",,5,0,four
C123729: Natural Killer Cell and Glucocorticoid Deficiency with DNA Repair Defect	C130202: Constitutional Mismatch Repair Deficiency Syndrome,,2,0,repair
"C125698: Ehlers-Danlos Syndrome, Type III	C75034: Type III Acrocephalosyndactyly",,2,0,type,third
C155954: Intestinal Polyposis Syndrome	C34731: Intestinal Disaccharidase Deficiency and Disaccharide Malabsorption,,2,0,intestinal
C84647: Congenital Myasthenic Syndrome	C3155: Lambert Eaton Myasthenic Syndrome,C28193: Syndrome,2,1,myasthenic,syndrome
C118845: Otopalatodigital Syndrome Type 1	C130992: Kenny-Caffey Syndrome Type 1	C75015: Rieger Syndrome Type 1	C75481: Orofaciodigital Syndrome Type 1	C75119: Loeys-Dietz Syndrome Type 1	C75008: Waardenburg Syndrome Type 1	C126327: Usher Syndrome Type 1	C129727: Autoimmune Polyglandular Syndrome Type 1	C153290: Rubinstein-Taybi Syndrome Type 1	C40463: Turcot Syndrome Type 1,C28193: Syndrome,10,1,syndrome,type,one
"C118845: Otopalatodigital Syndrome Type 1	C124838: Orofacial Cleft 1	C130989: Immunoglobulin Superfamily Member 1 Deficiency Syndrome	C130992: Kenny-Caffey Syndrome Type 1	C131006: Wilms Tumor 1 Gene Syndromes	C133724: Brown-Vialetto-Van Laere Syndrome 1	C75015: Rieger Syndrome Type 1	C75481: Orofaciodigital Syndrome Type 1	C75119: Loeys-Dietz Syndrome Type 1	C126337: IFN-gamma Receptor 1 Deficiency	C75008: Waardenburg Syndrome Type 1	C126327: Usher Syndrome Type 1	C129727: Autoimmune Polyglandular Syndrome Type 1	C85049: Long QT Syndrome 1	C156433: Trichothiodystrophy 1, Photosensitive	C150367: Hermansky-Pudlak Syndrome 1	C75459: Noonan Syndrome 1	C75476: Holoprosencephaly Type 1	C75045: Split-Hand/Foot Malformation Type 1	C75480: Kallmann Syndrome 1	C122663: Inclusion Body Myopathy with Early-Onset Paget Disease with or without Frontotemporal Dementia 1	C3225: Multiple Endocrine Neoplasia Type 1	C153290: Rubinstein-Taybi Syndrome Type 1	C4689: Leukocyte Adhesion Deficiency Type 1	C123434: Immunoglobulin A Deficiency 1	C6725: Lynch 1 Syndrome	C40463: Turcot Syndrome Type 1	C75122: Tuberous Sclerosis 1	C3273: Neurofibromatosis Type 1",,29,0,one
C129304: Congenital Myasthenic Syndrome 5	C75460: Holoprosencephaly Type 5	C75002: Split-Hand/Foot Malformation Type 5,,3,0,five
C120083: Hereditary Nonpolyposis Colorectal Cancer	C8493: Hereditary Breast and Ovarian Cancer Syndrome	C51302: Hereditary Leiomyomatosis and Renal Cell Cancer,,3,0,cancer
"C75109: Trichorhinophalangeal Syndrome Type I	C85042: Complex Regional Pain Syndrome I	C8967: Brain Iron Accumulation Type I Syndrome	C125696: Ehlers-Danlos Syndrome, Type I	C99099: Type I Acrocephalosyndactyly	C122658: DNA Ligase I Deficiency	C154314: Autosomal Recessive Cytochrome B-Positive Chronic Granulomatous Disease Type I	C129026: Fanconi Anemia, Complementation Group I",,8,0,i
C124842: Waardenburg Syndrome Type 4	C75008: Waardenburg Syndrome Type 1	C75009: Waardenburg Syndrome Type 2,C85222: Waardenburg Syndrome,3,1,waardenburg,syndrome,type
C8494: Lynch Syndrome,,1,0,lynch
C4685: Paraneoplastic Cerebellar Degeneration	C125695: Striatonigral Degeneration,,2,0,degeneration
C131003: Single Central Incisor Syndrome	C82591: Myelodysplastic Syndrome with Single Lineage Dysplasia	C130037: Myelodysplastic Syndrome with Ring Sideroblasts and Single Lineage Dysplasia,,3,0,single
C123082: Nephrotic Syndrome - Hepatitis B Virus Associated	C123083: Nephrotic Syndrome - Hepatitis C Virus Associated,C34845: Nephrotic Syndrome,2,1,nephrotic,syndrome,hepatitis
C116927: Acute Motor and Sensory Axonal Neuropathy	C116929: Acute Motor Axonal Neuropathy,,2,0,axonal,neuropathy
C3273: Neurofibromatosis Type 1	C3274: Neurofibromatosis Type 2,C6727: Neurofibromatosis,2,1,neurofibromatosis,type
C124842: Waardenburg Syndrome Type 4	C74997: Joubert Syndrome Type 4,C28193: Syndrome,2,1,syndrome,type,four
C123729: Natural Killer Cell and Glucocorticoid Deficiency with DNA Repair Defect	C27873: Congenital Disorder of Natural Immunity,,2,0,natural
"C121944: Rapid-Onset Obesity with Hypothalamic Dysfunction, Hypoventilation, and Autonomic Dysregulation	C131009: Immune Dysregulation, Polyendocrinopathy, and Enteropathy X-Linked Syndrome",,2,0,dysregulation
C116955: Diencephalic Syndrome of Infancy	C27071: Transient Hypogammaglobulinemia of Infancy,,2,0,of,infancy
C113170: Sick Euthyroid Syndrome	C50723: Radiation Sickness Syndrome	C62244: Sick Sinus Syndrome,,3,0,sickness
"C75109: Trichorhinophalangeal Syndrome Type I	C8967: Brain Iron Accumulation Type I Syndrome	C125696: Ehlers-Danlos Syndrome, Type I	C99099: Type I Acrocephalosyndactyly	C154314: Autosomal Recessive Cytochrome B-Positive Chronic Granulomatous Disease Type I",,5,0,type,i
C116927: Acute Motor and Sensory Axonal Neuropathy	C5420: Paraneoplastic Subacute Sensory Neuronopathy,,2,0,sensory
C122804: Wilms Tumor-Aniridia-Genitourinary Anomalies-Mental Retardation-Obesity Syndrome	C3718: Wilms Tumor-Aniridia-Genitourinary Anomalies-Mental Retardation Syndrome,,2,0,wilm,aniridia genitourinary tumor,anomaly mental
C130037: Myelodysplastic Syndrome with Ring Sideroblasts and Single Lineage Dysplasia	C27726: Myelodysplastic Syndrome with Ring Sideroblasts and Multilineage Dysplasia,C4036: Myelodysplastic Syndrome with Ring Sideroblasts,2,1,myelodysplastic,syndrome,with,ring,sideroblast,andorra
C113421: Gray Baby Syndrome	C84741: Gray Platelet Syndrome,,2,0,gray
C129722: Albright Hereditary Osteodystrophy without Multiple Hormone Resistance	C122654: Short-Rib Thoracic Dysplasia 6 with or without Polydactyly	C122663: Inclusion Body Myopathy with Early-Onset Paget Disease with or without Frontotemporal Dementia 1,,3,0,without
C126329: Usher Syndrome Type 3	C148259: Joubert Syndrome Type 3	C75121: Split-Hand/Foot Malformation Type 3	C39577: Type 3 Autoimmune Lymphoproliferative Syndrome	C154615: Leukocyte Adhesion Deficiency Type 3,,5,0,type,thre
C123081: Nephrotic Syndrome - Epstein-Barr Virus Associated	C123082: Nephrotic Syndrome - Hepatitis B Virus Associated	C123083: Nephrotic Syndrome - Hepatitis C Virus Associated	C123084: Nephrotic Syndrome - Human Immunodeficiency Virus Associated	C123101: Nephrotic Syndrome - Simian Virus 40 Associated,,5,0,virus
C84403: Bile Acid Synthesis Defect	C123729: Natural Killer Cell and Glucocorticoid Deficiency with DNA Repair Defect	C61243: Neutrophil Actin Defect,,3,0,defect
C101320: Perinatal Blood Aspiration Syndrome	C99258: Perinatal Drug Withdrawal,,2,0,perinatal
"C119048: Pain Amplification Syndrome	C121572: Complex Regional Pain Syndrome II	C125390: Episodic Pain Syndrome, Familial, 3	C85042: Complex Regional Pain Syndrome I",,4,0,pain
C6867: Myelodysplastic Syndrome with Isolated del(5q)	C94830: Familial Isolated Hyperparathyroidism,,2,0,isolation
C133724: Brown-Vialetto-Van Laere Syndrome 1	C85049: Long QT Syndrome 1	C150367: Hermansky-Pudlak Syndrome 1	C75459: Noonan Syndrome 1	C75480: Kallmann Syndrome 1,C28193: Syndrome,5,1,syndrome,one
C152065: Telomere Syndrome	C75478: 22q Telomere Deletion Syndrome,,2,0,telomere
C118310: Insufficient Breast Milk Syndrome	C8493: Hereditary Breast and Ovarian Cancer Syndrome,,2,0,breast
C74998: Familial Juvenile Nephronophthisis	C75483: Juvenile X-Linked Retinoschisis	C117297: Juvenile Primary Fibromyalgia Syndrome	C7754: Juvenile Polyposis Syndrome,,4,0,juvenile
C138179: Acute Chest Syndrome	C3353: Acute Respiratory Distress Syndrome	C53652: Acute Coronary Syndrome	C116926: Acute Inflammatory Demyelinating Polyradiculoneuropathy	C116927: Acute Motor and Sensory Axonal Neuropathy	C116929: Acute Motor Axonal Neuropathy,,6,0,acute
C27873: Congenital Disorder of Natural Immunity	C4799: Deficiency of Humoral Immunity,,2,0,immunity
C101222: Complete Trisomy 21 Syndrome	C101223: Complete Trisomy 13 Syndrome	C101362: Complete Trisomy 18 Syndrome,,3,0,finish,trisomy
C4065: Ectopic Hormone Secretion Syndrome Associated with Neoplasia,C28193: Syndrome,1,1,secretion,syndrome
C122654: Short-Rib Thoracic Dysplasia 6 with or without Polydactyly	C122663: Inclusion Body Myopathy with Early-Onset Paget Disease with or without Frontotemporal Dementia 1,,2,0,with,oregon,without
"C141423: Ehlers-Danlos Syndrome, Type V	C99100: Type V Acrocephalosyndactyly",,2,0,type,volt
C87093: Meconium Aspiration Syndrome	C98980: Meconium Plug Syndrome,,2,0,meconium
C126329: Usher Syndrome Type 3	C148259: Joubert Syndrome Type 3,C28193: Syndrome,2,1,syndrome,type,thre
C27168: Obstructive Sleep Apnea Syndrome	C27169: Central Sleep Apnea Syndrome,C28193: Syndrome,2,1,sleep,apnea,syndrome
C115787: Vascular Access Steal Syndrome	C35044: Subclavian Steal Syndrome,C28193: Syndrome,2,1,steal,syndrome
"C130990: Insulin Receptor Mutation - Associated Insulin Resistance Syndromes	C131008: Hyperandrogenism, Insulin Resistance, Acanthosis Nigricans Syndrome	C113169: Insulin Resistance Syndrome	C129721: Albright Hereditary Osteodystrophy with Multiple Hormone Resistance	C129722: Albright Hereditary Osteodystrophy without Multiple Hormone Resistance",,5,0,resistance
C115787: Vascular Access Steal Syndrome	C129869: Multiple Vascular Disruption Syndrome,,2,0,vascular
C85236: XXXY and XXXXY Syndrome	C89799: XXXY Syndrome,,2,0,xxxi
C120409: Maternal Uniparental Disomy Chromosome 14 Syndrome	C130996: Maternal Diabetes and Deafness Syndrome,,2,0,maternal
"C116380: Chronic Infantile Neurological Cutaneous and Articular Syndrome	C126650: Infantile Convulsions and Paroxysmal Choreoathetosis, Familial	C158135: Infantile Liver Failure Syndrome 2",,3,0,infantile
C123081: Nephrotic Syndrome - Epstein-Barr Virus Associated	C123082: Nephrotic Syndrome - Hepatitis B Virus Associated	C123083: Nephrotic Syndrome - Hepatitis C Virus Associated	C123084: Nephrotic Syndrome - Human Immunodeficiency Virus Associated,,4,0,virus,associate
C116379: Cerebellar Mutism	C4685: Paraneoplastic Cerebellar Degeneration,,2,0,cerebellum
"C125712: Immune Reconstitution Inflammatory Syndrome Associated with Kaposi Sarcoma	C131009: Immune Dysregulation, Polyendocrinopathy, and Enteropathy X-Linked Syndrome",,2,0,immune
C111814: Griscelli Syndrome Type 2	C130993: Kenny-Caffey Syndrome Type 2	C158135: Infantile Liver Failure Syndrome 2	C114768: Loeys-Dietz Syndrome Type 2	C75009: Waardenburg Syndrome Type 2	C126328: Usher Syndrome Type 2	C129728: Autoimmune Polyglandular Syndrome Type 2	C137957: Long QT Syndrome 2	C150368: Hermansky-Pudlak Syndrome 2	C74985: Stickler Syndrome Type 2	C74995: Holoprosencephaly Type 2	C123329: Multiple Endocrine Neoplasia Type 2	C39576: Type 2 Autoimmune Lymphoproliferative Syndrome	C153291: Rubinstein-Taybi Syndrome Type 2	C4690: Leukocyte Adhesion Deficiency Type 2	C6726: Lynch 2 Syndrome	C40464: Turcot Syndrome Type 2	C75331: Tuberous Sclerosis 2	C3274: Neurofibromatosis Type 2,,19,0,two
C129866: Dopamine Transporter Deficiency Syndrome	C130989: Immunoglobulin Superfamily Member 1 Deficiency Syndrome	C130202: Constitutional Mismatch Repair Deficiency Syndrome,C28193: Syndrome,3,1,deficiency,syndrome
C120408: Chromosome 16p11.2 Deletion Syndrome	C129021: Chromosome 2q37 Deletion Syndrome	C129875: Chromosome 16p12.1 Deletion Syndrome	C130982: 10p13-p14 Deletion Syndrome	C130986: Distal 18q Deletion Syndrome	C74983: 1p36 Deletion Syndrome	C75478: 22q Telomere Deletion Syndrome	C84521: Deletion 18p Syndrome	C84522: Deletion 18q Syndrome	C27141: Immunoglobulin Heavy Chain Deletion,,10,0,deletion
C122797: Nephrotic Syndrome of Childhood - Steroid Sensitive	C122798: Nephrotic Syndrome of Childhood - Steroid Resistant,C34845: Nephrotic Syndrome,2,1,nephrotic,syndrome,of,pediatric,steroid
"C75118: Trichorhinophalangeal Syndrome Type II	C125697: Ehlers-Danlos Syndrome, Type II	C98873: Type II Acrocephalopolysyndactyly	C75007: Marfan Syndrome Type II",,4,0,type,second
C101321: Neonatal Drug Withdrawal	C87101: Neonatal Abstinence Syndrome	C99255: Neonatal Opiate Withdrawal Syndrome,,3,0,newborn
"C95993: Di Guglielmo Syndrome	C125705: Fanconi Anemia, Complementation Group D1",,2,0,d1
C35046: Substance Withdrawal Syndrome,,1,0,withdraw
C84717: Fragile X Syndrome	C89802: Penta X Syndrome,C28193: Syndrome,2,1,x,syndrome
C120187: Contrasexual Sexual Development,,1,0,contrasexual
"C125708: Fanconi Anemia, Complementation Group G	C27024: Selective Immunoglobulin G Subclass Deficiency",,2,0,g
C3131: Immunodeficiency Syndrome	C123084: Nephrotic Syndrome - Human Immunodeficiency Virus Associated,,2,0,immunodeficiency
C116927: Acute Motor and Sensory Axonal Neuropathy	C116929: Acute Motor Axonal Neuropathy,,2,0,acute,motor
C129726: Autoimmune Polyglandular Syndrome	C84576: Autoimmune Polyendocrinopathy Syndrome	C37864: Autoimmune Lymphoproliferative Syndrome	C94694: Autoimmune Enteropathy,,4,0,autoimmune
C123231: Syndrome of Apparent Mineralocorticoid Excess	C7506: Myelodysplastic Syndrome with Excess Blasts,,2,0,excess
"C131009: Immune Dysregulation, Polyendocrinopathy, and Enteropathy X-Linked Syndrome	C94694: Autoimmune Enteropathy",,2,0,enteropathy
C132292: Presynaptic Congenital Myasthenic Syndrome 6	C150369: Hermansky-Pudlak Syndrome 6,C28193: Syndrome,2,1,syndrome,six
"C118631: Alpha Thalassemia X-Linked Mental Retardation Syndrome	C126747: Lubs X-Linked Mental Retardation Syndrome	C131009: Immune Dysregulation, Polyendocrinopathy, and Enteropathy X-Linked Syndrome	C75483: Juvenile X-Linked Retinoschisis	C61246: X-Linked Lymphoproliferative Syndrome	C75485: X-Linked Cornelia De Lange Syndrome	C3822: X-Linked Agammaglobulinemia	C4682: X-Linked Severe Combined Immunodeficiency	C154315: X-linked Chronic Granulomatous Disease",,9,0,link x
C125711: KSHV Inflammatory Cytokine Syndrome	C125712: Immune Reconstitution Inflammatory Syndrome Associated with Kaposi Sarcoma	C94832: Systemic Inflammatory Response Syndrome	C116926: Acute Inflammatory Demyelinating Polyradiculoneuropathy,,4,0,inflammatory
C153290: Rubinstein-Taybi Syndrome Type 1	C153291: Rubinstein-Taybi Syndrome Type 2,C75466: Rubinstein-Taybi Syndrome,2,1,rubinstein taybi,syndrome,type
C27564: Endocrine Syndrome	C6432: Multiple Endocrine Neoplasia,,2,0,endocrin
"C125696: Ehlers-Danlos Syndrome, Type I	C125697: Ehlers-Danlos Syndrome, Type II	C125698: Ehlers-Danlos Syndrome, Type III	C125699: Ehlers-Danlos Syndrome, Type IV	C125700: Ehlers-Danlos Syndrome, Type VI	C125701: Ehlers-Danlos Syndrome, Type VII	C141423: Ehlers-Danlos Syndrome, Type V",C34568: Ehlers-Danlos Syndrome,7,1,danlos ehlers,syndrome,type
C155954: Intestinal Polyposis Syndrome	C7754: Juvenile Polyposis Syndrome,C28193: Syndrome,2,1,polyposis,syndrome
C123229: Primary Fanconi Syndrome	C116985: Primary Sjogren Syndrome	C117297: Juvenile Primary Fibromyalgia Syndrome	C152105: Primary Immunodeficiency Syndrome,,4,0,primary
C131003: Single Central Incisor Syndrome	C27169: Central Sleep Apnea Syndrome	C98889: Congenital Central Hypoventilation,,3,0,center
C123228: Familial Atypical Hemolytic Uremic Syndrome	C27264: Familial Atypical Mole Melanoma Syndrome,,2,0,family,atypia
C101325: Heterotaxy Syndrome with Polysplenia	C101326: Heterotaxy Syndrome with Asplenia	C35214: Nephrotic Syndrome with Lesion of Proliferative Glomerulonephritis	C35215: Nephrotic Syndrome with Lesion of Membranous Glomerulonephritis	C35216: Nephrotic Syndrome with Lesion of Membranoproliferative Glomerulonephritis	C35533: Nephrotic Syndrome with Lesion of Focal Glomerulosclerosis	C35534: Nephrotic Syndrome with Lesion of Segmental Hyalinosis	C35535: Nephrotic Syndrome with Lesion of Endothelial Glomerulonephritis	C35536: Nephrotic Syndrome with Lesion of Hypocomplementemic Glomerulonephritis	C35537: Nephrotic Syndrome with Lesion of Persistent Glomerulonephritis	C35540: Nephrotic Syndrome with Lesion of Minimal Change Glomerulonephritis	C34453: Cauda Equina Syndrome with Neurogenic Bladder	C4036: Myelodysplastic Syndrome with Ring Sideroblasts	C97310: Myelodysplastic Syndrome with Gene Mutation	C82591: Myelodysplastic Syndrome with Single Lineage Dysplasia	C6867: Myelodysplastic Syndrome with Isolated del(5q)	C7506: Myelodysplastic Syndrome with Excess Blasts	C8574: Myelodysplastic Syndrome with Multilineage Dysplasia,C28193: Syndrome,18,1,syndrome,with
C99054: Sacral Agenesis	C61236: Congenital Pure Red Cell Aplasia,,2,0,agenesis
C4686: Opsoclonus Myoclonus Syndrome	C8966: Paraneoplastic Opsoclonus Ataxia,,2,0,opsoclonus
C116916: Progressive Hemifacial Atrophy	C84909: Multiple System Atrophy,,2,0,atrophy
C125712: Immune Reconstitution Inflammatory Syndrome Associated with Kaposi Sarcoma	C84889: Myoclonic Epilepsy Associated with Ragged-Red Fibers	C4065: Ectopic Hormone Secretion Syndrome Associated with Neoplasia,,3,0,associate,with
C98894: Hypoplastic Left Heart Syndrome	C99053: Hypoplastic Right Heart Syndrome,C28193: Syndrome,2,1,heart,syndrome
"C84783: Immunodeficiency With Hyper-IgM	C61238: Severe Combined Immunodeficiency with Absence of T and B Cells	C61239: Severe Combined Immunodeficiency with Absence of T, Normal B Cells",,3,0,immunodeficiency,with
C34413: Basilar Artery Syndrome	C35123: Vertebral Artery Syndrome	C85175: Superior Mesenteric Artery Syndrome,C28193: Syndrome,3,1,artery,syndrome
"C75118: Trichorhinophalangeal Syndrome Type II	C125697: Ehlers-Danlos Syndrome, Type II	C75007: Marfan Syndrome Type II",C28193: Syndrome,3,1,syndrome,type,second
"C131009: Immune Dysregulation, Polyendocrinopathy, and Enteropathy X-Linked Syndrome	C84576: Autoimmune Polyendocrinopathy Syndrome",,2,0,polyendocrinopathy
C75002: Split-Hand/Foot Malformation Type 5	C75045: Split-Hand/Foot Malformation Type 1	C75121: Split-Hand/Foot Malformation Type 3,,3,0,foot hand split,malformation,type
C4036: Myelodysplastic Syndrome with Ring Sideroblasts	C97310: Myelodysplastic Syndrome with Gene Mutation	C82591: Myelodysplastic Syndrome with Single Lineage Dysplasia	C6867: Myelodysplastic Syndrome with Isolated del(5q)	C7506: Myelodysplastic Syndrome with Excess Blasts	C8574: Myelodysplastic Syndrome with Multilineage Dysplasia,C3247: Myelodysplastic Syndrome,6,1,myelodysplastic,syndrome,with
C124842: Waardenburg Syndrome Type 4	C74997: Joubert Syndrome Type 4	C75475: Holoprosencephaly Type 4	C157449: Multiple Endocrine Neoplasia Type 4,,4,0,type,four
C120187: Contrasexual Sexual Development,,1,0,maturation
C85073: Selective Antibody Deficiency with Normal Immunoglobulins	C123729: Natural Killer Cell and Glucocorticoid Deficiency with DNA Repair Defect,,2,0,deficiency,with
C4065: Ectopic Hormone Secretion Syndrome Associated with Neoplasia,,1,0,hormone,secretion
C130995: Low T3 Syndrome	C160144: Low Anterior Resection Syndrome,,2,0,low
C129867: Growth Hormone Insensitivity Syndrome	C8440: Ectopic Growth Hormone Secretion Syndrome,,2,0,growth,hormone
"C116917: Periodic Fever, Aphthous Stomatitis, Pharyngitis, Adenitis Syndrome	C118240: Periodic Fever Syndrome	C84657: Cryopyrin-Associated Periodic Syndrome	C119051: Tumor Necrosis Factor Receptor 1-Associated Periodic Syndrome",,4,0,periodic
C130989: Immunoglobulin Superfamily Member 1 Deficiency Syndrome	C85073: Selective Antibody Deficiency with Normal Immunoglobulins	C126873: Congenital Disorder of Glycosylation Type Ig	C27870: Selective Immunoglobulin Isotype Deficiency	C27141: Immunoglobulin Heavy Chain Deletion,,5,0,immunoglobulin
C130992: Kenny-Caffey Syndrome Type 1	C130993: Kenny-Caffey Syndrome Type 2,C130991: Kenny-Caffey Syndrome,2,1,caffey kenny,syndrome,type
"C61238: Severe Combined Immunodeficiency with Absence of T and B Cells	C61239: Severe Combined Immunodeficiency with Absence of T, Normal B Cells",C3472: Severe Combined Immunodeficiency,2,1,severe,combine,immunodeficiency,with,absence,of,t
C123018: Renal Cysts and Diabetes Syndrome	C123230: Renal Coloboma Syndrome	C51302: Hereditary Leiomyomatosis and Renal Cell Cancer,,3,0,renal
"C123729: Natural Killer Cell and Glucocorticoid Deficiency with DNA Repair Defect	C28516: Sickle Cell Dactylitis	C157461: Glucagon Cell Hyperplasia and Neoplasia	C51302: Hereditary Leiomyomatosis and Renal Cell Cancer	C61236: Congenital Pure Red Cell Aplasia	C2892: Nevoid Basal Cell Carcinoma Syndrome	C61238: Severe Combined Immunodeficiency with Absence of T and B Cells	C61239: Severe Combined Immunodeficiency with Absence of T, Normal B Cells",,8,0,cell
C148259: Joubert Syndrome Type 3	C159653: Joubert Syndrome Type 7	C74997: Joubert Syndrome Type 4,C74996: Joubert Syndrome,3,1,joubert,syndrome,type
C84683: Ectodermal Dysplasia	C75020: Cleidocranial Dysplasia	C85063: Septo-Optic Dysplasia	C122654: Short-Rib Thoracic Dysplasia 6 with or without Polydactyly	C82591: Myelodysplastic Syndrome with Single Lineage Dysplasia	C8574: Myelodysplastic Syndrome with Multilineage Dysplasia	C7584: Dysplastic Nevus Syndrome	C130037: Myelodysplastic Syndrome with Ring Sideroblasts and Single Lineage Dysplasia	C27726: Myelodysplastic Syndrome with Ring Sideroblasts and Multilineage Dysplasia,,9,0,dysplasia
C37864: Autoimmune Lymphoproliferative Syndrome	C61246: X-Linked Lymphoproliferative Syndrome,C28193: Syndrome,2,1,lymphoproliferative,syndrome
"C125390: Episodic Pain Syndrome, Familial, 3	C126329: Usher Syndrome Type 3	C137959: Long QT Syndrome 3	C148259: Joubert Syndrome Type 3	C75121: Split-Hand/Foot Malformation Type 3	C39577: Type 3 Autoimmune Lymphoproliferative Syndrome	C154615: Leukocyte Adhesion Deficiency Type 3",,7,0,thre
C120408: Chromosome 16p11.2 Deletion Syndrome	C120409: Maternal Uniparental Disomy Chromosome 14 Syndrome	C126692: Chromosome 15q11-q13 Duplication Syndrome	C129021: Chromosome 2q37 Deletion Syndrome	C129875: Chromosome 16p12.1 Deletion Syndrome,,5,0,chromosome
C120083: Hereditary Nonpolyposis Colorectal Cancer,,1,0,colorectal,cancer
C34868: Organic Brain Syndrome	C8967: Brain Iron Accumulation Type I Syndrome,,2,0,brain
C84530: Acquired Hyperostosis Syndrome	C78296: Acquired Fanconi Syndrome	C78299: Acquired Feminization	C2851: Acquired Immunodeficiency Syndrome,,4,0,acquisition
C34868: Organic Brain Syndrome,,1,0,organic
C84869: Malignant Hyperthermia Syndrome	C94829: Neuroleptic Malignant Syndrome,,2,0,malignant
"C125702: Fanconi Anemia, Complementation Group A	C125703: Fanconi Anemia, Complementation Group B	C125704: Fanconi Anemia, Complementation Group C	C125705: Fanconi Anemia, Complementation Group D1	C125706: Fanconi Anemia, Complementation Group D2	C125707: Fanconi Anemia, Complementation Group F	C125708: Fanconi Anemia, Complementation Group G	C125709: Fanconi Anemia, Complementation Group E	C129026: Fanconi Anemia, Complementation Group I	C129027: Fanconi Anemia, Complementation Group J",C62505: Fanconi Anemia,10,1,fanconi,anemia,complementation,group
C94833: Carney Triad	C4705: Carney Complex,,2,0,carney
C101038: Lethal Multiple Pterygium Syndrome	C118786: Popliteal Pterygium Syndrome,C28193: Syndrome,2,1,pterygium,syndrome
C130990: Insulin Receptor Mutation - Associated Insulin Resistance Syndromes	C97310: Myelodysplastic Syndrome with Gene Mutation,,2,0,mutation
C35561: Rare Neoplastic Syndrome	C128110: Nephrotic Syndrome - Infrequently Relapsing,,2,0,infrequent
C112202: Red Man Syndrome	C61236: Congenital Pure Red Cell Aplasia,,2,0,red
C119056: Deficiency of the Interleukin-1 Receptor Antagonist	C119057: Deficiency of the Interleukin-36 Receptor Antagonist	C4799: Deficiency of Humoral Immunity,,3,0,deficiency,of
C40464: Turcot Syndrome Type 2	C40463: Turcot Syndrome Type 1,C3938: Turcot Syndrome,2,1,turcot,syndrome,type
C126868: Congenital Disorder of Glycosylation Type Ia	C126869: Congenital Disorder of Glycosylation Type Ic	C126870: Congenital Disorder of Glycosylation Type Id	C126871: Congenital Disorder of Glycosylation Type Ie	C126872: Congenital Disorder of Glycosylation Type If	C126873: Congenital Disorder of Glycosylation Type Ig	C126874: Congenital Disorder of Glycosylation Type Ij,,7,0,congenital,disorder,of,glycosylation,type
"C123228: Familial Atypical Hemolytic Uremic Syndrome	C125390: Episodic Pain Syndrome, Familial, 3	C126650: Infantile Convulsions and Paroxysmal Choreoathetosis, Familial	C74998: Familial Juvenile Nephronophthisis	C84453: Progressive Familial Intrahepatic Cholestasis	C48300: Familial Paraganglioma-Pheochromocytoma Syndrome	C119053: Familial Cold Autoinflammatory Syndrome	C3339: Familial Adenomatous Polyposis	C6729: Attenuated Familial Adenomatous Polyposis	C27264: Familial Atypical Mole Melanoma Syndrome	C94830: Familial Isolated Hyperparathyroidism	C61276: Familial Hemophagocytic Lymphohistiocytosis	C120084: Familial Colorectal Cancer Type X",,13,0,family
"C121572: Complex Regional Pain Syndrome II	C75118: Trichorhinophalangeal Syndrome Type II	C99081: Arakawa Syndrome II	C116986: Secondary Sjogren Syndrome	C125697: Ehlers-Danlos Syndrome, Type II	C98873: Type II Acrocephalopolysyndactyly	C75007: Marfan Syndrome Type II	C27280: Secondary Myelodysplastic Syndrome	C121184: Secondary Hemophagocytic Lymphohistiocytosis",,9,0,second
C159653: Joubert Syndrome Type 7	C157266: Left Ventricular Noncompaction 7,,2,0,seven
C84657: Cryopyrin-Associated Periodic Syndrome	C119051: Tumor Necrosis Factor Receptor 1-Associated Periodic Syndrome,C28193: Syndrome,2,1,periodic,syndrome
C133743: Cortical Dysplasia-Focal Epilepsy Syndrome	C84889: Myoclonic Epilepsy Associated with Ragged-Red Fibers,,2,0,epilepsy
C74995: Holoprosencephaly Type 2	C75475: Holoprosencephaly Type 4	C75460: Holoprosencephaly Type 5	C75476: Holoprosencephaly Type 1,C74988: Holoprosencephaly,4,1,holoprosencephaly,type
C126327: Usher Syndrome Type 1	C126328: Usher Syndrome Type 2	C126329: Usher Syndrome Type 3,C85217: Usher Syndrome,3,1,usher,syndrome,type
C155954: Intestinal Polyposis Syndrome	C162484: Polymerase Proofreading Associated Polyposis	C3339: Familial Adenomatous Polyposis	C6729: Attenuated Familial Adenomatous Polyposis	C7754: Juvenile Polyposis Syndrome	C96520: MUTYH-Associated Polyposis,,6,0,polyposis
C116380: Chronic Infantile Neurological Cutaneous and Articular Syndrome	C3037: Chronic Fatigue Syndrome	C26788: Chronic Granulomatous Disease,,3,0,chronic
